ID,Taxon Name,Genus,Family
5,Abelmoschus manihot,Abelmoschus,Malvaceae
8,Abelmoschus moschatus,Abelmoschus,Malvaceae
14,Abrodictyum kalimantanense,Abrodictyum,Hymenophyllaceae
16,Abroma augustum,Abroma,Malvaceae
20,Abrus melanospermus,Abrus,Fabaceae
27,Abutilon indicum,Abutilon,Malvaceae
40,Acacia oraria,Acacia,Fabaceae
50,Acalypha amentacea,Acalypha,Euphorbiaceae
57,Acalypha cardiophylla,Acalypha,Euphorbiaceae
58,Acalypha caturus,Acalypha,Euphorbiaceae
83,Acanthophippium javanicum,Acanthophippium,Orchidaceae
84,Acanthophippium lilacinum,Acanthophippium,Orchidaceae
88,Acanthus ebracteatus,Acanthus,Acanthaceae
90,Acanthus ilicifolius,Acanthus,Acanthaceae
95,Acer laurinum,Acer,Sapindaceae
118,Achyranthes bidentata,Achyranthes,Amaranthaceae
131,Acmella paniculata,Acmella,Asteraceae
132,Acorus calamus,Acorus,Acoraceae
135,Acranthera abbreviata,Acranthera,Rubiaceae
137,Acranthera axilliflora,Acranthera,Rubiaceae
138,Acranthera bullata,Acranthera,Rubiaceae
139,Acranthera capitata,Acranthera,Rubiaceae
140,Acranthera endertii,Acranthera,Rubiaceae
141,Acranthera frutescens,Acranthera,Rubiaceae
142,Acranthera hallieri,Acranthera,Rubiaceae
143,Acranthera hirtostipula,Acranthera,Rubiaceae
144,Acranthera involucrata,Acranthera,Rubiaceae
145,Acranthera johannis-winkleri,Acranthera,Rubiaceae
146,Acranthera lanceolata,Acranthera,Rubiaceae
148,Acranthera longipetiolata,Acranthera,Rubiaceae
149,Acranthera maculata,Acranthera,Rubiaceae
150,Acranthera megaphylla,Acranthera,Rubiaceae
151,Acranthera nieuwenhuisii,Acranthera,Rubiaceae
152,Acranthera parviflora,Acranthera,Rubiaceae
153,Acranthera ruttenii,Acranthera,Rubiaceae
154,Acranthera salmonea,Acranthera,Rubiaceae
155,Acranthera siliquosa,Acranthera,Rubiaceae
157,Acranthera strigosa,Acranthera,Rubiaceae
158,Acranthera variegata,Acranthera,Rubiaceae
160,Acriopsis densiflora,Acriopsis,Orchidaceae
161,Acriopsis densiflora var. borneensis,Acriopsis,Orchidaceae
162,Acriopsis indica,Acriopsis,Orchidaceae
163,Acriopsis liliifolia,Acriopsis,Orchidaceae
164,Acriopsis liliifolia var. auriculata,Acriopsis,Orchidaceae
165,Acriopsis ridleyi,Acriopsis,Orchidaceae
167,Acroceras munroanum,Acroceras,Poaceae
168,Acroceras tonkinense,Acroceras,Poaceae
178,Acronychia pedunculata,Acronychia,Rutaceae
187,Acrosorus friderici-et-pauli,Acrosorus,Polypodiaceae
188,Acrosorus streptophyllus,Acrosorus,Polypodiaceae
189,Acrostichum aureum,Acrostichum,Pteridaceae
190,Acrostichum speciosum,Acrostichum,Pteridaceae
194,Actephila excelsa,Actephila,Phyllanthaceae
203,Actinidia latifolia,Actinidia,Actinidiaceae
204,Actinodaphne angustifolia,Actinodaphne,Lauraceae
206,Actinodaphne borneensis,Actinodaphne,Lauraceae
210,Actinodaphne diversifolia,Actinodaphne,Lauraceae
213,Actinodaphne fuliginosa,Actinodaphne,Lauraceae
214,Actinodaphne furfuracea,Actinodaphne,Lauraceae
215,Actinodaphne glabra,Actinodaphne,Lauraceae
216,Actinodaphne glomerata,Actinodaphne,Lauraceae
218,Actinodaphne hirsuta,Actinodaphne,Lauraceae
221,Actinodaphne kinabaluensis,Actinodaphne,Lauraceae
225,Actinodaphne macrophylla,Actinodaphne,Lauraceae
227,Actinodaphne malaccensis,Actinodaphne,Lauraceae
232,Actinodaphne myriantha,Actinodaphne,Lauraceae
236,Actinodaphne oleifolia,Actinodaphne,Lauraceae
237,Actinodaphne pauciflora,Actinodaphne,Lauraceae
238,Actinodaphne percoriacea,Actinodaphne,Lauraceae
239,Actinodaphne procera,Actinodaphne,Lauraceae
240,Actinodaphne pruinosa,Actinodaphne,Lauraceae
244,Actinodaphne ridleyi,Actinodaphne,Lauraceae
245,Actinodaphne robusta,Actinodaphne,Lauraceae
246,Actinodaphne rufescens,Actinodaphne,Lauraceae
249,Actinodaphne semengohensis,Actinodaphne,Lauraceae
251,Actinodaphne soepadmoi,Actinodaphne,Lauraceae
252,Actinodaphne spathulifolia,Actinodaphne,Lauraceae
253,Actinodaphne sulcata,Actinodaphne,Lauraceae
254,Actinodaphne superba,Actinodaphne,Lauraceae
256,Actinodaphne venosa,Actinodaphne,Lauraceae
258,Actinoschoenus aphyllus,Actinoschoenus,Cyperaceae
259,Actinoscirpus grossus,Actinoscirpus,Cyperaceae
260,Actinostachys digitata,Actinostachys,Schizaeaceae
261,Actinostachys inopinata,Actinostachys,Schizaeaceae
264,Actinostachys wagneri,Actinostachys,Schizaeaceae
267,Adenanthera borneensis,Adenanthera,Fabaceae
269,Adenanthera intermedia,Adenanthera,Fabaceae
270,Adenanthera kostermansii,Adenanthera,Fabaceae
271,Adenanthera malayana,Adenanthera,Fabaceae
272,Adenanthera malayana subsp. andersonii,Adenanthera,Fabaceae
273,Adenanthera microsperma,Adenanthera,Fabaceae
274,Adenanthera novoguineensis,Adenanthera,Fabaceae
276,Adenia cordifolia,Adenia,Passifloraceae
277,Adenia heterophylla,Adenia,Passifloraceae
282,Adenia macrophylla,Adenia,Passifloraceae
284,Adenia macrophylla var. smilacina,Adenia,Passifloraceae
294,Adenoncos parviflora,Adenoncos,Orchidaceae
296,Adenoncos saccata,Adenoncos,Orchidaceae
298,Adenoncos sumatrana,Adenoncos,Orchidaceae
303,Adenoncos virens,Adenoncos,Orchidaceae
305,Adenosma glutinosa,Adenosma,Plantaginaceae
307,Adenosma indiana,Adenosma,Plantaginaceae
309,Adenosma nelsonioides,Adenosma,Plantaginaceae
314,Adenostemma lavenia,Adenostemma,Asteraceae
324,Adiantum caudatum,Adiantum,Pteridaceae
325,Adiantum celebicum,Adiantum,Pteridaceae
327,Adiantum cinnamomeum,Adiantum,Pteridaceae
329,Adiantum diaphanum,Adiantum,Pteridaceae
332,Adiantum hispidulum,Adiantum,Pteridaceae
334,Adiantum hosei,Adiantum,Pteridaceae
336,Adiantum lunulatum,Adiantum,Pteridaceae
337,Adiantum malesianum,Adiantum,Pteridaceae
339,Adiantum monosorum,Adiantum,Pteridaceae
342,Adiantum philippense,Adiantum,Pteridaceae
346,Adiantum pulcherrimum,Adiantum,Pteridaceae
348,Adiantum serratifolium,Adiantum,Pteridaceae
352,Adiantum zollingeri,Adiantum,Pteridaceae
354,Adina eurhyncha,Adina,Rubiaceae
357,Adina trichotoma,Adina,Rubiaceae
358,Adinandra acuminata,Adinandra,Pentaphylacaceae
359,Adinandra acuta,Adinandra,Pentaphylacaceae
360,Adinandra anisobasis,Adinandra,Pentaphylacaceae
361,Adinandra borneensis,Adinandra,Pentaphylacaceae
365,Adinandra clemensiae,Adinandra,Pentaphylacaceae
366,Adinandra collina,Adinandra,Pentaphylacaceae
367,Adinandra colombonensis,Adinandra,Pentaphylacaceae
368,Adinandra cordifolia,Adinandra,Pentaphylacaceae
371,Adinandra dumosa,Adinandra,Pentaphylacaceae
372,Adinandra endertii,Adinandra,Pentaphylacaceae
373,Adinandra excelsa,Adinandra,Pentaphylacaceae
379,Adinandra kostermansii,Adinandra,Pentaphylacaceae
382,Adinandra maculosa,Adinandra,Pentaphylacaceae
383,Adinandra magniflora,Adinandra,Pentaphylacaceae
385,Adinandra meratusensis,Adinandra,Pentaphylacaceae
386,Adinandra myrioneura,Adinandra,Pentaphylacaceae
387,Adinandra obtusata,Adinandra,Pentaphylacaceae
390,Adinandra rubiginosa,Adinandra,Pentaphylacaceae
391,Adinandra sarosanthera,Adinandra,Pentaphylacaceae
394,Adinandra subsessilis,Adinandra,Pentaphylacaceae
398,Adinobotrys vastus,Adinobotrys,Fabaceae
400,Aegiceras corniculatum,Aegiceras,Primulaceae
403,Aeginetia indica,Aeginetia,Orobanchaceae
412,Aerides odorata,Aerides,Orchidaceae
413,Aerides ringens,Aerides,Orchidaceae
424,Aeridostachya robusta,Aeridostachya,Orchidaceae
431,Aeschynanthus albidus,Aeschynanthus,Gesneriaceae
434,Aeschynanthus angustifolius,Aeschynanthus,Gesneriaceae
446,Aeschynanthus curtisii,Aeschynanthus,Gesneriaceae
447,Aeschynanthus dasycalyx,Aeschynanthus,Gesneriaceae
451,Aeschynanthus elongatus,Aeschynanthus,Gesneriaceae
465,Aeschynanthus lepidospermus,Aeschynanthus,Gesneriaceae
471,Aeschynanthus magnificus,Aeschynanthus,Gesneriaceae
478,Aeschynanthus obconicus,Aeschynanthus,Gesneriaceae
483,Aeschynanthus praelongus,Aeschynanthus,Gesneriaceae
484,Aeschynanthus pulcher,Aeschynanthus,Gesneriaceae
486,Aeschynanthus radicans,Aeschynanthus,Gesneriaceae
490,Aeschynanthus siphonanthus,Aeschynanthus,Gesneriaceae
495,Aeschynanthus trichocalyx,Aeschynanthus,Gesneriaceae
496,Aeschynanthus tricolor,Aeschynanthus,Gesneriaceae
501,Aeschynanthus volubilis,Aeschynanthus,Gesneriaceae
502,Aeschynanthus wallichii,Aeschynanthus,Gesneriaceae
506,Aeschynomene indica,Aeschynomene,Fabaceae
508,Aeschynomene rudis,Aeschynomene,Fabaceae
512,Aetoxylon sympetalum,Aetoxylon,Thymelaeaceae
514,Afzelia rhomboidea,Afzelia,Fabaceae
515,Agalmyla affinis,Agalmyla,Gesneriaceae
529,Agalmyla diandra,Agalmyla,Gesneriaceae
541,Agalmyla johannis-winkleri,Agalmyla,Gesneriaceae
571,Aganope heptaphylla,Aganope,Fabaceae
572,Aganope thyrsiflora,Aganope,Fabaceae
583,Agathis orbicula,Agathis,Araucariaceae
585,Agelaea borneensis,Agelaea,Connaraceae
586,Agelaea macrophylla,Agelaea,Connaraceae
587,Agelaea trinervis,Agelaea,Connaraceae
589,Aglaia angustifolia,Aglaia,Meliaceae
590,Aglaia argentea,Aglaia,Meliaceae
592,Aglaia beccarii,Aglaia,Meliaceae
596,Aglaia coriacea,Aglaia,Meliaceae
597,Aglaia crassinervia,Aglaia,Meliaceae
599,Aglaia cucullata,Aglaia,Meliaceae
600,Aglaia cumingiana,Aglaia,Meliaceae
602,Aglaia edulis,Aglaia,Meliaceae
603,Aglaia elaeagnoidea,Aglaia,Meliaceae
604,Aglaia elliptica,Aglaia,Meliaceae
606,Aglaia erythrosperma,Aglaia,Meliaceae
608,Aglaia eximia,Aglaia,Meliaceae
609,Aglaia exstipulata,Aglaia,Meliaceae
610,Aglaia exstipulata subsp. brunneostellata,Aglaia,Meliaceae
613,Aglaia forbesii,Aglaia,Meliaceae
614,Aglaia foveolata,Aglaia,Meliaceae
615,Aglaia glabrata,Aglaia,Meliaceae
616,Aglaia grandis,Aglaia,Meliaceae
617,Aglaia hiernii,Aglaia,Meliaceae
620,Aglaia korthalsii,Aglaia,Meliaceae
622,Aglaia lawii,Aglaia,Meliaceae
623,Aglaia lawii subsp. oligocarpa,Aglaia,Meliaceae
624,Aglaia lawii subsp. submonophylla,Aglaia,Meliaceae
625,Aglaia laxiflora,Aglaia,Meliaceae
628,Aglaia leptantha,Aglaia,Meliaceae
630,Aglaia leucophylla,Aglaia,Meliaceae
631,Aglaia luzoniensis,Aglaia,Meliaceae
632,Aglaia mabberleyi,Aglaia,Meliaceae
634,Aglaia macrocarpa,Aglaia,Meliaceae
636,Aglaia malaccensis,Aglaia,Meliaceae
639,Aglaia monozyga,Aglaia,Meliaceae
640,Aglaia multinervis,Aglaia,Meliaceae
641,Aglaia nyaruensis,Aglaia,Meliaceae
642,Aglaia odorata,Aglaia,Meliaceae
643,Aglaia odoratissima,Aglaia,Meliaceae
644,Aglaia oligophylla,Aglaia,Meliaceae
645,Aglaia pachyphylla,Aglaia,Meliaceae
646,Aglaia palembanica,Aglaia,Meliaceae
650,Aglaia ramotricha,Aglaia,Meliaceae
651,Aglaia rimosa,Aglaia,Meliaceae
652,Aglaia rivularis,Aglaia,Meliaceae
653,Aglaia rubiginosa,Aglaia,Meliaceae
655,Aglaia rufinervis,Aglaia,Meliaceae
656,Aglaia rugulosa,Aglaia,Meliaceae
660,Aglaia scortechinii,Aglaia,Meliaceae
661,Aglaia sexipetala,Aglaia,Meliaceae
662,Aglaia silvestris,Aglaia,Meliaceae
663,Aglaia simplicifolia,Aglaia,Meliaceae
666,Aglaia speciosa,Aglaia,Meliaceae
667,Aglaia spectabilis,Aglaia,Meliaceae
668,Aglaia squamulosa,Aglaia,Meliaceae
672,Aglaia subsessilis,Aglaia,Meliaceae
674,Aglaia teysmanniana,Aglaia,Meliaceae
675,Aglaia tomentosa,Aglaia,Meliaceae
676,Aglaia tomentosa subsp. cordata,Aglaia,Meliaceae
678,Aglaia variisquama,Aglaia,Meliaceae
680,Aglaodorum griffithii,Aglaodorum,Araceae
684,Aglaonema marantifolium,Aglaonema,Araceae
685,Aglaonema nebulosum,Aglaonema,Araceae
686,Aglaonema nitidum,Aglaonema,Araceae
690,Aglaonema simplex,Aglaonema,Araceae
692,Aglossorrhyncha biflora,Aglossorrhyncha,Orchidaceae
709,Agrostistachys borneensis,Agrostistachys,Euphorbiaceae
711,Agrostistachys indica,Agrostistachys,Euphorbiaceae
712,Agrostistachys sessilifolia,Agrostistachys,Euphorbiaceae
727,Agrostophyllum carrianum,Agrostophyllum,Orchidaceae
730,Agrostophyllum cyathiforme,Agrostophyllum,Orchidaceae
737,Agrostophyllum earinoides,Agrostophyllum,Orchidaceae
738,Agrostophyllum elongatum,Agrostophyllum,Orchidaceae
741,Agrostophyllum globigerum,Agrostophyllum,Orchidaceae
742,Agrostophyllum glumaceum,Agrostophyllum,Orchidaceae
746,Agrostophyllum javanicum,Agrostophyllum,Orchidaceae
749,Agrostophyllum laterale,Agrostophyllum,Orchidaceae
751,Agrostophyllum laxum,Agrostophyllum,Orchidaceae
753,Agrostophyllum longifolium,Agrostophyllum,Orchidaceae
756,Agrostophyllum majus,Agrostophyllum,Orchidaceae
769,Agrostophyllum saccatum,Agrostophyllum,Orchidaceae
773,Agrostophyllum stipulatum,Agrostophyllum,Orchidaceae
774,Agrostophyllum stipulatum subsp. bicuspidatum,Agrostophyllum,Orchidaceae
776,Agrostophyllum sumatranum,Agrostophyllum,Orchidaceae
778,Agrostophyllum trifidum,Agrostophyllum,Orchidaceae
782,Aidia acuminata,Aidia,Rubiaceae
784,Aidia auriculata,Aidia,Rubiaceae
786,Aidia beccariana,Aidia,Rubiaceae
787,Aidia borneensis,Aidia,Rubiaceae
789,Aidia cochinchinensis,Aidia,Rubiaceae
790,Aidia corymbosa,Aidia,Rubiaceae
791,Aidia densiflora,Aidia,Rubiaceae
793,Aidia endertii,Aidia,Rubiaceae
794,Aidia foveata,Aidia,Rubiaceae
797,Aidia halleri,Aidia,Rubiaceae
799,Aidia impressinervis,Aidia,Rubiaceae
800,Aidia jambosoides,Aidia,Rubiaceae
801,Aidia lancifolia,Aidia,Rubiaceae
802,Aidia magnifolia,Aidia,Rubiaceae
804,Aidia paiei,Aidia,Rubiaceae
808,Aidia tomentosa,Aidia,Rubiaceae
815,Ailanthus integrifolia,Ailanthus,Simaroubaceae
817,Ailanthus triphysa,Ailanthus,Simaroubaceae
822,Airyantha borneensis,Airyantha,Fabaceae
828,Alangium borneense,Alangium,Cornaceae
830,Alangium denudatum,Alangium,Cornaceae
831,Alangium ebenaceum,Alangium,Cornaceae
833,Alangium frutescens,Alangium,Cornaceae
834,Alangium havilandii,Alangium,Cornaceae
837,Alangium javanicum,Alangium,Cornaceae
838,Alangium kayuniga,Alangium,Cornaceae
840,Alangium longiflorum,Alangium,Cornaceae
842,Alangium longiflorum var. hirsutum,Alangium,Cornaceae
845,Alangium meyeri,Alangium,Cornaceae
846,Alangium meyeri var. macilentum,Alangium,Cornaceae
847,Alangium mezianum,Alangium,Cornaceae
849,Alangium nobile,Alangium,Cornaceae
850,Alangium oblongum,Alangium,Cornaceae
851,Alangium pallens,Alangium,Cornaceae
855,Alangium ridleyi,Alangium,Cornaceae
858,Alangium scandens,Alangium,Cornaceae
859,Alangium uniloculare,Alangium,Cornaceae
877,Albertisia papuana,Albertisia,Menispermaceae
881,Albizia chinensis,Albizia,Fabaceae
882,Albizia corniculata,Albizia,Fabaceae
883,Albizia crassiramea,Albizia,Fabaceae
885,Albizia kalkora,Albizia,Fabaceae
886,Albizia kostermansii,Albizia,Fabaceae
892,Albizia pedicellata,Albizia,Fabaceae
894,Albizia procera,Albizia,Fabaceae
895,Albizia retusa,Albizia,Fabaceae
896,Albizia rosulata,Albizia,Fabaceae
897,Albizia rosulata subsp. landakensis,Albizia,Fabaceae
901,Albizia splendens,Albizia,Fabaceae
908,Alchornea parviflora,Alchornea,Euphorbiaceae
924,Aleisanthiopsis distantiflora,Aleisanthiopsis,Rubiaceae
925,Aleisanthiopsis multiflora,Aleisanthiopsis,Rubiaceae
927,Aleurites moluccanus,Aleurites,Euphorbiaceae
930,Allantospermum borneense,Allantospermum,Irvingiaceae
935,Allium schoenoprasum,Allium,Amaryllidaceae
941,Allophylus cobbe,Allophylus,Sapindaceae
945,Allophylus javensis,Allophylus,Sapindaceae
948,Allophylus obliquus,Allophylus,Sapindaceae
949,Allophylus scandens,Allophylus,Sapindaceae
952,Allophylus triphyllus,Allophylus,Sapindaceae
965,Alocasia baginda,Alocasia,Araceae
967,Alocasia beccarii,Alocasia,Araceae
976,Alocasia indica,Alocasia,Araceae
981,Alocasia longiloba,Alocasia,Araceae
987,Alocasia peltata,Alocasia,Araceae
989,Alocasia princeps,Alocasia,Araceae
990,Alocasia principiculus,Alocasia,Araceae
993,Alocasia reginae,Alocasia,Araceae
994,Alocasia reginula,Alocasia,Araceae
996,Alocasia robusta,Alocasia,Araceae
997,Alocasia sarawakensis,Alocasia,Araceae
998,Alocasia scabriuscula,Alocasia,Araceae
1003,Alphitonia excelsa,Alphitonia,Rhamnaceae
1005,Alphitonia incana,Alphitonia,Rhamnaceae
1008,Alphonsea borneensis,Alphonsea,Annonaceae
1009,Alphonsea cylindrica,Alphonsea,Annonaceae
1010,Alphonsea elliptica,Alphonsea,Annonaceae
1011,Alphonsea havilandii,Alphonsea,Annonaceae
1012,Alphonsea javanica,Alphonsea,Annonaceae
1013,Alphonsea johorensis,Alphonsea,Annonaceae
1014,Alphonsea kinabaluensis,Alphonsea,Annonaceae
1020,Alpinia aquatica,Alpinia,Zingiberaceae
1025,Alpinia beamanii,Alpinia,Zingiberaceae
1030,Alpinia capitellata,Alpinia,Zingiberaceae
1036,Alpinia conchigera,Alpinia,Zingiberaceae
1049,Alpinia galanga,Alpinia,Zingiberaceae
1051,Alpinia glabra,Alpinia,Zingiberaceae
1055,Alpinia hansenii,Alpinia,Zingiberaceae
1056,Alpinia havilandii,Alpinia,Zingiberaceae
1061,Alpinia javanica,Alpinia,Zingiberaceae
1066,Alpinia ligulata,Alpinia,Zingiberaceae
1073,Alpinia microlophon,Alpinia,Zingiberaceae
1077,Alpinia mutica,Alpinia,Zingiberaceae
1079,Alpinia nieuwenhuizii,Alpinia,Zingiberaceae
1095,Alpinia rafflesiana,Alpinia,Zingiberaceae
1098,Alpinia romburghiana,Alpinia,Zingiberaceae
1116,Alseodaphne albifrons,Alseodaphne,Lauraceae
1118,Alseodaphne bancana,Alseodaphne,Lauraceae
1119,Alseodaphne borneensis,Alseodaphne,Lauraceae
1120,Alseodaphne elmeri,Alseodaphne,Lauraceae
1121,Alseodaphne elongata,Alseodaphne,Lauraceae
1122,Alseodaphne glauciflora,Alseodaphne,Lauraceae
1123,Alseodaphne insignis,Alseodaphne,Lauraceae
1125,Alseodaphne montana,Alseodaphne,Lauraceae
1126,Alseodaphne nigrescens,Alseodaphne,Lauraceae
1127,Alseodaphne oblanceolata,Alseodaphne,Lauraceae
1128,Alseodaphne obovata,Alseodaphne,Lauraceae
1130,Alseodaphne panduriformis,Alseodaphne,Lauraceae
1131,Alseodaphne peduncularis,Alseodaphne,Lauraceae
1132,Alseodaphne perakensis,Alseodaphne,Lauraceae
1134,Alseodaphne rubrolignea,Alseodaphne,Lauraceae
1135,Alseodaphne sulcata,Alseodaphne,Lauraceae
1136,Alseodaphne tomentosa,Alseodaphne,Lauraceae
1137,Alsomitra macrocarpa,Alsomitra,Cucurbitaceae
1142,Alsophila amboinensis,Alsophila,Cyatheaceae
1150,Alsophila borneensis,Alsophila,Cyatheaceae
1176,Alsophila incisoserrata,Alsophila,Cyatheaceae
1185,Alsophila latipinnula,Alsophila,Cyatheaceae
1191,Alsophila macropoda,Alsophila,Cyatheaceae
1209,Alsophila orientalis,Alsophila,Cyatheaceae
1223,Alsophila roroka,Alsophila,Cyatheaceae
1226,Alsophila saccata,Alsophila,Cyatheaceae
1234,Alstonia actinophylla,Alstonia,Apocynaceae
1235,Alstonia angustifolia,Alstonia,Apocynaceae
1240,Alstonia macrophylla,Alstonia,Apocynaceae
1243,Alstonia pneumatophora,Alstonia,Apocynaceae
1245,Alstonia scholaris,Alstonia,Apocynaceae
1246,Alstonia spatulata,Alstonia,Apocynaceae
1247,Alstonia spectabilis,Alstonia,Apocynaceae
1254,Alternanthera sessilis,Alternanthera,Amaranthaceae
1258,Alysicarpus rugosus,Alysicarpus,Fabaceae
1259,Alysicarpus vaginalis,Alysicarpus,Fabaceae
1261,Alyxia angustifolia,Alyxia,Apocynaceae
1269,Alyxia ganophylla,Alyxia,Apocynaceae
1283,Alyxia oleifolia,Alyxia,Apocynaceae
1284,Alyxia palawanensis,Alyxia,Apocynaceae
1286,Alyxia pilosa,Alyxia,Apocynaceae
1291,Alyxia reinwardtii,Alyxia,Apocynaceae
1330,Amaracarpus pubescens,Amaracarpus,Rubiaceae
1343,Amaranthus spinosus,Amaranthus,Amaranthaceae
1346,Amaranthus viridis,Amaranthus,Amaranthaceae
1350,Amischotolype glabrata,Amischotolype,Commelinaceae
1351,Amischotolype gracilis,Amischotolype,Commelinaceae
1353,Amischotolype hirsuta,Amischotolype,Commelinaceae
1354,Amischotolype hispida,Amischotolype,Commelinaceae
1356,Amischotolype laxiflora,Amischotolype,Commelinaceae
1357,Amischotolype leiocarpa,Amischotolype,Commelinaceae
1358,Amischotolype lobata,Amischotolype,Commelinaceae
1359,Amischotolype marginata,Amischotolype,Commelinaceae
1360,Amischotolype mollissima,Amischotolype,Commelinaceae
1361,Amischotolype monosperma,Amischotolype,Commelinaceae
1362,Amischotolype pedicellata,Amischotolype,Commelinaceae
1366,Ammannia baccifera,Ammannia,Lythraceae
1377,Amomum diphyllum,Amomum,Zingiberaceae
1383,Amomum maximum,Amomum,Zingiberaceae
1400,Amorphophallus borneensis,Amorphophallus,Araceae
1401,Amorphophallus brachyphyllus,Amorphophallus,Araceae
1403,Amorphophallus costatus,Amorphophallus,Araceae
1410,Amorphophallus hewittii,Amorphophallus,Araceae
1413,Amorphophallus infundibuliformis,Amorphophallus,Araceae
1415,Amorphophallus lambii,Amorphophallus,Araceae
1416,Amorphophallus linguiformis,Amorphophallus,Araceae
1425,Amorphophallus prainii,Amorphophallus,Araceae
1430,Amorphophallus suwidjianus,Amorphophallus,Araceae
1431,Amorphophallus tinekeae,Amorphophallus,Araceae
1433,Amorphophallus variabilis,Amorphophallus,Araceae
1434,Amorphophallus venustus,Amorphophallus,Araceae
1437,Ampelocissus amentacea,Ampelocissus,Vitaceae
1438,Ampelocissus arachnoidea,Ampelocissus,Vitaceae
1442,Ampelocissus borneensis,Ampelocissus,Vitaceae
1444,Ampelocissus capillaris,Ampelocissus,Vitaceae
1446,Ampelocissus cinnamomea,Ampelocissus,Vitaceae
1447,Ampelocissus debilis,Ampelocissus,Vitaceae
1451,Ampelocissus gracilis,Ampelocissus,Vitaceae
1452,Ampelocissus imperialis,Ampelocissus,Vitaceae
1455,Ampelocissus leptotricha,Ampelocissus,Vitaceae
1456,Ampelocissus lowii,Ampelocissus,Vitaceae
1458,Ampelocissus mottleyi,Ampelocissus,Vitaceae
1460,Ampelocissus ochracea,Ampelocissus,Vitaceae
1461,Ampelocissus pedicellata,Ampelocissus,Vitaceae
1463,Ampelocissus polythyrsa,Ampelocissus,Vitaceae
1464,Ampelocissus pterisanthella,Ampelocissus,Vitaceae
1466,Ampelocissus rubiginosa,Ampelocissus,Vitaceae
1467,Ampelocissus tenuis,Ampelocissus,Vitaceae
1468,Ampelocissus thyrsiflora,Ampelocissus,Vitaceae
1470,Ampelocissus winkleri,Ampelocissus,Vitaceae
1472,Ampelopteris prolifera,Ampelopteris,Thelypteridaceae
1475,Amydrium medium,Amydrium,Araceae
1481,Amyema beccarii,Amyema,Loranthaceae
1489,Amyema fasciculata,Amyema,Loranthaceae
1512,Amyema triantha,Amyema,Loranthaceae
1520,Amylotheca duthieana,Amylotheca,Loranthaceae
1521,Amyxa pluricornis,Amyxa,Thymelaeaceae
1523,Anacolosa frutescens,Anacolosa,Aptandraceae
1530,Anadendrum marginatum,Anadendrum,Araceae
1531,Anadendrum microstachyum,Anadendrum,Araceae
1532,Anadendrum montanum,Anadendrum,Araceae
1556,Anaxagorea borneensis,Anaxagorea,Annonaceae
1557,Anaxagorea javanica,Anaxagorea,Annonaceae
1558,Anaxagorea javanica var. tripetala,Anaxagorea,Annonaceae
1559,Anaxagorea luzonensis,Anaxagorea,Annonaceae
1563,Ancistrocladus tectorius,Ancistrocladus,Ancistrocladaceae
1568,Androtium astylum,Androtium,Anacardiaceae
1576,Anerincleistus echinatus,Anerincleistus,Melastomataceae
1577,Anerincleistus hirsutus,Anerincleistus,Melastomataceae
1578,Anerincleistus hispidissimus,Anerincleistus,Melastomataceae
1579,Anerincleistus macrophyllus,Anerincleistus,Melastomataceae
1580,Anerincleistus phyllagathoides,Anerincleistus,Melastomataceae
1581,Anerincleistus quintuplinervis,Anerincleistus,Melastomataceae
1582,Anerincleistus setulosus,Anerincleistus,Melastomataceae
1583,Anerincleistus setulosus var. floccosus,Anerincleistus,Melastomataceae
1584,Anerincleistus setulosus var. suffruticosus,Anerincleistus,Melastomataceae
1587,Angelesia splendens,Angelesia,Chrysobalanaceae
1589,Angelonia goyazensis,Angelonia,Plantaginaceae
1590,Angiopteris arborescens,Angiopteris,Marattiaceae
1591,Angiopteris brooksii,Angiopteris,Marattiaceae
1592,Angiopteris crassipes,Angiopteris,Marattiaceae
1594,Angiopteris evecta,Angiopteris,Marattiaceae
1595,Angiopteris ferox,Angiopteris,Marattiaceae
1597,Angiopteris holttumii,Angiopteris,Marattiaceae
1598,Angiopteris javanica,Angiopteris,Marattiaceae
1599,Angiopteris pruinosa,Angiopteris,Marattiaceae
1600,Angiopteris smithii,Angiopteris,Marattiaceae
1601,Angiopteris tamdaoensis,Angiopteris,Marattiaceae
1606,Ania penangiana,Ania,Orchidaceae
1610,Anisomeles indica,Anisomeles,Lamiaceae
1615,Anisophyllea beccariana,Anisophyllea,Anisophylleaceae
1616,Anisophyllea borneensis,Anisophyllea,Anisophylleaceae
1617,Anisophyllea corneri,Anisophyllea,Anisophylleaceae
1619,Anisophyllea disticha,Anisophyllea,Anisophylleaceae
1620,Anisophyllea ferruginea,Anisophyllea,Anisophylleaceae
1621,Anisophyllea glandibeccariana,Anisophyllea,Anisophylleaceae
1622,Anisophyllea glandulipetiolata,Anisophyllea,Anisophylleaceae
1623,Anisophyllea grandis,Anisophyllea,Anisophylleaceae
1624,Anisophyllea ismailii,Anisophyllea,Anisophylleaceae
1625,Anisophyllea sarawakensis,Anisophyllea,Anisophylleaceae
1630,Anisoptera grossivenia,Anisoptera,Dipterocarpaceae
1631,Anisoptera laevis,Anisoptera,Dipterocarpaceae
1632,Anisoptera marginata,Anisoptera,Dipterocarpaceae
1634,Anisoptera reticulata,Anisoptera,Dipterocarpaceae
1642,Anodendron affine,Anodendron,Apocynaceae
1643,Anodendron axillare,Anodendron,Apocynaceae
1644,Anodendron candolleanum,Anodendron,Apocynaceae
1645,Anodendron coriaceum,Anodendron,Apocynaceae
1647,Anodendron oblongifolium,Anodendron,Apocynaceae
1661,Anoectochilus reinwardtii,Anoectochilus,Orchidaceae
1668,Anthelepis undulata,Anthelepis,Cyperaceae
1674,Anthoshorea agami,Anthoshorea,Dipterocarpaceae
1675,Anthoshorea assamica,Anthoshorea,Dipterocarpaceae
1676,Anthoshorea bentongensis,Anthoshorea,Dipterocarpaceae
1677,Anthoshorea bracteolata,Anthoshorea,Dipterocarpaceae
1678,Anthoshorea confusa,Anthoshorea,Dipterocarpaceae
1679,Anthoshorea cordata,Anthoshorea,Dipterocarpaceae
1680,Anthoshorea dealbata,Anthoshorea,Dipterocarpaceae
1681,Anthoshorea gratissima,Anthoshorea,Dipterocarpaceae
1684,Anthoshorea lamellata,Anthoshorea,Dipterocarpaceae
1686,Anthoshorea ochracea,Anthoshorea,Dipterocarpaceae
1689,Anthoshorea symingtonii,Anthoshorea,Dipterocarpaceae
1690,Anthoshorea virescens,Anthoshorea,Dipterocarpaceae
1700,Antiaris toxicaria,Antiaris,Moraceae
1704,Antidesma acidum,Antidesma,Phyllanthaceae
1706,Antidesma brachybotrys,Antidesma,Phyllanthaceae
1708,Antidesma bunius,Antidesma,Phyllanthaceae
1712,Antidesma coriaceum,Antidesma,Phyllanthaceae
1713,Antidesma cuspidatum,Antidesma,Phyllanthaceae
1716,Antidesma excavatum,Antidesma,Phyllanthaceae
1720,Antidesma ghaesembilla,Antidesma,Phyllanthaceae
1725,Antidesma leucopodum,Antidesma,Phyllanthaceae
1728,Antidesma montanum,Antidesma,Phyllanthaceae
1729,Antidesma montanum var. salicinum,Antidesma,Phyllanthaceae
1730,Antidesma montis-silam,Antidesma,Phyllanthaceae
1732,Antidesma neurocarpum,Antidesma,Phyllanthaceae
1733,Antidesma neurocarpum var. hosei,Antidesma,Phyllanthaceae
1736,Antidesma pendulum,Antidesma,Phyllanthaceae
1738,Antidesma polystylum,Antidesma,Phyllanthaceae
1739,Antidesma puncticulatum,Antidesma,Phyllanthaceae
1742,Antidesma riparium,Antidesma,Phyllanthaceae
1745,Antidesma stipulare,Antidesma,Phyllanthaceae
1748,Antidesma tomentosum,Antidesma,Phyllanthaceae
1749,Antidesma tomentosum var. stenocarum,Antidesma,Phyllanthaceae
1753,Antidesma venenosum,Antidesma,Phyllanthaceae
1754,Antidesma venosum,Antidesma,Phyllanthaceae
1756,Antrophyum callifolium,Antrophyum,Pteridaceae
1757,Antrophyum costatum,Antrophyum,Pteridaceae
1760,Antrophyum latifolium,Antrophyum,Pteridaceae
1762,Antrophyum lessonii,Antrophyum,Pteridaceae
1765,Antrophyum parvulum,Antrophyum,Pteridaceae
1767,Antrophyum reticulatum,Antrophyum,Pteridaceae
1768,Antrophyum semicostatum,Antrophyum,Pteridaceae
1772,Antrophyum subfalcatum,Antrophyum,Pteridaceae
1773,Antrophyum vittarioides,Antrophyum,Pteridaceae
1774,Aphanamixis borneensis,Aphanamixis,Meliaceae
1775,Aphanamixis polystachya,Aphanamixis,Meliaceae
1782,Aphyllorchis kemulensis,Aphyllorchis,Orchidaceae
1783,Aphyllorchis montana,Aphyllorchis,Orchidaceae
1784,Aphyllorchis pallida,Aphyllorchis,Orchidaceae
1788,Apoballis acuminatissima,Apoballis,Araceae
1797,Apoballis ovata,Apoballis,Araceae
1800,Apocopis collinus,Apocopis,Poaceae
1804,Aponogeton undulatus,Aponogeton,Aponogetonaceae
1805,Aporosa alia,Aporosa,Phyllanthaceae
1807,Aporosa antennifera,Aporosa,Phyllanthaceae
1808,Aporosa arborea,Aporosa,Phyllanthaceae
1809,Aporosa aurea,Aporosa,Phyllanthaceae
1811,Aporosa basilanensis,Aporosa,Phyllanthaceae
1812,Aporosa benthamiana,Aporosa,Phyllanthaceae
1815,Aporosa bullatissima,Aporosa,Phyllanthaceae
1816,Aporosa caloneura,Aporosa,Phyllanthaceae
1817,Aporosa chondroneura,Aporosa,Phyllanthaceae
1818,Aporosa confusa,Aporosa,Phyllanthaceae
1822,Aporosa elmeri,Aporosa,Phyllanthaceae
1823,Aporosa falcifera,Aporosa,Phyllanthaceae
1826,Aporosa frutescens,Aporosa,Phyllanthaceae
1827,Aporosa fulvovittata,Aporosa,Phyllanthaceae
1829,Aporosa grandistipula,Aporosa,Phyllanthaceae
1830,Aporosa granularis,Aporosa,Phyllanthaceae
1832,Aporosa illustris,Aporosa,Phyllanthaceae
1833,Aporosa lagenocarpa,Aporosa,Phyllanthaceae
1841,Aporosa lucida,Aporosa,Phyllanthaceae
1843,Aporosa lucida var. pubescens,Aporosa,Phyllanthaceae
1844,Aporosa lucida var. trilocularis,Aporosa,Phyllanthaceae
1845,Aporosa lunata,Aporosa,Phyllanthaceae
1846,Aporosa maingayi,Aporosa,Phyllanthaceae
1847,Aporosa nervosa,Aporosa,Phyllanthaceae
1848,Aporosa nigricans,Aporosa,Phyllanthaceae
1849,Aporosa nigropunctata,Aporosa,Phyllanthaceae
1850,Aporosa nitida,Aporosa,Phyllanthaceae
1851,Aporosa octandra,Aporosa,Phyllanthaceae
1852,Aporosa octandra var. malesiana,Aporosa,Phyllanthaceae
1857,Aporosa prainiana,Aporosa,Phyllanthaceae
1859,Aporosa rhacostyla,Aporosa,Phyllanthaceae
1860,Aporosa sarawakensis,Aporosa,Phyllanthaceae
1861,Aporosa sphaeridiophora,Aporosa,Phyllanthaceae
1863,Aporosa stellifera,Aporosa,Phyllanthaceae
1864,Aporosa stenostachys,Aporosa,Phyllanthaceae
1865,Aporosa subcaudata,Aporosa,Phyllanthaceae
1866,Aporosa sylvestri,Aporosa,Phyllanthaceae
1867,Aporosa symplocoides,Aporosa,Phyllanthaceae
1868,Aporosa symplocoides var. chalarocarpa,Aporosa,Phyllanthaceae
1872,Apostasia nuda,Apostasia,Orchidaceae
1873,Apostasia odorata,Apostasia,Orchidaceae
1874,Apostasia parvula,Apostasia,Orchidaceae
1875,Apostasia wallichii,Apostasia,Orchidaceae
1881,Appendicula alba,Appendicula,Orchidaceae
1882,Appendicula anceps,Appendicula,Orchidaceae
1887,Appendicula babiensis,Appendicula,Orchidaceae
1893,Appendicula buxifolia,Appendicula,Orchidaceae
1894,Appendicula calcarata,Appendicula,Orchidaceae
1899,Appendicula congenera,Appendicula,Orchidaceae
1900,Appendicula congesta,Appendicula,Orchidaceae
1901,Appendicula cornuta,Appendicula,Orchidaceae
1902,Appendicula crispa,Appendicula,Orchidaceae
1903,Appendicula cristata,Appendicula,Orchidaceae
1905,Appendicula dajakorum,Appendicula,Orchidaceae
1906,Appendicula damusensis,Appendicula,Orchidaceae
1909,Appendicula elegans,Appendicula,Orchidaceae
1912,Appendicula floribunda,Appendicula,Orchidaceae
1913,Appendicula foliosa,Appendicula,Orchidaceae
1914,Appendicula fractiflexa,Appendicula,Orchidaceae
1921,Appendicula infundibuliformis,Appendicula,Orchidaceae
1929,Appendicula linearifolia,Appendicula,Orchidaceae
1930,Appendicula linearis,Appendicula,Orchidaceae
1933,Appendicula longirostrata,Appendicula,Orchidaceae
1934,Appendicula lucida,Appendicula,Orchidaceae
1942,Appendicula pauciflora,Appendicula,Orchidaceae
1943,Appendicula pendula,Appendicula,Orchidaceae
1946,Appendicula pilosa,Appendicula,Orchidaceae
1949,Appendicula polita,Appendicula,Orchidaceae
1952,Appendicula purpureifolia,Appendicula,Orchidaceae
1954,Appendicula recondita,Appendicula,Orchidaceae
1955,Appendicula reflexa,Appendicula,Orchidaceae
1958,Appendicula rostellata,Appendicula,Orchidaceae
1963,Appendicula spathilabris,Appendicula,Orchidaceae
1966,Appendicula torta,Appendicula,Orchidaceae
1968,Appendicula uncata,Appendicula,Orchidaceae
1969,Appendicula undulata,Appendicula,Orchidaceae
1970,Appendicula undulata var. longicalcarata,Appendicula,Orchidaceae
1975,Aquilaria cumingiana,Aquilaria,Thymelaeaceae
1978,Aquilaria malaccensis,Aquilaria,Thymelaeaceae
1979,Aquilaria microcarpa,Aquilaria,Thymelaeaceae
1982,Arachniodes amabilis,Arachniodes,Dryopteridaceae
1983,Arachniodes aristata,Arachniodes,Dryopteridaceae
1984,Arachniodes carvifolia,Arachniodes,Dryopteridaceae
1990,Arachniodes puncticulata,Arachniodes,Dryopteridaceae
1992,Arachniodes tripinnata,Arachniodes,Dryopteridaceae
1994,Arachnis flos-aeris,Arachnis,Orchidaceae
1995,Arachnis hookeriana,Arachnis,Orchidaceae
2000,Aralia chinensis,Aralia,Araliaceae
2010,Aralidium pinnatifidum,Aralidium,Torricelliaceae
2013,Arcangelisia flava,Arcangelisia,Menispermaceae
2022,Archidendron borneense,Archidendron,Fabaceae
2028,Archidendron clypearia,Archidendron,Fabaceae
2029,Archidendron clypearia var. montanum,Archidendron,Fabaceae
2031,Archidendron cockburnii,Archidendron,Fabaceae
2032,Archidendron contortum,Archidendron,Fabaceae
2034,Archidendron ellipticum,Archidendron,Fabaceae
2035,Archidendron fagifolium,Archidendron,Fabaceae
2036,Archidendron fagifolium var. borneense,Archidendron,Fabaceae
2038,Archidendron globosum,Archidendron,Fabaceae
2041,Archidendron havilandii,Archidendron,Fabaceae
2043,Archidendron jiringa,Archidendron,Fabaceae
2045,Archidendron kinabaluense,Archidendron,Fabaceae
2046,Archidendron kunstleri,Archidendron,Fabaceae
2047,Archidendron kunstleri subsp. ashtonii,Archidendron,Fabaceae
2050,Archidendron microcarpum,Archidendron,Fabaceae
2057,Archidendron oppositum,Archidendron,Fabaceae
2061,Archidendron pauciflorum,Archidendron,Fabaceae
2064,Archidendron sabahense,Archidendron,Fabaceae
2069,Archidendron trichophyllum,Archidendron,Fabaceae
2070,Archidendron triplinervium,Archidendron,Fabaceae
2073,Ardisia amabilis,Ardisia,Primulaceae
2077,Ardisia apsidata,Ardisia,Primulaceae
2080,Ardisia argentiana,Ardisia,Primulaceae
2083,Ardisia beccariana,Ardisia,Primulaceae
2084,Ardisia beccariana var. glabrifolia,Ardisia,Primulaceae
2086,Ardisia borneensis,Ardisia,Primulaceae
2088,Ardisia brachythyrsa,Ardisia,Primulaceae
2089,Ardisia brachythyrsa var. stellata,Ardisia,Primulaceae
2092,Ardisia breviramea,Ardisia,Primulaceae
2094,Ardisia caudifera,Ardisia,Primulaceae
2099,Ardisia copelandii,Ardisia,Primulaceae
2101,Ardisia creaghii,Ardisia,Primulaceae
2102,Ardisia crenata,Ardisia,Primulaceae
2104,Ardisia cymosa,Ardisia,Primulaceae
2107,Ardisia demissa,Ardisia,Primulaceae
2110,Ardisia densipunctata,Ardisia,Primulaceae
2116,Ardisia diversilimba,Ardisia,Primulaceae
2118,Ardisia elliptica,Ardisia,Primulaceae
2119,Ardisia eximia,Ardisia,Primulaceae
2121,Ardisia forbesii,Ardisia,Primulaceae
2122,Ardisia fortis,Ardisia,Primulaceae
2123,Ardisia fuliginosa,Ardisia,Primulaceae
2124,Ardisia garubahaya,Ardisia,Primulaceae
2127,Ardisia goodenoughii,Ardisia,Primulaceae
2128,Ardisia guianensis,Ardisia,Primulaceae
2130,Ardisia humilis,Ardisia,Primulaceae
2136,Ardisia javanica,Ardisia,Primulaceae
2140,Ardisia korthalsiana,Ardisia,Primulaceae
2141,Ardisia kostermansii,Ardisia,Primulaceae
2143,Ardisia laevigata,Ardisia,Primulaceae
2145,Ardisia lanceolata,Ardisia,Primulaceae
2146,Ardisia lancifolia,Ardisia,Primulaceae
2152,Ardisia lepidotula,Ardisia,Primulaceae
2155,Ardisia lingula,Ardisia,Primulaceae
2156,Ardisia livida,Ardisia,Primulaceae
2157,Ardisia lucida,Ardisia,Primulaceae
2158,Ardisia lurida,Ardisia,Primulaceae
2159,Ardisia macrocalyx,Ardisia,Primulaceae
2160,Ardisia macrophylla,Ardisia,Primulaceae
2163,Ardisia megistosepala,Ardisia,Primulaceae
2164,Ardisia meijeri,Ardisia,Primulaceae
2165,Ardisia microsoropsis,Ardisia,Primulaceae
2167,Ardisia monilipila,Ardisia,Primulaceae
2168,Ardisia monticola,Ardisia,Primulaceae
2175,Ardisia obovatifolia,Ardisia,Primulaceae
2176,Ardisia obscurinervia,Ardisia,Primulaceae
2180,Ardisia oocarpa,Ardisia,Primulaceae
2181,Ardisia oxyphylla,Ardisia,Primulaceae
2182,Ardisia pachysandra,Ardisia,Primulaceae
2189,Ardisia pergamacea,Ardisia,Primulaceae
2190,Ardisia perissa,Ardisia,Primulaceae
2193,Ardisia phaeoneura,Ardisia,Primulaceae
2194,Ardisia polyactis,Ardisia,Primulaceae
2196,Ardisia polysticta,Ardisia,Primulaceae
2200,Ardisia pterocaulis,Ardisia,Primulaceae
2203,Ardisia pubicalyx var. collinsiae,Ardisia,Primulaceae
2205,Ardisia purpurea,Ardisia,Primulaceae
2206,Ardisia purseglovei,Ardisia,Primulaceae
2207,Ardisia purseglovei var. petiolaris,Ardisia,Primulaceae
2209,Ardisia pygmaea,Ardisia,Primulaceae
2211,Ardisia pyrsocoma,Ardisia,Primulaceae
2214,Ardisia reclinata,Ardisia,Primulaceae
2221,Ardisia sarawakensis,Ardisia,Primulaceae
2223,Ardisia serrata,Ardisia,Primulaceae
2227,Ardisia singularis,Ardisia,Primulaceae
2231,Ardisia spiciformis,Ardisia,Primulaceae
2232,Ardisia spilota,Ardisia,Primulaceae
2235,Ardisia sublepidota,Ardisia,Primulaceae
2237,Ardisia sumatrana,Ardisia,Primulaceae
2238,Ardisia tahanica,Ardisia,Primulaceae
2239,Ardisia tahanica subsp. eucalyptifolia,Ardisia,Primulaceae
2242,Ardisia teysmanniana,Ardisia,Primulaceae
2243,Ardisia tomentosa,Ardisia,Primulaceae
2248,Ardisia vernicosa,Ardisia,Primulaceae
2249,Ardisia villosa,Ardisia,Primulaceae
2253,Areca churchii,Areca,Arecaceae
2255,Areca dayung,Areca,Arecaceae
2256,Areca dransfieldii,Areca,Arecaceae
2257,Areca furcata,Areca,Arecaceae
2259,Areca kinabaluensis,Areca,Arecaceae
2263,Areca minuta,Areca,Arecaceae
2264,Areca mogeana,Areca,Arecaceae
2270,Areca tunku,Areca,Arecaceae
2273,Areca vidaliana,Areca,Arecaceae
2274,Arenga brevipes,Arenga,Arecaceae
2275,Arenga distincta,Arenga,Arecaceae
2277,Arenga hastata,Arenga,Arecaceae
2282,Arenga pinnata,Arenga,Arecaceae
2286,Arenga undulatifolia,Arenga,Arecaceae
2294,Argentina borneensis,Argentina,Rosaceae
2301,Argentina kinabaluensis,Argentina,Rosaceae
2317,Argostemma anisophyllum,Argostemma,Rubiaceae
2319,Argostemma borragineum,Argostemma,Rubiaceae
2322,Argostemma brachyantherum,Argostemma,Rubiaceae
2324,Argostemma brookei,Argostemma,Rubiaceae
2331,Argostemma densifolium,Argostemma,Rubiaceae
2333,Argostemma dulitense,Argostemma,Rubiaceae
2337,Argostemma flavescens,Argostemma,Rubiaceae
2338,Argostemma geesinkii,Argostemma,Rubiaceae
2339,Argostemma gracile,Argostemma,Rubiaceae
2343,Argostemma hameliifolium,Argostemma,Rubiaceae
2344,Argostemma havilandii,Argostemma,Rubiaceae
2354,Argostemma lanceolarium,Argostemma,Rubiaceae
2355,Argostemma lanceolatum,Argostemma,Rubiaceae
2363,Argostemma moultonii,Argostemma,Rubiaceae
2366,Argostemma neurocalyx,Argostemma,Rubiaceae
2367,Argostemma ophirense,Argostemma,Rubiaceae
2368,Argostemma parvifolium,Argostemma,Rubiaceae
2370,Argostemma pauciflorum,Argostemma,Rubiaceae
2375,Argostemma psychotrioides,Argostemma,Rubiaceae
2380,Argostemma rupestre,Argostemma,Rubiaceae
2385,Argostemma subfalcifolium,Argostemma,Rubiaceae
2390,Argostemma trichosanthes,Argostemma,Rubiaceae
2392,Argostemma uniflorum,Argostemma,Rubiaceae
2394,Argostemma variegatum,Argostemma,Rubiaceae
2399,Argyreia caudata,Argyreia,Convolvulaceae
2402,Argyreia congesta,Argyreia,Convolvulaceae
2405,Argyreia discolor,Argyreia,Convolvulaceae
2406,Argyreia erinacea,Argyreia,Convolvulaceae
2411,Argyreia micrantha,Argyreia,Convolvulaceae
2414,Argyreia oblongifolia,Argyreia,Convolvulaceae
2425,Aridarum embalohense,Aridarum,Araceae
2426,Aridarum incavatum,Aridarum,Araceae
2427,Aridarum montanum,Aridarum,Araceae
2429,Arisaema filiforme,Arisaema,Araceae
2433,Arisaema microspadix,Arisaema,Araceae
2439,Arisaema tortuosum,Arisaema,Araceae
2440,Arisaema umbrinum,Arisaema,Araceae
2453,Aristolochia acuminata,Aristolochia,Aristolochiaceae
2460,Aristolochia decandra,Aristolochia,Aristolochiaceae
2463,Aristolochia foveolata,Aristolochia,Aristolochiaceae
2467,Aristolochia jackii,Aristolochia,Aristolochiaceae
2472,Aristolochia minutiflora,Aristolochia,Aristolochiaceae
2474,Aristolochia naviculilimba,Aristolochia,Aristolochiaceae
2481,Arnicratea ferruginea,Arnicratea,Celastraceae
2486,Artabotrys atractocarpus,Artabotrys,Annonaceae
2489,Artabotrys gracilis,Artabotrys,Annonaceae
2491,Artabotrys hirtipes,Artabotrys,Annonaceae
2494,Artabotrys lanuginosus,Artabotrys,Annonaceae
2497,Artabotrys macropodus,Artabotrys,Annonaceae
2498,Artabotrys maingayi,Artabotrys,Annonaceae
2499,Artabotrys ochropetalus,Artabotrys,Annonaceae
2500,Artabotrys polygynus,Artabotrys,Annonaceae
2502,Artabotrys roseus,Artabotrys,Annonaceae
2503,Artabotrys suaveolens,Artabotrys,Annonaceae
2504,Artabotrys sumatranus,Artabotrys,Annonaceae
2506,Artabotrys veldkampii,Artabotrys,Annonaceae
2535,Artocarpus albobrunneus,Artocarpus,Moraceae
2537,Artocarpus altissimus,Artocarpus,Moraceae
2538,Artocarpus anisophyllus,Artocarpus,Moraceae
2539,Artocarpus borneensis,Artocarpus,Moraceae
2540,Artocarpus brevipedunculatus,Artocarpus,Moraceae
2544,Artocarpus elasticus,Artocarpus,Moraceae
2547,Artocarpus glaucus,Artocarpus,Moraceae
2551,Artocarpus integer,Artocarpus,Moraceae
2552,Artocarpus kemando,Artocarpus,Moraceae
2553,Artocarpus lacucha,Artocarpus,Moraceae
2554,Artocarpus lacuchus,Artocarpus,Moraceae
2555,Artocarpus lanceifolius,Artocarpus,Moraceae
2556,Artocarpus longifolius,Artocarpus,Moraceae
2557,Artocarpus longifolius subsp. adpressus,Artocarpus,Moraceae
2561,Artocarpus odoratissimus,Artocarpus,Moraceae
2564,Artocarpus rigidus,Artocarpus,Moraceae
2567,Artocarpus sericicarpus,Artocarpus,Moraceae
2568,Artocarpus tamaran,Artocarpus,Moraceae
2569,Artocarpus teysmannii,Artocarpus,Moraceae
2570,Artocarpus tomentosulus,Artocarpus,Moraceae
2573,Arundina graminifolia,Arundina,Orchidaceae
2574,Arundina graminifolia subsp. caespitosa,Arundina,Orchidaceae
2578,Arundinella hispida,Arundinella,Poaceae
2585,Arytera litoralis,Arytera,Sapindaceae
2586,Ascarina philippinensis,Ascarina,Chloranthaceae
2588,Ashtonia excelsa,Ashtonia,Phyllanthaceae
2594,Aspidopterys concava,Aspidopterys,Malpighiaceae
2595,Aspidopterys elliptica,Aspidopterys,Malpighiaceae
2597,Aspidopterys tomentosa var. hutchinsonii,Aspidopterys,Malpighiaceae
2603,Asplenium affine,Asplenium,Aspleniaceae
2604,Asplenium amaurolobum,Asplenium,Aspleniaceae
2605,Asplenium amboinense,Asplenium,Aspleniaceae
2607,Asplenium anguineum,Asplenium,Aspleniaceae
2617,Asplenium borneense,Asplenium,Aspleniaceae
2618,Asplenium carinatum,Asplenium,Aspleniaceae
2620,Asplenium caudatum,Asplenium,Aspleniaceae
2623,Asplenium colubrinum,Asplenium,Aspleniaceae
2627,Asplenium cromwellianum,Asplenium,Aspleniaceae
2628,Asplenium cuneatum,Asplenium,Aspleniaceae
2629,Asplenium cymbifolium,Asplenium,Aspleniaceae
2631,Asplenium dichotomum,Asplenium,Aspleniaceae
2632,Asplenium dicranurum,Asplenium,Aspleniaceae
2634,Asplenium elaphoglossoides,Asplenium,Aspleniaceae
2642,Asplenium filiceps,Asplenium,Aspleniaceae
2660,Asplenium jensenii,Asplenium,Aspleniaceae
2663,Asplenium kjellbergii,Asplenium,Aspleniaceae
2667,Asplenium laserpitiifolium,Asplenium,Aspleniaceae
2672,Asplenium lobangense,Asplenium,Aspleniaceae
2675,Asplenium longissimum,Asplenium,Aspleniaceae
2686,Asplenium musifolium,Asplenium,Aspleniaceae
2688,Asplenium nidus,Asplenium,Aspleniaceae
2689,Asplenium nigrescens,Asplenium,Aspleniaceae
2690,Asplenium nitidum,Asplenium,Aspleniaceae
2691,Asplenium normale,Asplenium,Aspleniaceae
2695,Asplenium oblongifolium,Asplenium,Aspleniaceae
2699,Asplenium paradoxum,Asplenium,Aspleniaceae
2703,Asplenium pellucidum,Asplenium,Aspleniaceae
2706,Asplenium persicifolium,Asplenium,Aspleniaceae
2707,Asplenium phyllitidis,Asplenium,Aspleniaceae
2708,Asplenium polyodon,Asplenium,Aspleniaceae
2715,Asplenium salignum,Asplenium,Aspleniaceae
2719,Asplenium scandens,Asplenium,Aspleniaceae
2721,Asplenium schizocarpum,Asplenium,Aspleniaceae
2723,Asplenium scolopendrioides,Asplenium,Aspleniaceae
2734,Asplenium steerei,Asplenium,Aspleniaceae
2738,Asplenium subaquatile,Asplenium,Aspleniaceae
2742,Asplenium tenerum,Asplenium,Aspleniaceae
2746,Asplenium thunbergii,Asplenium,Aspleniaceae
2748,Asplenium trifoliatum,Asplenium,Aspleniaceae
2751,Asplenium vittaeforme,Asplenium,Aspleniaceae
2752,Asplenium vulcanicum,Asplenium,Aspleniaceae
2779,Astronia cumingiana,Astronia,Melastomataceae
2788,Astronia macrophylla,Astronia,Melastomataceae
2793,Astronia sabahensis,Astronia,Melastomataceae
2794,Astronia smilacifolia,Astronia,Melastomataceae
2805,Astrothalamus reticulatus,Astrothalamus,Urticaceae
2825,Athyrium anisopterum,Athyrium,Athyriaceae
2839,Athyrium kutaiense,Athyrium,Athyriaceae
2845,Athyrium opacum,Athyrium,Athyriaceae
2858,Atuna excelsa,Atuna,Chrysobalanaceae
2859,Atuna excelsa subsp. racemosa,Atuna,Chrysobalanaceae
2860,Atuna nannodes,Atuna,Chrysobalanaceae
2862,Aulandra beccarii,Aulandra,Sapotaceae
2863,Aulandra longifolia,Aulandra,Sapotaceae
2868,Austrobuxus nitidus,Austrobuxus,Picrodendraceae
2874,Avenella flexuosa subsp. ligulata,Avenella,Poaceae
2879,Avicennia alba,Avicennia,Acanthaceae
2880,Avicennia marina,Avicennia,Acanthaceae
2882,Avicennia marina var. rumphiana,Avicennia,Acanthaceae
2883,Avicennia officinalis,Avicennia,Acanthaceae
2885,Axinandra beccariana,Axinandra,Crypteroniaceae
2886,Axinandra coriacea,Axinandra,Crypteroniaceae
2887,Axinandra zeylanica,Axinandra,Crypteroniaceae
2890,Azadirachta excelsa,Azadirachta,Meliaceae
2895,Baccaurea angulata,Baccaurea,Phyllanthaceae
2896,Baccaurea bracteata,Baccaurea,Phyllanthaceae
2897,Baccaurea brevipes,Baccaurea,Phyllanthaceae
2900,Baccaurea costulata,Baccaurea,Phyllanthaceae
2902,Baccaurea deflexa,Baccaurea,Phyllanthaceae
2903,Baccaurea dolichobotrys,Baccaurea,Phyllanthaceae
2904,Baccaurea dulcis,Baccaurea,Phyllanthaceae
2905,Baccaurea edulis,Baccaurea,Phyllanthaceae
2906,Baccaurea javanica,Baccaurea,Phyllanthaceae
2907,Baccaurea lanceolata,Baccaurea,Phyllanthaceae
2908,Baccaurea macrocarpa,Baccaurea,Phyllanthaceae
2909,Baccaurea macrophylla,Baccaurea,Phyllanthaceae
2910,Baccaurea maingayi,Baccaurea,Phyllanthaceae
2913,Baccaurea minor,Baccaurea,Phyllanthaceae
2914,Baccaurea mollis,Baccaurea,Phyllanthaceae
2915,Baccaurea motleyana,Baccaurea,Phyllanthaceae
2917,Baccaurea nanihua,Baccaurea,Phyllanthaceae
2919,Baccaurea odoratissima,Baccaurea,Phyllanthaceae
2921,Baccaurea parviflora,Baccaurea,Phyllanthaceae
2922,Baccaurea philippinensis,Baccaurea,Phyllanthaceae
2923,Baccaurea polyneura,Baccaurea,Phyllanthaceae
2924,Baccaurea pubera,Baccaurea,Phyllanthaceae
2925,Baccaurea pyriformis,Baccaurea,Phyllanthaceae
2926,Baccaurea racemosa,Baccaurea,Phyllanthaceae
2928,Baccaurea reticulata,Baccaurea,Phyllanthaceae
2929,Baccaurea sarawakensis,Baccaurea,Phyllanthaceae
2931,Baccaurea sumatrana,Baccaurea,Phyllanthaceae
2932,Baccaurea tetrandra,Baccaurea,Phyllanthaceae
2933,Baccaurea trigonocarpa,Baccaurea,Phyllanthaceae
2937,Bacopa monnieri,Bacopa,Plantaginaceae
2940,Baeckea frutescens,Baeckea,Myrtaceae
2941,Baharuia gracilis,Baharuia,Apocynaceae
2942,Baijiania borneensis,Baijiania,Cucurbitaceae
2944,Bakoa lucens,Bakoa,Araceae
2945,Bakoaella nakamotoi,Bakoaella,Araceae
2946,Bakoaella sicula,Bakoaella,Araceae
2947,Balakata baccata,Balakata,Euphorbiaceae
2956,Balanophora papuana,Balanophora,Balanophoraceae
2958,Balanophora reflexa,Balanophora,Balanophoraceae
2973,Bambusa spinosa,Bambusa,Poaceae
2977,Bambusa vulgaris,Bambusa,Poaceae
2979,Barathranthus axanthus,Barathranthus,Loranthaceae
2982,Barclaya motleyi,Barclaya,Nymphaeaceae
2983,Barclaya rotundifolia,Barclaya,Nymphaeaceae
2989,Barleria prionitis,Barleria,Acanthaceae
2994,Barringtonia acutangula,Barringtonia,Lecythidaceae
2995,Barringtonia acutangula subsp. spicata,Barringtonia,Lecythidaceae
2997,Barringtonia ashtonii,Barringtonia,Lecythidaceae
2998,Barringtonia asiatica,Barringtonia,Lecythidaceae
3003,Barringtonia conoidea,Barringtonia,Lecythidaceae
3004,Barringtonia curranii,Barringtonia,Lecythidaceae
3007,Barringtonia gigantostachya,Barringtonia,Lecythidaceae
3008,Barringtonia gigantostachya var. megistophylla,Barringtonia,Lecythidaceae
3009,Barringtonia hallieri,Barringtonia,Lecythidaceae
3010,Barringtonia havilandii,Barringtonia,Lecythidaceae
3012,Barringtonia lanceolata,Barringtonia,Lecythidaceae
3014,Barringtonia longisepala,Barringtonia,Lecythidaceae
3016,Barringtonia macrocarpa,Barringtonia,Lecythidaceae
3017,Barringtonia macrostachya,Barringtonia,Lecythidaceae
3023,Barringtonia pendula,Barringtonia,Lecythidaceae
3024,Barringtonia racemosa,Barringtonia,Lecythidaceae
3025,Barringtonia reticulata,Barringtonia,Lecythidaceae
3026,Barringtonia revoluta,Barringtonia,Lecythidaceae
3028,Barringtonia sarcostachys,Barringtonia,Lecythidaceae
3029,Barringtonia sarcostachys subsp. dolichophylla,Barringtonia,Lecythidaceae
3030,Barringtonia scortechinii,Barringtonia,Lecythidaceae
3033,Basella alba,Basella,Basellaceae
3034,Basilicum polystachyon,Basilicum,Lamiaceae
3037,Bauhinia acuminata,Bauhinia,Fabaceae
3043,Bauhinia pottsii,Bauhinia,Fabaceae
3055,Begonia aberrans,Begonia,Begoniaceae
3071,Begonia baramensis,Begonia,Begoniaceae
3073,Begonia bawangensis,Begonia,Begoniaceae
3074,Begonia bayae,Begonia,Begoniaceae
3076,Begonia belagaensis,Begonia,Begoniaceae
3084,Begonia bracteata,Begonia,Begoniaceae
3089,Begonia calcarea,Begonia,Begoniaceae
3096,Begonia congesta,Begonia,Begoniaceae
3097,Begonia conipila,Begonia,Begoniaceae
3100,Begonia cucullata,Begonia,Begoniaceae
3103,Begonia cyanescens,Begonia,Begoniaceae
3104,Begonia danumensis,Begonia,Begoniaceae
3105,Begonia daunhitam,Begonia,Begoniaceae
3107,Begonia dimorpha,Begonia,Begoniaceae
3110,Begonia dolichobracteata,Begonia,Begoniaceae
3112,Begonia dracopelta,Begonia,Begoniaceae
3114,Begonia duhungensis,Begonia,Begoniaceae
3115,Begonia edgariana,Begonia,Begoniaceae
3125,Begonia fuscisetosa,Begonia,Begoniaceae
3133,Begonia gueritziana,Begonia,Begoniaceae
3152,Begonia inggitiae,Begonia,Begoniaceae
3161,Begonia jamiliana,Begonia,Begoniaceae
3180,Begonia lichenora,Begonia,Begoniaceae
3187,Begonia ltahensis,Begonia,Begoniaceae
3191,Begonia magnicarpa,Begonia,Begoniaceae
3203,Begonia mentewangensis,Begonia,Begoniaceae
3205,Begonia microptera,Begonia,Begoniaceae
3208,Begonia mollis,Begonia,Begoniaceae
3222,Begonia oblongifolia,Begonia,Begoniaceae
3232,Begonia padawanensis,Begonia,Begoniaceae
3234,Begonia paoana,Begonia,Begoniaceae
3237,Begonia pendulina,Begonia,Begoniaceae
3242,Begonia promethea,Begonia,Begoniaceae
3243,Begonia propinqua,Begonia,Begoniaceae
3253,Begonia ranaiensis,Begonia,Begoniaceae
3256,Begonia recurvata,Begonia,Begoniaceae
3263,Begonia sabahensis,Begonia,Begoniaceae
3274,Begonia sibutensis,Begonia,Begoniaceae
3282,Begonia stenogyna,Begonia,Begoniaceae
3284,Begonia stichochaete,Begonia,Begoniaceae
3289,Begonia strigosa,Begonia,Begoniaceae
3293,Begonia subnummulariifolia,Begonia,Begoniaceae
3322,Begonia vulgaris,Begonia,Begoniaceae
3323,Begonia walteriana,Begonia,Begoniaceae
3329,Begonia zygia,Begonia,Begoniaceae
3332,Beilschmiedia brachystachys,Beilschmiedia,Lauraceae
3333,Beilschmiedia dictyoneura,Beilschmiedia,Lauraceae
3335,Beilschmiedia gemmiflora,Beilschmiedia,Lauraceae
3337,Beilschmiedia glabra,Beilschmiedia,Lauraceae
3339,Beilschmiedia hartonoana,Beilschmiedia,Lauraceae
3342,Beilschmiedia kunstleri,Beilschmiedia,Lauraceae
3344,Beilschmiedia lucidula,Beilschmiedia,Lauraceae
3345,Beilschmiedia madang,Beilschmiedia,Lauraceae
3346,Beilschmiedia maingayi,Beilschmiedia,Lauraceae
3347,Beilschmiedia micrantha,Beilschmiedia,Lauraceae
3348,Beilschmiedia micranthopsis,Beilschmiedia,Lauraceae
3349,Beilschmiedia microcarpa,Beilschmiedia,Lauraceae
3355,Beilschmiedia oblonga,Beilschmiedia,Lauraceae
3357,Beilschmiedia oligantha,Beilschmiedia,Lauraceae
3358,Beilschmiedia palembanica,Beilschmiedia,Lauraceae
3359,Beilschmiedia percoriacea,Beilschmiedia,Lauraceae
3360,Beilschmiedia phoebeopsis,Beilschmiedia,Lauraceae
3361,Beilschmiedia pilosa,Beilschmiedia,Lauraceae
3364,Beilschmiedia rivularis,Beilschmiedia,Lauraceae
3370,Beilschmiedia tawaensis,Beilschmiedia,Lauraceae
3371,Beilschmiedia wallichiana,Beilschmiedia,Lauraceae
3372,Beilschmiedia wieringae,Beilschmiedia,Lauraceae
3380,Benstonea affinis,Benstonea,Pandanaceae
3381,Benstonea ashtonii,Benstonea,Pandanaceae
3383,Benstonea brevistylis,Benstonea,Pandanaceae
3387,Benstonea epiphytica,Benstonea,Pandanaceae
3389,Benstonea foetida,Benstonea,Pandanaceae
3390,Benstonea fortuita,Benstonea,Pandanaceae
3391,Benstonea gibbsiana,Benstonea,Pandanaceae
3392,Benstonea korthalsii,Benstonea,Pandanaceae
3396,Benstonea pachyphylla,Benstonea,Pandanaceae
3398,Benstonea pectinata,Benstonea,Pandanaceae
3400,Benstonea platystigma,Benstonea,Pandanaceae
3402,Benstonea pumila,Benstonea,Pandanaceae
3404,Benstonea rupestris,Benstonea,Pandanaceae
3405,Benstonea rustica,Benstonea,Pandanaceae
3406,Benstonea serpentinica,Benstonea,Pandanaceae
3409,Benstonea tunicata,Benstonea,Pandanaceae
3421,Bergenia crassifolia,Bergenia,Saxifragaceae
3429,Bhesa paniculata,Bhesa,Centroplacaceae
3430,Bhesa robusta,Bhesa,Centroplacaceae
3431,Biancaea decapetala,Biancaea,Fabaceae
3432,Biancaea parviflora,Biancaea,Fabaceae
3433,Biancaea sappan,Biancaea,Fabaceae
3436,Bidens pilosa,Bidens,Asteraceae
3439,Biermannia sarcanthoides,Biermannia,Orchidaceae
3455,Bischofia javanica,Bischofia,Phyllanthaceae
3457,Blainvillea acmella,Blainvillea,Asteraceae
3458,Blastus borneensis,Blastus,Melastomataceae
3459,Blastus cochinchinensis,Blastus,Melastomataceae
3460,Bleasdalea papuana,Bleasdalea,Proteaceae
3470,Blechnum orientale,Blechnum,Blechnaceae
3472,Bleekrodea insignis,Bleekrodea,Moraceae
3481,Blumea balsamifera,Blumea,Asteraceae
3485,Blumea borneensis,Blumea,Asteraceae
3495,Blumea junghuhniana,Blumea,Asteraceae
3498,Blumea lanceolaria,Blumea,Asteraceae
3501,Blumea membranacea,Blumea,Asteraceae
3508,Blumea riparia,Blumea,Asteraceae
3512,Blumea sinuata,Blumea,Asteraceae
3517,Blumea tenella,Blumea,Asteraceae
3523,Blumeodendron borneense,Blumeodendron,Euphorbiaceae
3525,Blumeodendron gesinus,Blumeodendron,Euphorbiaceae
3526,Blumeodendron kurzii,Blumeodendron,Euphorbiaceae
3527,Blumeodendron subrotundifolium,Blumeodendron,Euphorbiaceae
3528,Blumeodendron tokbrai,Blumeodendron,Euphorbiaceae
3531,Blyxa aubertii,Blyxa,Hydrocharitaceae
3533,Blyxa japonica,Blyxa,Hydrocharitaceae
3534,Blyxa japonica var. alternifolia,Blyxa,Hydrocharitaceae
3546,Boehmeria depauperata,Boehmeria,Urticaceae
3554,Boehmeria nivea,Boehmeria,Urticaceae
3573,Boerhavia diffusa,Boerhavia,Nyctaginaceae
3578,Boesenbergia apiculata,Boesenbergia,Zingiberaceae
3580,Boesenbergia decus-silvae,Boesenbergia,Zingiberaceae
3581,Boesenbergia flavoalba,Boesenbergia,Zingiberaceae
3582,Boesenbergia grandifolia,Boesenbergia,Zingiberaceae
3583,Boesenbergia grandis,Boesenbergia,Zingiberaceae
3584,Boesenbergia latilabra,Boesenbergia,Zingiberaceae
3586,Boesenbergia ornata,Boesenbergia,Zingiberaceae
3587,Boesenbergia pauciflora,Boesenbergia,Zingiberaceae
3589,Boesenbergia pulchella,Boesenbergia,Zingiberaceae
3592,Boesenbergia stenophylla,Boesenbergia,Zingiberaceae
3593,Boesenbergia striata,Boesenbergia,Zingiberaceae
3594,Boesenbergia subulata,Boesenbergia,Zingiberaceae
3595,Boesenbergia uniflora,Boesenbergia,Zingiberaceae
3603,Boholia nematostylis,Boholia,Rubiaceae
3607,Bolbitis heteroclita,Bolbitis,Dryopteridaceae
3608,Bolbitis interlineata,Bolbitis,Dryopteridaceae
3611,Bolbitis repanda,Bolbitis,Dryopteridaceae
3616,Bolbitis sinuata,Bolbitis,Dryopteridaceae
3624,Bonamia semidigyna,Bonamia,Convolvulaceae
3625,Bonamia semidigyna var. farinacea,Bonamia,Convolvulaceae
3627,Bonnaya antipoda,Bonnaya,Linderniaceae
3630,Bonnaya ruelloides,Bonnaya,Linderniaceae
3636,Borneacanthus angustifolius,Borneacanthus,Acanthaceae
3637,Borneacanthus grandifolius,Borneacanthus,Acanthaceae
3638,Borneacanthus mesargyreus,Borneacanthus,Acanthaceae
3639,Borneacanthus stenothyrsus,Borneacanthus,Acanthaceae
3640,Boschia excelsa,Boschia,Malvaceae
3641,Boschia grandiflora,Boschia,Malvaceae
3642,Boschia griffithii,Boschia,Malvaceae
3653,Botrychium daucifolium,Botrychium,Ophioglossaceae
3654,Botrychium lanuginosum,Botrychium,Ophioglossaceae
3655,Botrychium ternatum,Botrychium,Ophioglossaceae
3656,Botryophora geniculata,Botryophora,Euphorbiaceae
3661,Bowringia callicarpa,Bowringia,Fabaceae
3665,Brachypeza cladostachya,Brachypeza,Orchidaceae
3666,Brachypeza indusiata,Brachypeza,Orchidaceae
3667,Brachypeza koeteiensis,Brachypeza,Orchidaceae
3669,Brachypeza pallida,Brachypeza,Orchidaceae
3670,Brachypeza stenoglottis,Brachypeza,Orchidaceae
3671,Brachypeza unguiculata,Brachypeza,Orchidaceae
3682,Brackenridgea elegantissima,Brackenridgea,Ochnaceae
3684,Brackenridgea palustris,Brackenridgea,Ochnaceae
3693,Bredia hirsuta,Bredia,Melastomataceae
3695,Breynia androgyna,Breynia,Phyllanthaceae
3698,Breynia collaris,Breynia,Phyllanthaceae
3699,Breynia coronata,Breynia,Phyllanthaceae
3701,Breynia fruticosa,Breynia,Phyllanthaceae
3702,Breynia glauca,Breynia,Phyllanthaceae
3704,Breynia lanceolata,Breynia,Phyllanthaceae
3706,Breynia microphylla,Breynia,Phyllanthaceae
3714,Breynia racemosa,Breynia,Phyllanthaceae
3717,Breynia temii,Breynia,Phyllanthaceae
3721,Breynia vitis-idaea,Breynia,Phyllanthaceae
3722,Bridelia cinnamomea,Bridelia,Phyllanthaceae
3725,Bridelia glauca,Bridelia,Phyllanthaceae
3730,Bridelia pustulata,Bridelia,Phyllanthaceae
3733,Bridelia tomentosa,Bridelia,Phyllanthaceae
3736,Bromheadia aporoides,Bromheadia,Orchidaceae
3737,Bromheadia borneensis,Bromheadia,Orchidaceae
3738,Bromheadia borneensis var. longiflora,Bromheadia,Orchidaceae
3739,Bromheadia brevifolia,Bromheadia,Orchidaceae
3740,Bromheadia cecieliae,Bromheadia,Orchidaceae
3741,Bromheadia crassiflora,Bromheadia,Orchidaceae
3742,Bromheadia divaricata,Bromheadia,Orchidaceae
3743,Bromheadia ensifolia,Bromheadia,Orchidaceae
3744,Bromheadia finlaysoniana,Bromheadia,Orchidaceae
3745,Bromheadia graminea,Bromheadia,Orchidaceae
3746,Bromheadia latifolia,Bromheadia,Orchidaceae
3747,Bromheadia pungens,Bromheadia,Orchidaceae
3748,Bromheadia robusta,Bromheadia,Orchidaceae
3749,Bromheadia tenuis,Bromheadia,Orchidaceae
3750,Bromheadia truncata,Bromheadia,Orchidaceae
3753,Bromus insignis,Bromus,Poaceae
3760,Brookea auriculata,Brookea,Stilbaceae
3762,Brookea dasyantha,Brookea,Stilbaceae
3764,Brookea tomentosa,Brookea,Stilbaceae
3766,Brownlowia arachnoidea,Brownlowia,Malvaceae
3767,Brownlowia argentata,Brownlowia,Malvaceae
3768,Brownlowia calciphila,Brownlowia,Malvaceae
3769,Brownlowia cuspidata,Brownlowia,Malvaceae
3770,Brownlowia ferruginea,Brownlowia,Malvaceae
3771,Brownlowia fluminensis,Brownlowia,Malvaceae
3772,Brownlowia ovalis,Brownlowia,Malvaceae
3773,Brownlowia palustris,Brownlowia,Malvaceae
3774,Brownlowia peltata,Brownlowia,Malvaceae
3775,Brownlowia rubra,Brownlowia,Malvaceae
3776,Brownlowia sarawhensis,Brownlowia,Malvaceae
3777,Brownlowia sarwonoi,Brownlowia,Malvaceae
3778,Brownlowia tersa,Brownlowia,Malvaceae
3779,Brucea javanica,Brucea,Simaroubaceae
3782,Bruguiera cylindrica,Bruguiera,Rhizophoraceae
3784,Bruguiera gymnorhiza,Bruguiera,Rhizophoraceae
3785,Bruguiera parviflora,Bruguiera,Rhizophoraceae
3786,Bruguiera sexangula,Bruguiera,Rhizophoraceae
3787,Bruinsmia styracoides,Bruinsmia,Styracaceae
3788,Bryobium atrorubens,Bryobium,Orchidaceae
3789,Bryobium bicristatum,Bryobium,Orchidaceae
3793,Bryobium hyacinthoides,Bryobium,Orchidaceae
3796,Bryobium pudicum,Bryobium,Orchidaceae
3798,Bryobium punctatum,Bryobium,Orchidaceae
3802,Bucephalandra akantha,Bucephalandra,Araceae
3803,Bucephalandra aurantiitheca,Bucephalandra,Araceae
3804,Bucephalandra belindae,Bucephalandra,Araceae
3805,Bucephalandra chimaera,Bucephalandra,Araceae
3806,Bucephalandra chrysokoupa,Bucephalandra,Araceae
3807,Bucephalandra diabolica,Bucephalandra,Araceae
3808,Bucephalandra elliptica,Bucephalandra,Araceae
3809,Bucephalandra forcipula,Bucephalandra,Araceae
3810,Bucephalandra gigantea,Bucephalandra,Araceae
3811,Bucephalandra goliath,Bucephalandra,Araceae
3812,Bucephalandra kerangas,Bucephalandra,Araceae
3813,Bucephalandra kishii,Bucephalandra,Araceae
3814,Bucephalandra micrantha,Bucephalandra,Araceae
3815,Bucephalandra minotaur,Bucephalandra,Araceae
3816,Bucephalandra motleyana,Bucephalandra,Araceae
3817,Bucephalandra oncophora,Bucephalandra,Araceae
3818,Bucephalandra pubes,Bucephalandra,Araceae
3819,Bucephalandra pygmaea,Bucephalandra,Araceae
3820,Bucephalandra sordidula,Bucephalandra,Araceae
3821,Bucephalandra spathulifolia,Bucephalandra,Araceae
3822,Bucephalandra tetana,Bucephalandra,Araceae
3823,Bucephalandra vespula,Bucephalandra,Araceae
3824,Bucephalandra yengiae,Bucephalandra,Araceae
3826,Buchanania arborescens,Buchanania,Anacardiaceae
3827,Buchanania insignis,Buchanania,Anacardiaceae
3830,Buchanania sessifolia,Buchanania,Anacardiaceae
3831,Buchanania splendens,Buchanania,Anacardiaceae
3834,Buchnera cruciata,Buchnera,Orobanchaceae
3842,Buchnera urticifolia,Buchnera,Orobanchaceae
3844,Buddleja asiatica,Buddleja,Scrophulariaceae
3849,Bulbophyllum absconditum,Bulbophyllum,Orchidaceae
3854,Bulbophyllum acuminatum,Bulbophyllum,Orchidaceae
3862,Bulbophyllum aeolium,Bulbophyllum,Orchidaceae
3875,Bulbophyllum anaclastum,Bulbophyllum,Orchidaceae
3877,Bulbophyllum anceps,Bulbophyllum,Orchidaceae
3880,Bulbophyllum anisopterum,Bulbophyllum,Orchidaceae
3885,Bulbophyllum antenniferum,Bulbophyllum,Orchidaceae
3888,Bulbophyllum apheles,Bulbophyllum,Orchidaceae
3889,Bulbophyllum apodum,Bulbophyllum,Orchidaceae
3897,Bulbophyllum armeniacum,Bulbophyllum,Orchidaceae
3899,Bulbophyllum artvogelii,Bulbophyllum,Orchidaceae
3902,Bulbophyllum atratum,Bulbophyllum,Orchidaceae
3904,Bulbophyllum attenuatum,Bulbophyllum,Orchidaceae
3906,Bulbophyllum auratum,Bulbophyllum,Orchidaceae
3918,Bulbophyllum beccarii,Bulbophyllum,Orchidaceae
3922,Bulbophyllum bielecki,Bulbophyllum,Orchidaceae
3923,Bulbophyllum biflorum,Bulbophyllum,Orchidaceae
3926,Bulbophyllum bilobipetalum,Bulbophyllum,Orchidaceae
3927,Bulbophyllum biseriale,Bulbophyllum,Orchidaceae
3931,Bulbophyllum breimerianum,Bulbophyllum,Orchidaceae
3933,Bulbophyllum brevicolumna,Bulbophyllum,Orchidaceae
3936,Bulbophyllum brienianum,Bulbophyllum,Orchidaceae
3948,Bulbophyllum catenarium,Bulbophyllum,Orchidaceae
3950,Bulbophyllum caudatisepalum,Bulbophyllum,Orchidaceae
3956,Bulbophyllum ceratostylis,Bulbophyllum,Orchidaceae
3957,Bulbophyllum cercanthum,Bulbophyllum,Orchidaceae
3958,Bulbophyllum cernuum,Bulbophyllum,Orchidaceae
3972,Bulbophyllum clandestinum,Bulbophyllum,Orchidaceae
3973,Bulbophyllum claptonense,Bulbophyllum,Orchidaceae
3974,Bulbophyllum cleistogamum,Bulbophyllum,Orchidaceae
3981,Bulbophyllum coloratum,Bulbophyllum,Orchidaceae
3988,Bulbophyllum concinnum,Bulbophyllum,Orchidaceae
3993,Bulbophyllum coniferum,Bulbophyllum,Orchidaceae
3996,Bulbophyllum conspectum,Bulbophyllum,Orchidaceae
4000,Bulbophyllum cornutum,Bulbophyllum,Orchidaceae
4001,Bulbophyllum corolliferum,Bulbophyllum,Orchidaceae
4016,Bulbophyllum cuspidipetalum,Bulbophyllum,Orchidaceae
4023,Bulbophyllum cyrtognomom,Bulbophyllum,Orchidaceae
4025,Bulbophyllum dearei,Bulbophyllum,Orchidaceae
4030,Bulbophyllum decurviscapum,Bulbophyllum,Orchidaceae
4032,Bulbophyllum dekockii,Bulbophyllum,Orchidaceae
4034,Bulbophyllum deltoideum,Bulbophyllum,Orchidaceae
4040,Bulbophyllum depressum,Bulbophyllum,Orchidaceae
4052,Bulbophyllum disjunctum,Bulbophyllum,Orchidaceae
4056,Bulbophyllum dracunculus,Bulbophyllum,Orchidaceae
4057,Bulbophyllum dryas,Bulbophyllum,Orchidaceae
4062,Bulbophyllum ecornutum subsp. verrucatum,Bulbophyllum,Orchidaceae
4067,Bulbophyllum elevatopunctatum,Bulbophyllum,Orchidaceae
4074,Bulbophyllum epicranthes var. sumatranum,Bulbophyllum,Orchidaceae
4076,Bulbophyllum ericssonii,Bulbophyllum,Orchidaceae
4083,Bulbophyllum farinulentum,Bulbophyllum,Orchidaceae
4084,Bulbophyllum fascinator,Bulbophyllum,Orchidaceae
4085,Bulbophyllum fenestratum,Bulbophyllum,Orchidaceae
4091,Bulbophyllum flammuliferum,Bulbophyllum,Orchidaceae
4092,Bulbophyllum flavescens,Bulbophyllum,Orchidaceae
4095,Bulbophyllum flavofimbriatum,Bulbophyllum,Orchidaceae
4116,Bulbophyllum gibbosum,Bulbophyllum,Orchidaceae
4124,Bulbophyllum gracillimum,Bulbophyllum,Orchidaceae
4131,Bulbophyllum gusdorfii,Bulbophyllum,Orchidaceae
4134,Bulbophyllum habrotinum,Bulbophyllum,Orchidaceae
4139,Bulbophyllum hemiprionotum,Bulbophyllum,Orchidaceae
4143,Bulbophyllum hirtulum,Bulbophyllum,Orchidaceae
4149,Bulbophyllum hyption,Bulbophyllum,Orchidaceae
4167,Bulbophyllum ionophyllum,Bulbophyllum,Orchidaceae
4169,Bulbophyllum isabellinum,Bulbophyllum,Orchidaceae
4174,Bulbophyllum kemulense,Bulbophyllum,Orchidaceae
4182,Bulbophyllum koilobasis,Bulbophyllum,Orchidaceae
4186,Bulbophyllum lacinulosum,Bulbophyllum,Orchidaceae
4195,Bulbophyllum laxiflorum,Bulbophyllum,Orchidaceae
4197,Bulbophyllum lemniscatoides,Bulbophyllum,Orchidaceae
4199,Bulbophyllum leniae,Bulbophyllum,Orchidaceae
4202,Bulbophyllum lepidum,Bulbophyllum,Orchidaceae
4210,Bulbophyllum limbatum,Bulbophyllum,Orchidaceae
4215,Bulbophyllum lissoglossum,Bulbophyllum,Orchidaceae
4216,Bulbophyllum lobbii,Bulbophyllum,Orchidaceae
4217,Bulbophyllum lobbii subsp. breviflorum,Bulbophyllum,Orchidaceae
4220,Bulbophyllum longerepens,Bulbophyllum,Orchidaceae
4221,Bulbophyllum longhutense,Bulbophyllum,Orchidaceae
4222,Bulbophyllum longiflorum,Bulbophyllum,Orchidaceae
4223,Bulbophyllum longimucronatum,Bulbophyllum,Orchidaceae
4232,Bulbophyllum lygeron,Bulbophyllum,Orchidaceae
4236,Bulbophyllum macranthum,Bulbophyllum,Orchidaceae
4238,Bulbophyllum macrochilum,Bulbophyllum,Orchidaceae
4240,Bulbophyllum mahakamense,Bulbophyllum,Orchidaceae
4242,Bulbophyllum makoyanum,Bulbophyllum,Orchidaceae
4247,Bulbophyllum maxillare,Bulbophyllum,Orchidaceae
4250,Bulbophyllum medusae,Bulbophyllum,Orchidaceae
4254,Bulbophyllum membranaceum,Bulbophyllum,Orchidaceae
4255,Bulbophyllum membranifolium,Bulbophyllum,Orchidaceae
4260,Bulbophyllum microglossum,Bulbophyllum,Orchidaceae
4265,Bulbophyllum minutulum,Bulbophyllum,Orchidaceae
4266,Bulbophyllum mirabile,Bulbophyllum,Orchidaceae
4270,Bulbophyllum montense,Bulbophyllum,Orchidaceae
4276,Bulbophyllum multiflexum,Bulbophyllum,Orchidaceae
4280,Bulbophyllum mutabile,Bulbophyllum,Orchidaceae
4288,Bulbophyllum nasseri,Bulbophyllum,Orchidaceae
4290,Bulbophyllum nematocaulon,Bulbophyllum,Orchidaceae
4302,Bulbophyllum obtusipetalum,Bulbophyllum,Orchidaceae
4303,Bulbophyllum obtusum,Bulbophyllum,Orchidaceae
4308,Bulbophyllum odoratum,Bulbophyllum,Orchidaceae
4317,Bulbophyllum orectopetalum,Bulbophyllum,Orchidaceae
4325,Bulbophyllum otochilum,Bulbophyllum,Orchidaceae
4326,Bulbophyllum ovalifolium,Bulbophyllum,Orchidaceae
4340,Bulbophyllum papuliferum,Bulbophyllum,Orchidaceae
4344,Bulbophyllum patens,Bulbophyllum,Orchidaceae
4349,Bulbophyllum penduliscapum,Bulbophyllum,Orchidaceae
4361,Bulbophyllum picturatum,Bulbophyllum,Orchidaceae
4364,Bulbophyllum pileatum,Bulbophyllum,Orchidaceae
4368,Bulbophyllum planibulbe,Bulbophyllum,Orchidaceae
4370,Bulbophyllum pleochromum,Bulbophyllum,Orchidaceae
4373,Bulbophyllum pocillum,Bulbophyllum,Orchidaceae
4374,Bulbophyllum polycyclum,Bulbophyllum,Orchidaceae
4377,Bulbophyllum praetervisum,Bulbophyllum,Orchidaceae
4378,Bulbophyllum prianganense,Bulbophyllum,Orchidaceae
4380,Bulbophyllum protractum,Bulbophyllum,Orchidaceae
4387,Bulbophyllum pugilanthum,Bulbophyllum,Orchidaceae
4388,Bulbophyllum puguahaanense,Bulbophyllum,Orchidaceae
4393,Bulbophyllum pustulatum,Bulbophyllum,Orchidaceae
4394,Bulbophyllum putidum,Bulbophyllum,Orchidaceae
4402,Bulbophyllum rariflorum,Bulbophyllum,Orchidaceae
4407,Bulbophyllum refractilingue,Bulbophyllum,Orchidaceae
4411,Bulbophyllum restrepia,Bulbophyllum,Orchidaceae
4412,Bulbophyllum reticulatum,Bulbophyllum,Orchidaceae
4413,Bulbophyllum rheophyton,Bulbophyllum,Orchidaceae
4414,Bulbophyllum rhizomatosum,Bulbophyllum,Orchidaceae
4422,Bulbophyllum rubiferum,Bulbophyllum,Orchidaceae
4424,Bulbophyllum rugosum,Bulbophyllum,Orchidaceae
4426,Bulbophyllum rutilans,Bulbophyllum,Orchidaceae
4428,Bulbophyllum salaccense,Bulbophyllum,Orchidaceae
4429,Bulbophyllum sanguineomaculatum,Bulbophyllum,Orchidaceae
4436,Bulbophyllum savaiense subsp. subcubicum,Bulbophyllum,Orchidaceae
4440,Bulbophyllum schefferi,Bulbophyllum,Orchidaceae
4453,Bulbophyllum sigmoideum,Bulbophyllum,Orchidaceae
4459,Bulbophyllum sopoetanense,Bulbophyllum,Orchidaceae
4465,Bulbophyllum spissum,Bulbophyllum,Orchidaceae
4475,Bulbophyllum stipitatibulbum,Bulbophyllum,Orchidaceae
4480,Bulbophyllum subclausum,Bulbophyllum,Orchidaceae
4483,Bulbophyllum subumbellatum,Bulbophyllum,Orchidaceae
4484,Bulbophyllum succedaneum,Bulbophyllum,Orchidaceae
4487,Bulbophyllum taeniophyllum,Bulbophyllum,Orchidaceae
4491,Bulbophyllum tardeflorens,Bulbophyllum,Orchidaceae
4495,Bulbophyllum tenuifolium,Bulbophyllum,Orchidaceae
4509,Bulbophyllum tothastes,Bulbophyllum,Orchidaceae
4523,Bulbophyllum trifolium,Bulbophyllum,Orchidaceae
4526,Bulbophyllum trigonopus,Bulbophyllum,Orchidaceae
4530,Bulbophyllum tryssum,Bulbophyllum,Orchidaceae
4535,Bulbophyllum unguiculatum,Bulbophyllum,Orchidaceae
4536,Bulbophyllum uniflorum,Bulbophyllum,Orchidaceae
4540,Bulbophyllum vaginatum,Bulbophyllum,Orchidaceae
4544,Bulbophyllum vanvuurenii,Bulbophyllum,Orchidaceae
4548,Bulbophyllum vermiculare,Bulbophyllum,Orchidaceae
4552,Bulbophyllum vestigipetalum,Bulbophyllum,Orchidaceae
4565,Bulbophyllum xiphion,Bulbophyllum,Orchidaceae
4573,Bulbostylis junciformis,Bulbostylis,Cyperaceae
4575,Bungarimba kahayanensis,Bungarimba,Rubiaceae
4576,Bungarimba ridsdalei,Bungarimba,Rubiaceae
4577,Bungarimba sessiliflora,Bungarimba,Rubiaceae
4578,Burbidgea pauciflora,Burbidgea,Zingiberaceae
4579,Burbidgea stenantha,Burbidgea,Zingiberaceae
4585,Burkillanthus malaccensis,Burkillanthus,Rutaceae
4587,Burmannia bifaria,Burmannia,Burmanniaceae
4589,Burmannia championii,Burmannia,Burmanniaceae
4590,Burmannia coelestis,Burmannia,Burmanniaceae
4592,Burmannia disticha,Burmannia,Burmanniaceae
4596,Burmannia longifolia,Burmannia,Burmanniaceae
4597,Burmannia lutescens,Burmannia,Burmanniaceae
4598,Burmannia malasica,Burmannia,Burmanniaceae
4617,Cajanus cajanifolius,Cajanus,Fabaceae
4622,Cajanus scarabaeoides,Cajanus,Fabaceae
4639,Calamus asteracanthus,Calamus,Arecaceae
4640,Calamus ater,Calamus,Arecaceae
4641,Calamus axillaris,Calamus,Arecaceae
4653,Calamus calciphilus,Calamus,Arecaceae
4660,Calamus ciliaris,Calamus,Arecaceae
4661,Calamus comptus,Calamus,Arecaceae
4662,Calamus concolor,Calamus,Arecaceae
4664,Calamus conirostris,Calamus,Arecaceae
4665,Calamus conspectus,Calamus,Arecaceae
4666,Calamus convallium,Calamus,Arecaceae
4667,Calamus crinitus,Calamus,Arecaceae
4669,Calamus crinitus subsp. sabut,Calamus,Arecaceae
4670,Calamus cristatus,Calamus,Arecaceae
4672,Calamus densifloropsis,Calamus,Arecaceae
4677,Calamus disjunctus,Calamus,Arecaceae
4679,Calamus divaricatus,Calamus,Arecaceae
4681,Calamus draco,Calamus,Arecaceae
4683,Calamus dumetosus,Calamus,Arecaceae
4687,Calamus erioacanthus,Calamus,Arecaceae
4691,Calamus flabellatus,Calamus,Arecaceae
4692,Calamus formicarius,Calamus,Arecaceae
4693,Calamus formosanus,Calamus,Arecaceae
4696,Calamus geniculatus,Calamus,Arecaceae
4697,Calamus gibbsianus,Calamus,Arecaceae
4699,Calamus gonospermus,Calamus,Arecaceae
4700,Calamus gracilipes,Calamus,Arecaceae
4703,Calamus hallierianus,Calamus,Arecaceae
4708,Calamus heteroideus,Calamus,Arecaceae
4709,Calamus hirsutus,Calamus,Arecaceae
4710,Calamus hirsutus subsp. korthalsii,Calamus,Arecaceae
4711,Calamus hirsutus subsp. minor,Calamus,Arecaceae
4715,Calamus ingens,Calamus,Arecaceae
4718,Calamus insolitus,Calamus,Arecaceae
4721,Calamus javensis,Calamus,Arecaceae
4722,Calamus johanis,Calamus,Arecaceae
4731,Calamus kunstleri,Calamus,Arecaceae
4732,Calamus kunstleri subsp. microstachys,Calamus,Arecaceae
4738,Calamus leloi,Calamus,Arecaceae
4741,Calamus lobbianus,Calamus,Arecaceae
4742,Calamus longibracteatus,Calamus,Arecaceae
4743,Calamus longipes,Calamus,Arecaceae
4750,Calamus maculatus,Calamus,Arecaceae
4751,Calamus malawaliensis,Calamus,Arecaceae
4752,Calamus manan,Calamus,Arecaceae
4753,Calamus marginatus,Calamus,Arecaceae
4757,Calamus melanochaetes,Calamus,Arecaceae
4759,Calamus micracanthus,Calamus,Arecaceae
4763,Calamus mirabilis,Calamus,Arecaceae
4767,Calamus moti,Calamus,Arecaceae
4768,Calamus muricatus,Calamus,Arecaceae
4769,Calamus myriacanthus,Calamus,Arecaceae
4770,Calamus nematospadix,Calamus,Arecaceae
4775,Calamus oblatus,Calamus,Arecaceae
4776,Calamus oblongus,Calamus,Arecaceae
4779,Calamus oblongus subsp. elongatus,Calamus,Arecaceae
4780,Calamus oblongus subsp. irregularis,Calamus,Arecaceae
4781,Calamus oblongus subsp. longistipes,Calamus,Arecaceae
4786,Calamus optimus,Calamus,Arecaceae
4787,Calamus ornatus,Calamus,Arecaceae
4790,Calamus oxycoccus,Calamus,Arecaceae
4791,Calamus pandanosmus,Calamus,Arecaceae
4795,Calamus paspalanthus,Calamus,Arecaceae
4798,Calamus periacanthus,Calamus,Arecaceae
4800,Calamus pilosellus,Calamus,Arecaceae
4803,Calamus plicatus,Calamus,Arecaceae
4804,Calamus pogonacanthus,Calamus,Arecaceae
4807,Calamus praetermissus,Calamus,Arecaceae
4811,Calamus psilocladus,Calamus,Arecaceae
4812,Calamus pulcher,Calamus,Arecaceae
4814,Calamus radulosus,Calamus,Arecaceae
4818,Calamus rhomboideus,Calamus,Arecaceae
4819,Calamus rhytidomus,Calamus,Arecaceae
4825,Calamus rugosus,Calamus,Arecaceae
4827,Calamus ruptilis,Calamus,Arecaceae
4828,Calamus ruptiloides,Calamus,Arecaceae
4829,Calamus ruvidus,Calamus,Arecaceae
4830,Calamus sabensis,Calamus,Arecaceae
4832,Calamus sarawakensis,Calamus,Arecaceae
4834,Calamus scabridulus,Calamus,Arecaceae
4836,Calamus scapigerus,Calamus,Arecaceae
4837,Calamus schistoacanthus,Calamus,Arecaceae
4839,Calamus scipionum,Calamus,Arecaceae
4846,Calamus sordidus,Calamus,Arecaceae
4848,Calamus sparsiflorus,Calamus,Arecaceae
4849,Calamus spectatissimus,Calamus,Arecaceae
4852,Calamus spinulinervis,Calamus,Arecaceae
4854,Calamus subangulatus,Calamus,Arecaceae
4865,Calamus tenompokensis,Calamus,Arecaceae
4868,Calamus trachycoleus,Calamus,Arecaceae
4873,Calamus usitatus,Calamus,Arecaceae
4887,Calamus zonatus,Calamus,Arecaceae
4894,Calanthe aurantiaca,Calanthe,Orchidaceae
4896,Calanthe beamanii,Calanthe,Orchidaceae
4909,Calanthe crenulata,Calanthe,Orchidaceae
4920,Calanthe gibbsiae,Calanthe,Orchidaceae
4924,Calanthe kemulensis,Calanthe,Orchidaceae
4925,Calanthe kinabaluensis,Calanthe,Orchidaceae
4928,Calanthe longibracteata,Calanthe,Orchidaceae
4930,Calanthe masuca,Calanthe,Orchidaceae
4935,Calanthe monophylla,Calanthe,Orchidaceae
4940,Calanthe pulchra,Calanthe,Orchidaceae
4949,Calanthe sylvatica,Calanthe,Orchidaceae
4953,Calanthe triplicata,Calanthe,Orchidaceae
4955,Calanthe undulata,Calanthe,Orchidaceae
4959,Calanthe vestita,Calanthe,Orchidaceae
4961,Calanthe zollingeri,Calanthe,Orchidaceae
4972,Callicarpa anomala,Callicarpa,Lamiaceae
4974,Callicarpa arborea,Callicarpa,Lamiaceae
4975,Callicarpa argentii,Callicarpa,Lamiaceae
4976,Callicarpa barbata,Callicarpa,Lamiaceae
4980,Callicarpa caudata,Callicarpa,Lamiaceae
4982,Callicarpa endertii,Callicarpa,Lamiaceae
4987,Callicarpa glabrifolia,Callicarpa,Lamiaceae
4989,Callicarpa havilandii,Callicarpa,Lamiaceae
4990,Callicarpa homoeophylla,Callicarpa,Lamiaceae
4991,Callicarpa involucrata,Callicarpa,Lamiaceae
4992,Callicarpa japonica,Callicarpa,Lamiaceae
4993,Callicarpa kinabaluensis,Callicarpa,Lamiaceae
4995,Callicarpa longifolia,Callicarpa,Lamiaceae
5002,Callicarpa pentandra,Callicarpa,Lamiaceae
5004,Callicarpa quaternifolia,Callicarpa,Lamiaceae
5005,Callicarpa rubella,Callicarpa,Lamiaceae
5006,Callicarpa saccata,Callicarpa,Lamiaceae
5007,Callicarpa scandens,Callicarpa,Lamiaceae
5008,Callicarpa subaequalis,Callicarpa,Lamiaceae
5009,Callicarpa superposita,Callicarpa,Lamiaceae
5010,Callicarpa teneriflora,Callicarpa,Lamiaceae
5021,Callostylis rigida,Callostylis,Orchidaceae
5023,Calochlaena javanica,Calochlaena,Dicksoniaceae
5028,Calophyllum andersonii,Calophyllum,Calophyllaceae
5030,Calophyllum ardens,Calophyllum,Calophyllaceae
5033,Calophyllum biflorum,Calophyllum,Calophyllaceae
5035,Calophyllum blancoi,Calophyllum,Calophyllaceae
5037,Calophyllum calaba,Calophyllum,Calophyllaceae
5038,Calophyllum calaba var. bracteatum,Calophyllum,Calophyllaceae
5040,Calophyllum calcicola,Calophyllum,Calophyllaceae
5041,Calophyllum canum,Calophyllum,Calophyllaceae
5044,Calophyllum castaneum,Calophyllum,Calophyllaceae
5050,Calophyllum dasypodium,Calophyllum,Calophyllaceae
5051,Calophyllum depressinervosum,Calophyllum,Calophyllaceae
5052,Calophyllum dioscurii,Calophyllum,Calophyllaceae
5053,Calophyllum dispar,Calophyllum,Calophyllaceae
5061,Calophyllum gracilipes,Calophyllum,Calophyllaceae
5063,Calophyllum griseum,Calophyllum,Calophyllaceae
5064,Calophyllum havilandii,Calophyllum,Calophyllaceae
5067,Calophyllum hosei,Calophyllum,Calophyllaceae
5068,Calophyllum incumbens,Calophyllum,Calophyllaceae
5069,Calophyllum inophyllum,Calophyllum,Calophyllaceae
5071,Calophyllum lanigerum,Calophyllum,Calophyllaceae
5072,Calophyllum lanigerum var. austrocoriaceum,Calophyllum,Calophyllaceae
5075,Calophyllum lowei,Calophyllum,Calophyllaceae
5076,Calophyllum macrocarpum,Calophyllum,Calophyllaceae
5079,Calophyllum molle,Calophyllum,Calophyllaceae
5081,Calophyllum mukunense,Calophyllum,Calophyllaceae
5083,Calophyllum nodosum,Calophyllum,Calophyllaceae
5092,Calophyllum pisiferum,Calophyllum,Calophyllaceae
5093,Calophyllum praetermissum,Calophyllum,Calophyllaceae
5094,Calophyllum pulcherrimum,Calophyllum,Calophyllaceae
5095,Calophyllum pyriforme,Calophyllum,Calophyllaceae
5096,Calophyllum recurvatum,Calophyllum,Calophyllaceae
5097,Calophyllum rigidum,Calophyllum,Calophyllaceae
5099,Calophyllum rubiginosum,Calophyllum,Calophyllaceae
5104,Calophyllum sclerophyllum,Calophyllum,Calophyllaceae
5107,Calophyllum soulattri,Calophyllum,Calophyllaceae
5110,Calophyllum sundaicum,Calophyllum,Calophyllaceae
5112,Calophyllum tetrapterum,Calophyllum,Calophyllaceae
5113,Calophyllum tetrapterum var. obovale,Calophyllum,Calophyllaceae
5114,Calophyllum teysmannii,Calophyllum,Calophyllaceae
5115,Calophyllum teysmannii var. inophylloide,Calophyllum,Calophyllaceae
5120,Calophyllum venulosum,Calophyllum,Calophyllaceae
5124,Calophyllum wallichianum var. incrassatum,Calophyllum,Calophyllaceae
5125,Calophyllum woodii,Calophyllum,Calophyllaceae
5126,Calotropis gigantea,Calotropis,Apocynaceae
5167,Camellia lanceolata,Camellia,Theaceae
5171,Camonea pilosa,Camonea,Convolvulaceae
5172,Camonea vitifolia,Camonea,Convolvulaceae
5173,Campnosperma auriculatum,Campnosperma,Anacardiaceae
5175,Campnosperma coriaceum,Campnosperma,Anacardiaceae
5177,Campnosperma squamatum,Campnosperma,Anacardiaceae
5180,Camptandra gracillima,Camptandra,Zingiberaceae
5182,Camptostemon philippinensis,Camptostemon,Malvaceae
5185,Campylospermum glomeratum,Campylospermum,Ochnaceae
5186,Campylospermum serratum,Campylospermum,Ochnaceae
5193,Canarium apertum,Canarium,Burseraceae
5194,Canarium asperum,Canarium,Burseraceae
5198,Canarium caudatum,Canarium,Burseraceae
5199,Canarium decumanum,Canarium,Burseraceae
5200,Canarium denticulatum,Canarium,Burseraceae
5201,Canarium denticulatum subsp. kostermansii,Canarium,Burseraceae
5202,Canarium dichotomum,Canarium,Burseraceae
5203,Canarium divergens,Canarium,Burseraceae
5204,Canarium fuscocalycinum,Canarium,Burseraceae
5211,Canarium kinabaluense,Canarium,Burseraceae
5213,Canarium kostermansii,Canarium,Burseraceae
5215,Canarium latistipulatum,Canarium,Burseraceae
5216,Canarium littorale,Canarium,Burseraceae
5218,Canarium maluense subsp. borneense,Canarium,Burseraceae
5220,Canarium megalanthum,Canarium,Burseraceae
5221,Canarium merrillii,Canarium,Burseraceae
5222,Canarium odontophyllum,Canarium,Burseraceae
5224,Canarium patentinervium,Canarium,Burseraceae
5226,Canarium pilosum,Canarium,Burseraceae
5228,Canarium pseudodecumanum,Canarium,Burseraceae
5229,Canarium pseudopatentinervium,Canarium,Burseraceae
5230,Canarium pseudosumatranum,Canarium,Burseraceae
5239,Canavalia cathartica,Canavalia,Fabaceae
5245,Canavalia rosea,Canavalia,Fabaceae
5252,Cansjera rheedei,Cansjera,Opiliaceae
5257,Canthium horridum,Canthium,Rubiaceae
5262,Canthium moluccanum,Canthium,Rubiaceae
5268,Canthium scandens,Canthium,Rubiaceae
5270,Canthium umbelligerum,Canthium,Rubiaceae
5272,Canthiumera glabra,Canthiumera,Rubiaceae
5273,Canthiumera robusta,Canthiumera,Rubiaceae
5275,Cantleya corniculata,Cantleya,Stemonuraceae
5283,Capparis buwaldae,Capparis,Capparaceae
5295,Capparis micracantha subsp. korthalsiana,Capparis,Capparaceae
5297,Capparis pubiflora,Capparis,Capparaceae
5314,Carallia borneensis,Carallia,Rhizophoraceae
5315,Carallia brachiata,Carallia,Rhizophoraceae
5316,Carallia calophylloidea,Carallia,Rhizophoraceae
5318,Carallia eugenioidea,Carallia,Rhizophoraceae
5319,Carallia hulstijnii,Carallia,Rhizophoraceae
5325,Cardamine hirsuta,Cardamine,Brassicaceae
5331,Cardiopteris quinqueloba,Cardiopteris,Cardiopteridaceae
5332,Cardiospermum halicacabum,Cardiospermum,Sapindaceae
5334,Carex alopecuroides,Carex,Cyperaceae
5335,Carex alta,Carex,Cyperaceae
5339,Carex baccans,Carex,Cyperaceae
5342,Carex breviculmis,Carex,Cyperaceae
5355,Carex cruciata,Carex,Cyperaceae
5356,Carex cryptostachys,Carex,Cyperaceae
5360,Carex dolichostachya,Carex,Cyperaceae
5361,Carex doniana,Carex,Cyperaceae
5366,Carex filicina,Carex,Cyperaceae
5369,Carex graeffeana,Carex,Cyperaceae
5375,Carex indica,Carex,Cyperaceae
5382,Carex longipes,Carex,Cyperaceae
5384,Carex maubertiana,Carex,Cyperaceae
5394,Carex perakensis,Carex,Cyperaceae
5395,Carex perakensis var. borneensis,Carex,Cyperaceae
5400,Carex rafflesiana,Carex,Cyperaceae
5406,Carex speciosa,Carex,Cyperaceae
5411,Carex teinogyna,Carex,Cyperaceae
5414,Carex tristachya,Carex,Cyperaceae
5415,Carex tristachya var. pocilliformis,Carex,Cyperaceae
5419,Carex verticillata,Carex,Cyperaceae
5422,Carissa carandas,Carissa,Apocynaceae
5424,Carlemannia tetragona,Carlemannia,Carlemanniaceae
5437,Caryodaphnopsis tonkinensis,Caryodaphnopsis,Lauraceae
5441,Caryota mitis,Caryota,Arecaceae
5442,Caryota no,Caryota,Arecaceae
5455,Casearia capitellata,Casearia,Salicaceae
5459,Casearia elliptifolia,Casearia,Salicaceae
5461,Casearia flexula,Casearia,Salicaceae
5465,Casearia grewiifolia,Casearia,Salicaceae
5466,Casearia grewiifolia var. deglabrata,Casearia,Salicaceae
5467,Casearia grewiifolia var. hexagona,Casearia,Salicaceae
5469,Casearia hosei,Casearia,Salicaceae
5470,Casearia kostermansii,Casearia,Salicaceae
5483,Casearia rugulosa,Casearia,Salicaceae
5485,Casearia tuberculata,Casearia,Salicaceae
5487,Casearia velutinosa,Casearia,Salicaceae
5492,Cassia javanica,Cassia,Fabaceae
5493,Cassia javanica subsp. agnes,Cassia,Fabaceae
5496,Cassia javanica subsp. nodosa,Cassia,Fabaceae
5499,Cassytha capillaris,Cassytha,Lauraceae
5500,Cassytha filiformis,Cassytha,Lauraceae
5504,Castanopsis acuminatissima,Castanopsis,Fagaceae
5505,Castanopsis argentea,Castanopsis,Fagaceae
5506,Castanopsis borneensis,Castanopsis,Fagaceae
5509,Castanopsis costata,Castanopsis,Fagaceae
5511,Castanopsis densinervia,Castanopsis,Fagaceae
5512,Castanopsis endertii,Castanopsis,Fagaceae
5513,Castanopsis evansii,Castanopsis,Fagaceae
5514,Castanopsis foxworthyi,Castanopsis,Fagaceae
5515,Castanopsis fulva,Castanopsis,Fagaceae
5516,Castanopsis hypophoenicea,Castanopsis,Fagaceae
5518,Castanopsis javanica,Castanopsis,Fagaceae
5520,Castanopsis lucida,Castanopsis,Fagaceae
5522,Castanopsis megacarpa,Castanopsis,Fagaceae
5523,Castanopsis microphylla,Castanopsis,Fagaceae
5524,Castanopsis motleyana,Castanopsis,Fagaceae
5527,Castanopsis oviformis,Castanopsis,Fagaceae
5528,Castanopsis paucispina,Castanopsis,Fagaceae
5529,Castanopsis pedunculata,Castanopsis,Fagaceae
5530,Castanopsis philipensis,Castanopsis,Fagaceae
5531,Castanopsis psilophylla,Castanopsis,Fagaceae
5534,Castanopsis tungurrut,Castanopsis,Fagaceae
5537,Casuarina equisetifolia,Casuarina,Casuarinaceae
5543,Catanthera endertii,Catanthera,Melastomataceae
5545,Catanthera kinabaluensis,Catanthera,Melastomataceae
5548,Catanthera multiflora,Catanthera,Melastomataceae
5555,Catanthera tawaensis,Catanthera,Melastomataceae
5556,Catanthera tetrandra,Catanthera,Melastomataceae
5565,Causonis corniculata,Causonis,Vitaceae
5566,Causonis japonica,Causonis,Vitaceae
5569,Causonis trifolia,Causonis,Vitaceae
5576,Cayratia mollissima,Cayratia,Vitaceae
5588,Celastrus monospermoides,Celastrus,Celastraceae
5598,Celtis philippensis,Celtis,Cannabaceae
5599,Celtis rigescens,Celtis,Cannabaceae
5613,Centella asiatica,Centella,Apiaceae
5617,Centotheca lappacea,Centotheca,Poaceae
5626,Centrosema molle,Centrosema,Fabaceae
5635,Cephalomanes singaporianum,Cephalomanes,Hymenophyllaceae
5636,Cephalomappa beccariana,Cephalomappa,Euphorbiaceae
5637,Cephalomappa beccariana var. tenuifolia,Cephalomappa,Euphorbiaceae
5638,Cephalomappa lepidotula,Cephalomappa,Euphorbiaceae
5639,Cephalomappa malloticarpa,Cephalomappa,Euphorbiaceae
5658,Ceratostylis ampullacea,Ceratostylis,Orchidaceae
5667,Ceratostylis borneensis,Ceratostylis,Orchidaceae
5678,Ceratostylis crassifolia,Ceratostylis,Orchidaceae
5679,Ceratostylis crassilingua,Ceratostylis,Orchidaceae
5681,Ceratostylis culminicola,Ceratostylis,Orchidaceae
5708,Ceratostylis longisegmenta,Ceratostylis,Orchidaceae
5719,Ceratostylis pendula,Ceratostylis,Orchidaceae
5723,Ceratostylis radiata,Ceratostylis,Orchidaceae
5732,Ceratostylis scirpoides,Ceratostylis,Orchidaceae
5739,Ceratostylis subulata,Ceratostylis,Orchidaceae
5742,Ceratostylis tjihana,Ceratostylis,Orchidaceae
5749,Cerbera manghas,Cerbera,Apocynaceae
5750,Cerbera odollam,Cerbera,Apocynaceae
5754,Ceriops tagal,Ceriops,Rhizophoraceae
5755,Ceriscoides campanulata,Ceriscoides,Rubiaceae
5757,Ceriscoides perakensis,Ceriscoides,Rubiaceae
5773,Chaetocarpus castanicarpus,Chaetocarpus,Peraceae
5778,Chamaeanthus brachystachys,Chamaeanthus,Orchidaceae
5785,Chamaecrista pumila,Chamaecrista,Fabaceae
5788,Champereia manillana,Champereia,Opiliaceae
5789,Chassalia blumeana,Chassalia,Rubiaceae
5790,Chassalia curviflora,Chassalia,Rubiaceae
5792,Chassalia javanica,Chassalia,Rubiaceae
5798,Cheilosa montana,Cheilosa,Euphorbiaceae
5800,Cheiropleuria bicuspis,Cheiropleuria,Dipteridaceae
5802,Cheiropleuria parva,Cheiropleuria,Dipteridaceae
5808,Cheirostylis montana,Cheirostylis,Orchidaceae
5819,Chilocarpus beccarianus,Chilocarpus,Apocynaceae
5820,Chilocarpus conspicuus,Chilocarpus,Apocynaceae
5821,Chilocarpus costatus,Chilocarpus,Apocynaceae
5823,Chilocarpus denudatus,Chilocarpus,Apocynaceae
5825,Chilocarpus obtusifolius,Chilocarpus,Apocynaceae
5826,Chilocarpus rostratus,Chilocarpus,Apocynaceae
5827,Chilocarpus steenisianus,Chilocarpus,Apocynaceae
5828,Chilocarpus suaveolens,Chilocarpus,Apocynaceae
5829,Chilocarpus torulosus,Chilocarpus,Apocynaceae
5830,Chilocarpus vernicosus,Chilocarpus,Apocynaceae
5840,Chionanthus callophyllus,Chionanthus,Oleaceae
5843,Chionanthus cordulatus,Chionanthus,Oleaceae
5844,Chionanthus curvicarpus,Chionanthus,Oleaceae
5845,Chionanthus cuspidatus,Chionanthus,Oleaceae
5850,Chionanthus enerve,Chionanthus,Oleaceae
5851,Chionanthus evenius,Chionanthus,Oleaceae
5856,Chionanthus kinabaluensis,Chionanthus,Oleaceae
5859,Chionanthus longipetalus,Chionanthus,Oleaceae
5860,Chionanthus lucens,Chionanthus,Oleaceae
5861,Chionanthus macrocarpus,Chionanthus,Oleaceae
5867,Chionanthus oliganthus,Chionanthus,Oleaceae
5868,Chionanthus pachyphyllus,Chionanthus,Oleaceae
5870,Chionanthus pluriflorus,Chionanthus,Oleaceae
5871,Chionanthus polycephalus,Chionanthus,Oleaceae
5872,Chionanthus polygamus,Chionanthus,Oleaceae
5873,Chionanthus porcatus,Chionanthus,Oleaceae
5874,Chionanthus pubicalyx,Chionanthus,Oleaceae
5876,Chionanthus ramiflorus,Chionanthus,Oleaceae
5880,Chionanthus rugosus,Chionanthus,Oleaceae
5885,Chionanthus spicatus,Chionanthus,Oleaceae
5896,Chisocheton amabilis,Chisocheton,Meliaceae
5898,Chisocheton ceramicus,Chisocheton,Meliaceae
5899,Chisocheton cumingianus,Chisocheton,Meliaceae
5900,Chisocheton cumingianus subsp. kinabaluensis,Chisocheton,Meliaceae
5902,Chisocheton erythrocarpus,Chisocheton,Meliaceae
5903,Chisocheton granatum,Chisocheton,Meliaceae
5904,Chisocheton koordersii,Chisocheton,Meliaceae
5905,Chisocheton lansiifolius,Chisocheton,Meliaceae
5910,Chisocheton macranthus,Chisocheton,Meliaceae
5911,Chisocheton macrophyllus,Chisocheton,Meliaceae
5912,Chisocheton maxilla-pisticis,Chisocheton,Meliaceae
5913,Chisocheton medusae,Chisocheton,Meliaceae
5914,Chisocheton patens,Chisocheton,Meliaceae
5916,Chisocheton pentandrus,Chisocheton,Meliaceae
5917,Chisocheton pentandrus subsp. medius,Chisocheton,Meliaceae
5918,Chisocheton pentandrus subsp. paucijugus,Chisocheton,Meliaceae
5920,Chisocheton polyandrus,Chisocheton,Meliaceae
5921,Chisocheton sarasinorum,Chisocheton,Meliaceae
5922,Chisocheton sarawakanus,Chisocheton,Meliaceae
5924,Chisocheton setosus,Chisocheton,Meliaceae
5928,Chisocheton velutinus,Chisocheton,Meliaceae
5943,Chloranthus erectus,Chloranthus,Chloranthaceae
5945,Chloris barbata,Chloris,Poaceae
5948,Chloris verticillata,Chloris,Poaceae
5954,Chondrostylis bancana,Chondrostylis,Euphorbiaceae
5961,Christensenia aesculifolia,Christensenia,Marattiaceae
5970,Chroniochilus virescens,Chroniochilus,Orchidaceae
5978,Chrysoglossum reticulatum,Chrysoglossum,Orchidaceae
5980,Chrysophyllum flexuosum,Chrysophyllum,Sapotaceae
5983,Chrysopogon aciculatus,Chrysopogon,Poaceae
5984,Chrysopogon borneensis,Chrysopogon,Poaceae
6000,Cibotium arachnoideum,Cibotium,Cibotiaceae
6001,Cibotium barometz,Cibotium,Cibotiaceae
6002,Cibotium cumingii,Cibotium,Cibotiaceae
6009,Cinnamomum alibertii,Cinnamomum,Lauraceae
6010,Cinnamomum alternifolium,Cinnamomum,Lauraceae
6012,Cinnamomum angustitepalum,Cinnamomum,Lauraceae
6016,Cinnamomum beccarii,Cinnamomum,Lauraceae
6017,Cinnamomum burmanni,Cinnamomum,Lauraceae
6018,Cinnamomum calciphilum,Cinnamomum,Lauraceae
6024,Cinnamomum corneri,Cinnamomum,Lauraceae
6025,Cinnamomum crassinervium,Cinnamomum,Lauraceae
6027,Cinnamomum cuspidatum,Cinnamomum,Lauraceae
6038,Cinnamomum iners,Cinnamomum,Lauraceae
6039,Cinnamomum javanicum,Cinnamomum,Lauraceae
6040,Cinnamomum kalbaricum,Cinnamomum,Lauraceae
6042,Cinnamomum kerangas,Cinnamomum,Lauraceae
6044,Cinnamomum kinabaluense,Cinnamomum,Lauraceae
6047,Cinnamomum lawang,Cinnamomum,Lauraceae
6057,Cinnamomum paiei,Cinnamomum,Lauraceae
6059,Cinnamomum parthenoxylon,Cinnamomum,Lauraceae
6060,Cinnamomum pendulum,Cinnamomum,Lauraceae
6061,Cinnamomum percoriaceum,Cinnamomum,Lauraceae
6067,Cinnamomum politum,Cinnamomum,Lauraceae
6069,Cinnamomum racemosum,Cinnamomum,Lauraceae
6071,Cinnamomum rhynchophyllum,Cinnamomum,Lauraceae
6074,Cinnamomum sintoc,Cinnamomum,Lauraceae
6080,Cinnamomum subavenium,Cinnamomum,Lauraceae
6081,Cinnamomum sublanuginosum,Cinnamomum,Lauraceae
6083,Cinnamomum subtetrapterum,Cinnamomum,Lauraceae
6087,Cinnamomum tahijanum,Cinnamomum,Lauraceae
6094,Cinnamomum woulfei,Cinnamomum,Lauraceae
6101,Cissampelos pareira,Cissampelos,Menispermaceae
6102,Cissus adnata,Cissus,Vitaceae
6103,Cissus angustata,Cissus,Vitaceae
6104,Cissus aristata,Cissus,Vitaceae
6111,Cissus discolor,Cissus,Vitaceae
6115,Cissus hastata,Cissus,Vitaceae
6125,Cissus nodosa,Cissus,Vitaceae
6132,Cissus repens,Cissus,Vitaceae
6135,Cissus rostrata,Cissus,Vitaceae
6143,Citronella suaveolens,Citronella,Cardiopteridaceae
6147,Citrus hystrix,Citrus,Rutaceae
6148,Citrus japonica,Citrus,Rutaceae
6149,Citrus reticulata,Citrus,Rutaceae
6151,Claderia viridiflora,Claderia,Orchidaceae
6156,Cladopus nymanii,Cladopus,Podostemaceae
6157,Claoxylon abbreviatum,Claoxylon,Euphorbiaceae
6162,Claoxylon carinatum,Claoxylon,Euphorbiaceae
6174,Claoxylon hirsutellum,Claoxylon,Euphorbiaceae
6175,Claoxylon indicum,Claoxylon,Euphorbiaceae
6178,Claoxylon longifolium,Claoxylon,Euphorbiaceae
6179,Claoxylon longifolium var. rugifrux,Claoxylon,Euphorbiaceae
6182,Claoxylon pseudoinsulanum,Claoxylon,Euphorbiaceae
6192,Claoxylon velutinum,Claoxylon,Euphorbiaceae
6195,Claoxylon winkleri,Claoxylon,Euphorbiaceae
6198,Clausena anisum-olens subsp. calciphila,Clausena,Rutaceae
6202,Clausena excavata,Clausena,Rutaceae
6208,Cleidion javanicum,Cleidion,Euphorbiaceae
6214,Cleisocentron merrillianum,Cleisocentron,Orchidaceae
6222,Cleisostoma discolor,Cleisostoma,Orchidaceae
6225,Cleisostoma flexum,Cleisostoma,Orchidaceae
6227,Cleisostoma halophilum,Cleisostoma,Orchidaceae
6228,Cleisostoma javanicum,Cleisostoma,Orchidaceae
6229,Cleisostoma koeteiense,Cleisostoma,Orchidaceae
6233,Cleisostoma nieuwenhuisii,Cleisostoma,Orchidaceae
6235,Cleisostoma posthumii,Cleisostoma,Orchidaceae
6238,Cleisostoma sagittatum,Cleisostoma,Orchidaceae
6239,Cleisostoma samarindae,Cleisostoma,Orchidaceae
6240,Cleisostoma scortechinii,Cleisostoma,Orchidaceae
6243,Cleisostoma striatum,Cleisostoma,Orchidaceae
6244,Cleisostoma suaveolens,Cleisostoma,Orchidaceae
6245,Cleisostoma subulatum,Cleisostoma,Orchidaceae
6249,Cleisostoma tenuirachis,Cleisostoma,Orchidaceae
6250,Cleisostoma teretifolium,Cleisostoma,Orchidaceae
6251,Cleisostoma williamsonii,Cleisostoma,Orchidaceae
6253,Cleistanthus baramicus,Cleistanthus,Phyllanthaceae
6254,Cleistanthus beccarianus,Cleistanthus,Phyllanthaceae
6255,Cleistanthus brideliifolius,Cleistanthus,Phyllanthaceae
6256,Cleistanthus brideliifolius var. calcicola,Cleistanthus,Phyllanthaceae
6258,Cleistanthus chlorocarpus,Cleistanthus,Phyllanthaceae
6263,Cleistanthus erycibifolius,Cleistanthus,Phyllanthaceae
6264,Cleistanthus everettii,Cleistanthus,Phyllanthaceae
6267,Cleistanthus glaber,Cleistanthus,Phyllanthaceae
6269,Cleistanthus gracilis,Cleistanthus,Phyllanthaceae
6271,Cleistanthus hirsutulus,Cleistanthus,Phyllanthaceae
6275,Cleistanthus macrophyllus,Cleistanthus,Phyllanthaceae
6276,Cleistanthus maingayi,Cleistanthus,Phyllanthaceae
6278,Cleistanthus megacarpus,Cleistanthus,Phyllanthaceae
6282,Cleistanthus oblongifolius,Cleistanthus,Phyllanthaceae
6285,Cleistanthus paxii,Cleistanthus,Phyllanthaceae
6286,Cleistanthus pedicellatus,Cleistanthus,Phyllanthaceae
6287,Cleistanthus podopyxis,Cleistanthus,Phyllanthaceae
6289,Cleistanthus pseudopodocarpus,Cleistanthus,Phyllanthaceae
6290,Cleistanthus pubens,Cleistanthus,Phyllanthaceae
6291,Cleistanthus pyrrhocarpus,Cleistanthus,Phyllanthaceae
6292,Cleistanthus rufescens,Cleistanthus,Phyllanthaceae
6294,Cleistanthus sumatranus,Cleistanthus,Phyllanthaceae
6295,Cleistanthus tenerifolius,Cleistanthus,Phyllanthaceae
6296,Cleistanthus venosus,Cleistanthus,Phyllanthaceae
6297,Cleistanthus vestitus,Cleistanthus,Phyllanthaceae
6298,Cleistanthus winkleri,Cleistanthus,Phyllanthaceae
6306,Clematis dasyoneura,Clematis,Ranunculaceae
6310,Clematis horripilata,Clematis,Ranunculaceae
6315,Clematis loureiroana,Clematis,Ranunculaceae
6333,Cleome houtteana,Cleome,Cleomaceae
6337,Clerodendrum adenophysum,Clerodendrum,Lamiaceae
6344,Clerodendrum buchananii,Clerodendrum,Lamiaceae
6345,Clerodendrum calamitosum,Clerodendrum,Lamiaceae
6347,Clerodendrum chinense,Clerodendrum,Lamiaceae
6353,Clerodendrum disparifolium,Clerodendrum,Lamiaceae
6355,Clerodendrum fistulosum,Clerodendrum,Lamiaceae
6360,Clerodendrum haematolasium,Clerodendrum,Lamiaceae
6365,Clerodendrum indicum,Clerodendrum,Lamiaceae
6366,Clerodendrum infortunatum,Clerodendrum,Lamiaceae
6368,Clerodendrum intermedium,Clerodendrum,Lamiaceae
6369,Clerodendrum japonicum,Clerodendrum,Lamiaceae
6370,Clerodendrum japonicum var. bethuneanum,Clerodendrum,Lamiaceae
6372,Clerodendrum kinabaluense,Clerodendrum,Lamiaceae
6373,Clerodendrum laevifolium,Clerodendrum,Lamiaceae
6382,Clerodendrum myrmecophilum,Clerodendrum,Lamiaceae
6384,Clerodendrum paniculatum,Clerodendrum,Lamiaceae
6386,Clerodendrum phyllomega,Clerodendrum,Lamiaceae
6388,Clerodendrum pygmaeum,Clerodendrum,Lamiaceae
6390,Clerodendrum ridleyi,Clerodendrum,Lamiaceae
6396,Clerodendrum speciosissimum,Clerodendrum,Lamiaceae
6401,Clerodendrum villosum,Clerodendrum,Lamiaceae
6403,Clethra canescens,Clethra,Clethraceae
6404,Clethra canescens var. clementis,Clethra,Clethraceae
6410,Clethra longispicata,Clethra,Clethraceae
6411,Clethra pachyphylla,Clethra,Clethraceae
6416,Cleyera japonica,Cleyera,Pentaphylacaceae
6417,Clinacanthus nutans,Clinacanthus,Acanthaceae
6423,Clitoria laurifolia,Clitoria,Fabaceae
6428,Cnesmone javanica,Cnesmone,Euphorbiaceae
6429,Cnestis palala,Cnestis,Connaraceae
6431,Coccinia grandis,Coccinia,Cucurbitaceae
6436,Codariocalyx gyroides,Codariocalyx,Fabaceae
6437,Codariocalyx motorius,Codariocalyx,Fabaceae
6443,Codonoboea albina,Codonoboea,Gesneriaceae
6444,Codonoboea alternifolia,Codonoboea,Gesneriaceae
6445,Codonoboea amoena,Codonoboea,Gesneriaceae
6448,Codonoboea beccarii,Codonoboea,Gesneriaceae
6449,Codonoboea bullata,Codonoboea,Gesneriaceae
6451,Codonoboea crenata,Codonoboea,Gesneriaceae
6452,Codonoboea crinita,Codonoboea,Gesneriaceae
6454,Codonoboea elegans,Codonoboea,Gesneriaceae
6457,Codonoboea follicularis,Codonoboea,Gesneriaceae
6459,Codonoboea gracilipes,Codonoboea,Gesneriaceae
6463,Codonoboea koerperi,Codonoboea,Gesneriaceae
6464,Codonoboea kompsoboea,Codonoboea,Gesneriaceae
6466,Codonoboea leptocalyx,Codonoboea,Gesneriaceae
6467,Codonoboea nervosa,Codonoboea,Gesneriaceae
6468,Codonoboea platypus,Codonoboea,Gesneriaceae
6469,Codonoboea punctata,Codonoboea,Gesneriaceae
6473,Codonoboea reticulosa,Codonoboea,Gesneriaceae
6474,Codonoboea scabrinervia,Codonoboea,Gesneriaceae
6476,Codonoboea simplex,Codonoboea,Gesneriaceae
6477,Codonoboea teres,Codonoboea,Gesneriaceae
6484,Coelogyne acuifera,Coelogyne,Orchidaceae
6487,Coelogyne alata,Coelogyne,Orchidaceae
6488,Coelogyne alaticallosa,Coelogyne,Orchidaceae
6489,Coelogyne albobrunnea,Coelogyne,Orchidaceae
6491,Coelogyne alpina,Coelogyne,Orchidaceae
6493,Coelogyne amplissima,Coelogyne,Orchidaceae
6495,Coelogyne angustiloba,Coelogyne,Orchidaceae
6496,Coelogyne anomala,Coelogyne,Orchidaceae
6499,Coelogyne articulata,Coelogyne,Orchidaceae
6500,Coelogyne asperata,Coelogyne,Orchidaceae
6510,Coelogyne bigibbosa,Coelogyne,Orchidaceae
6511,Coelogyne blumea,Coelogyne,Orchidaceae
6512,Coelogyne borneensis,Coelogyne,Orchidaceae
6515,Coelogyne bracteosa,Coelogyne,Orchidaceae
6517,Coelogyne brevilamellata,Coelogyne,Orchidaceae
6525,Coelogyne carnea,Coelogyne,Orchidaceae
6534,Coelogyne clemensii,Coelogyne,Orchidaceae
6535,Coelogyne clemensii var. angustifolia,Coelogyne,Orchidaceae
6537,Coelogyne compressicaulis,Coelogyne,Orchidaceae
6541,Coelogyne convallariae,Coelogyne,Orchidaceae
6542,Coelogyne coriacea,Coelogyne,Orchidaceae
6544,Coelogyne corrugis,Coelogyne,Orchidaceae
6545,Coelogyne crassilabia,Coelogyne,Orchidaceae
6546,Coelogyne crassiloba,Coelogyne,Orchidaceae
6547,Coelogyne craticulilabris,Coelogyne,Orchidaceae
6548,Coelogyne cumingii,Coelogyne,Orchidaceae
6549,Coelogyne cuprea,Coelogyne,Orchidaceae
6550,Coelogyne cuprea var. planiscapa,Coelogyne,Orchidaceae
6551,Coelogyne cuspilabia,Coelogyne,Orchidaceae
6556,Coelogyne dentiloba,Coelogyne,Orchidaceae
6559,Coelogyne dewindtiana,Coelogyne,Orchidaceae
6560,Coelogyne distans,Coelogyne,Orchidaceae
6561,Coelogyne dolichobrachia,Coelogyne,Orchidaceae
6565,Coelogyne edii,Coelogyne,Orchidaceae
6567,Coelogyne endertii,Coelogyne,Orchidaceae
6568,Coelogyne entomophobia,Coelogyne,Orchidaceae
6570,Coelogyne exalata,Coelogyne,Orchidaceae
6571,Coelogyne exasperata,Coelogyne,Orchidaceae
6575,Coelogyne flexuosa,Coelogyne,Orchidaceae
6577,Coelogyne foerstermannii,Coelogyne,Orchidaceae
6578,Coelogyne fonstenebrarum,Coelogyne,Orchidaceae
6585,Coelogyne geesinkii,Coelogyne,Orchidaceae
6586,Coelogyne genuflexa,Coelogyne,Orchidaceae
6587,Coelogyne gibbifera,Coelogyne,Orchidaceae
6588,Coelogyne gibbosa,Coelogyne,Orchidaceae
6589,Coelogyne gibbsiae,Coelogyne,Orchidaceae
6592,Coelogyne gracilis,Coelogyne,Orchidaceae
6594,Coelogyne gravenhorstii,Coelogyne,Orchidaceae
6595,Coelogyne hamata,Coelogyne,Orchidaceae
6596,Coelogyne harana,Coelogyne,Orchidaceae
6597,Coelogyne haslamii,Coelogyne,Orchidaceae
6598,Coelogyne havilandii,Coelogyne,Orchidaceae
6600,Coelogyne hirtella,Coelogyne,Orchidaceae
6602,Coelogyne imbricans,Coelogyne,Orchidaceae
6604,Coelogyne incrassata,Coelogyne,Orchidaceae
6606,Coelogyne incrassata var. valida,Coelogyne,Orchidaceae
6609,Coelogyne ingloria,Coelogyne,Orchidaceae
6614,Coelogyne jeffwoodii,Coelogyne,Orchidaceae
6615,Coelogyne johannis-winkleri,Coelogyne,Orchidaceae
6617,Coelogyne kamborangensis,Coelogyne,Orchidaceae
6619,Coelogyne keithiana,Coelogyne,Orchidaceae
6620,Coelogyne kelamensis,Coelogyne,Orchidaceae
6622,Coelogyne kinabaluensis,Coelogyne,Orchidaceae
6627,Coelogyne latens,Coelogyne,Orchidaceae
6634,Coelogyne longibulbosa,Coelogyne,Orchidaceae
6639,Coelogyne lurida,Coelogyne,Orchidaceae
6642,Coelogyne mantis,Coelogyne,Orchidaceae
6643,Coelogyne marthae,Coelogyne,Orchidaceae
6644,Coelogyne mayeriana,Coelogyne,Orchidaceae
6645,Coelogyne mediocris,Coelogyne,Orchidaceae
6648,Coelogyne microscopica,Coelogyne,Orchidaceae
6652,Coelogyne monilirachis,Coelogyne,Orchidaceae
6655,Coelogyne motleyi,Coelogyne,Orchidaceae
6656,Coelogyne moultonii,Coelogyne,Orchidaceae
6657,Coelogyne mucronata,Coelogyne,Orchidaceae
6660,Coelogyne naja,Coelogyne,Orchidaceae
6661,Coelogyne nervillosa,Coelogyne,Orchidaceae
6663,Coelogyne obtusifolia,Coelogyne,Orchidaceae
6670,Coelogyne oxyglossa,Coelogyne,Orchidaceae
6671,Coelogyne oxyloba,Coelogyne,Orchidaceae
6673,Coelogyne pallide-flavens,Coelogyne,Orchidaceae
6674,Coelogyne pandurata,Coelogyne,Orchidaceae
6676,Coelogyne papillilabia var. tenompokensis,Coelogyne,Orchidaceae
6677,Coelogyne papillosa,Coelogyne,Orchidaceae
6678,Coelogyne pectinata,Coelogyne,Orchidaceae
6679,Coelogyne peltastes,Coelogyne,Orchidaceae
6680,Coelogyne phaiostele,Coelogyne,Orchidaceae
6681,Coelogyne pholidotoides,Coelogyne,Orchidaceae
6682,Coelogyne planiscapa,Coelogyne,Orchidaceae
6683,Coelogyne planiscapa var. grandis,Coelogyne,Orchidaceae
6684,Coelogyne plicatissima,Coelogyne,Orchidaceae
6686,Coelogyne prasina,Coelogyne,Orchidaceae
6688,Coelogyne pterogyne,Coelogyne,Orchidaceae
6690,Coelogyne pulverula,Coelogyne,Orchidaceae
6693,Coelogyne radioferens,Coelogyne,Orchidaceae
6695,Coelogyne remota,Coelogyne,Orchidaceae
6699,Coelogyne rigidiformis,Coelogyne,Orchidaceae
6701,Coelogyne rochussenii,Coelogyne,Orchidaceae
6702,Coelogyne rumphii,Coelogyne,Orchidaceae
6703,Coelogyne rupicola,Coelogyne,Orchidaceae
6705,Coelogyne sanderiana,Coelogyne,Orchidaceae
6709,Coelogyne septemcostata,Coelogyne,Orchidaceae
6710,Coelogyne sigmatochilus,Coelogyne,Orchidaceae
6711,Coelogyne similis,Coelogyne,Orchidaceae
6715,Coelogyne speciosa,Coelogyne,Orchidaceae
6719,Coelogyne squamulosa,Coelogyne,Orchidaceae
6720,Coelogyne stachyodes,Coelogyne,Orchidaceae
6724,Coelogyne stenopetala,Coelogyne,Orchidaceae
6725,Coelogyne strongiae,Coelogyne,Orchidaceae
6728,Coelogyne subulibrachia,Coelogyne,Orchidaceae
6730,Coelogyne sulphurea,Coelogyne,Orchidaceae
6731,Coelogyne sulphurea var. crassifolia,Coelogyne,Orchidaceae
6732,Coelogyne swaniana,Coelogyne,Orchidaceae
6733,Coelogyne syngei,Coelogyne,Orchidaceae
6738,Coelogyne tenompokensis,Coelogyne,Orchidaceae
6739,Coelogyne tenuis,Coelogyne,Orchidaceae
6741,Coelogyne testacea,Coelogyne,Orchidaceae
6744,Coelogyne totilabia,Coelogyne,Orchidaceae
6745,Coelogyne transversa,Coelogyne,Orchidaceae
6747,Coelogyne trinervis,Coelogyne,Orchidaceae
6754,Coelogyne ventricosa,Coelogyne,Orchidaceae
6755,Coelogyne venusta,Coelogyne,Orchidaceae
6757,Coelogyne verrucosa,Coelogyne,Orchidaceae
6764,Coelogyne zollingeri,Coelogyne,Orchidaceae
6765,Coelogyne zurowetzii,Coelogyne,Orchidaceae
6771,Coelospermum truncatum,Coelospermum,Rubiaceae
6772,Coelostegia borneensis,Coelostegia,Malvaceae
6773,Coelostegia chartacea,Coelostegia,Malvaceae
6774,Coelostegia griffithii,Coelostegia,Malvaceae
6775,Coelostegia kostermansii,Coelostegia,Malvaceae
6776,Coelostegia montana,Coelostegia,Malvaceae
6777,Coelostegia neesiocarpa,Coelostegia,Malvaceae
6787,Coix lacryma-jobi var. ma-yuen,Coix,Poaceae
6789,Coldenia procumbens,Coldenia,Boraginaceae
6792,Coleus galeatus,Coleus,Lamiaceae
6796,Coleus scutellarioides,Coleus,Lamiaceae
6799,Collabium bicameratum,Collabium,Orchidaceae
6803,Collabium simplex,Collabium,Orchidaceae
6805,Colobogynium variegatum,Colobogynium,Araceae
6811,Colona borneensis,Colona,Malvaceae
6812,Colona celebica,Colona,Malvaceae
6816,Colona javanica,Colona,Malvaceae
6822,Colubrina beccariana,Colubrina,Rhamnaceae
6826,Combretocarpus rotundatus,Combretocarpus,Anisophylleaceae
6827,Combretum acuminatum,Combretum,Combretaceae
6828,Combretum chinense,Combretum,Combretaceae
6831,Combretum griffithii var. yunnanense,Combretum,Combretaceae
6832,Combretum indicum,Combretum,Combretaceae
6833,Combretum kostermansii,Combretum,Combretaceae
6834,Combretum latifolium,Combretum,Combretaceae
6835,Combretum malabaricum,Combretum,Combretaceae
6836,Combretum nigrescens,Combretum,Combretaceae
6837,Combretum punctatum,Combretum,Combretaceae
6842,Combretum sundaicum,Combretum,Combretaceae
6844,Combretum tetralophum,Combretum,Combretaceae
6845,Combretum trifoliatum,Combretum,Combretaceae
6855,Commelina longifolia,Commelina,Commelinaceae
6858,Commelina paleata,Commelina,Commelinaceae
6859,Commelina paludosa,Commelina,Commelinaceae
6865,Commersonia bartramia,Commersonia,Malvaceae
6872,Conamomum cylindrostachys,Conamomum,Zingiberaceae
6878,Congea griffithiana,Congea,Lamiaceae
6882,Coniogramme fraxinea,Coniogramme,Pteridaceae
6887,Connarus agamae,Connarus,Connaraceae
6889,Connarus culionensis var. stellatus,Connarus,Connaraceae
6890,Connarus euphlebius,Connarus,Connaraceae
6892,Connarus euphlebius var. bullatus,Connarus,Connaraceae
6893,Connarus grandis,Connarus,Connaraceae
6895,Connarus lucens,Connarus,Connaraceae
6896,Connarus monocarpos subsp. malayensis,Connarus,Connaraceae
6897,Connarus odoratus,Connarus,Connaraceae
6900,Connarus semidecandrus,Connarus,Connaraceae
6903,Connarus winkleri,Connarus,Connaraceae
6913,Copaifera palustris,Copaifera,Fabaceae
6918,Coprosma hookeri,Coprosma,Rubiaceae
6932,Coptosapelta beccarii,Coptosapelta,Rubiaceae
6935,Coptosapelta hammii,Coptosapelta,Rubiaceae
6937,Coptosapelta montana,Coptosapelta,Rubiaceae
6938,Coptosapelta valetonii,Coptosapelta,Rubiaceae
6947,Cordia dichotoma,Cordia,Boraginaceae
6953,Cordia subcordata,Cordia,Boraginaceae
6978,Corybas bryophilus,Corybas,Orchidaceae
6981,Corybas carinatus,Corybas,Orchidaceae
6982,Corybas crenulatus,Corybas,Orchidaceae
6990,Corybas geminigibbus,Corybas,Orchidaceae
7001,Corybas pictus,Corybas,Orchidaceae
7018,Corymborkis veratrifolia,Corymborkis,Orchidaceae
7025,Coryphopteris athyriocarpa,Coryphopteris,Thelypteridaceae
7032,Coryphopteris fasciculata,Coryphopteris,Thelypteridaceae
7040,Coryphopteris obtusata,Coryphopteris,Thelypteridaceae
7045,Coryphopteris propria,Coryphopteris,Thelypteridaceae
7046,Coryphopteris pubirachis,Coryphopteris,Thelypteridaceae
7047,Coryphopteris pubirachis var. sulawesica,Coryphopteris,Thelypteridaceae
7054,Coryphopteris viscosa var. borneensis,Coryphopteris,Thelypteridaceae
7056,Coscinium fenestratum,Coscinium,Menispermaceae
7057,Cosmianthemum bullatum,Cosmianthemum,Acanthaceae
7058,Cosmianthemum obtusifolium,Cosmianthemum,Acanthaceae
7059,Cosmianthemum subglabrum,Cosmianthemum,Acanthaceae
7061,Costera borneensis,Costera,Ericaceae
7062,Costera cyclophylla,Costera,Ericaceae
7063,Costera endertii,Costera,Ericaceae
7065,Costera ovalifolia,Costera,Ericaceae
7067,Costera tetramera,Costera,Ericaceae
7068,Costus acanthocephalus,Costus,Costaceae
7070,Costus microcephalus,Costus,Costaceae
7075,Cotylelobium burckii,Cotylelobium,Dipterocarpaceae
7076,Cotylelobium lanceolatum,Cotylelobium,Dipterocarpaceae
7077,Cotylelobium melanoxylon,Cotylelobium,Dipterocarpaceae
7087,Crateva magna,Crateva,Capparaceae
7088,Crateva religiosa,Crateva,Capparaceae
7090,Cratoxylum arborescens var. borneense,Cratoxylum,Hypericaceae
7091,Cratoxylum cochinchinense,Cratoxylum,Hypericaceae
7092,Cratoxylum formosum,Cratoxylum,Hypericaceae
7093,Cratoxylum glaucum,Cratoxylum,Hypericaceae
7094,Cratoxylum maingayi,Cratoxylum,Hypericaceae
7095,Cratoxylum sumatranum,Cratoxylum,Hypericaceae
7101,Creochiton furfuracea,Creochiton,Melastomataceae
7103,Creochiton monticola,Creochiton,Melastomataceae
7105,Creochiton pudibunda,Creochiton,Melastomataceae
7110,Crepidium amabilis,Crepidium,Orchidaceae
7111,Crepidium amplectens,Crepidium,Orchidaceae
7120,Crepidium bidentiferum,Crepidium,Orchidaceae
7122,Crepidium burbidgei,Crepidium,Orchidaceae
7129,Crepidium chlorophrys,Crepidium,Orchidaceae
7133,Crepidium commelinifolium,Crepidium,Orchidaceae
7143,Crepidium damusicum,Crepidium,Orchidaceae
7157,Crepidium graciliscapum,Crepidium,Orchidaceae
7170,Crepidium kinabaluense,Crepidium,Orchidaceae
7183,Crepidium lowii,Crepidium,Orchidaceae
7185,Crepidium luniferum,Crepidium,Orchidaceae
7191,Crepidium metallicum,Crepidium,Orchidaceae
7192,Crepidium micranthum,Crepidium,Orchidaceae
7203,Crepidium partitilobum,Crepidium,Orchidaceae
7206,Crepidium perakense,Crepidium,Orchidaceae
7212,Crepidium punctatum,Crepidium,Orchidaceae
7217,Crepidium rajanum,Crepidium,Orchidaceae
7218,Crepidium ramosum,Crepidium,Orchidaceae
7220,Crepidium repens,Crepidium,Orchidaceae
7223,Crepidium rheedei,Crepidium,Orchidaceae
7238,Crepidium sublobatum,Crepidium,Orchidaceae
7252,Crepidium venosum,Crepidium,Orchidaceae
7257,Crepidium woodianum,Crepidium,Orchidaceae
7262,Crepidomanes humilis,Crepidomanes,Hymenophyllaceae
7273,Crinum album,Crinum,Amaryllidaceae
7274,Crinum asiaticum,Crinum,Amaryllidaceae
7284,Crotalaria albida,Crotalaria,Fabaceae
7293,Crotalaria chinensis,Crotalaria,Fabaceae
7319,Crotalaria quinquefolia,Crotalaria,Fabaceae
7320,Crotalaria retusa,Crotalaria,Fabaceae
7335,Croton argyratus,Croton,Euphorbiaceae
7338,Croton borneensis,Croton,Euphorbiaceae
7341,Croton caudatus,Croton,Euphorbiaceae
7347,Croton ensifolius,Croton,Euphorbiaceae
7352,Croton griffithii,Croton,Euphorbiaceae
7355,Croton heterocarpus,Croton,Euphorbiaceae
7358,Croton krabas,Croton,Euphorbiaceae
7367,Croton oblongus,Croton,Euphorbiaceae
7372,Croton rheophyticus,Croton,Euphorbiaceae
7374,Croton singularis,Croton,Euphorbiaceae
7377,Croton tiglium,Croton,Euphorbiaceae
7382,Crudia bantamensis,Crudia,Fabaceae
7384,Crudia caudata,Crudia,Fabaceae
7385,Crudia gracilis,Crudia,Fabaceae
7387,Crudia ornata,Crudia,Fabaceae
7389,Crudia penduliflora,Crudia,Fabaceae
7390,Crudia splendens,Crudia,Fabaceae
7391,Crudia tenuipes,Crudia,Fabaceae
7392,Crudia wrayi,Crudia,Fabaceae
7394,Crypteronia borneensis,Crypteronia,Crypteroniaceae
7395,Crypteronia cumingii,Crypteronia,Crypteroniaceae
7396,Crypteronia elegans,Crypteronia,Crypteroniaceae
7397,Crypteronia glabriflora,Crypteronia,Crypteroniaceae
7398,Crypteronia griffithii,Crypteronia,Crypteroniaceae
7399,Crypteronia macrophylla,Crypteronia,Crypteroniaceae
7400,Crypteronia paniculata,Crypteronia,Crypteroniaceae
7409,Cryptocarya amygdalina,Cryptocarya,Lauraceae
7427,Cryptocarya cagayanensis,Cryptocarya,Lauraceae
7435,Cryptocarya costata,Cryptocarya,Lauraceae
7436,Cryptocarya crassifolia,Cryptocarya,Lauraceae
7438,Cryptocarya cuprea,Cryptocarya,Lauraceae
7439,Cryptocarya densiflora,Cryptocarya,Lauraceae
7441,Cryptocarya diversifolia,Cryptocarya,Lauraceae
7444,Cryptocarya enervis,Cryptocarya,Lauraceae
7448,Cryptocarya ferrea,Cryptocarya,Lauraceae
7458,Cryptocarya griffithiana,Cryptocarya,Lauraceae
7462,Cryptocarya impressa,Cryptocarya,Lauraceae
7467,Cryptocarya kurzii,Cryptocarya,Lauraceae
7468,Cryptocarya laevigata,Cryptocarya,Lauraceae
7475,Cryptocarya lucida,Cryptocarya,Lauraceae
7490,Cryptocarya nigra,Cryptocarya,Lauraceae
7491,Cryptocarya nitens,Cryptocarya,Lauraceae
7493,Cryptocarya obliqua,Cryptocarya,Lauraceae
7506,Cryptocarya pulchrinervia,Cryptocarya,Lauraceae
7517,Cryptocarya rugulosa,Cryptocarya,Lauraceae
7524,Cryptocarya strictifolia,Cryptocarya,Lauraceae
7533,Cryptocarya tawaensis,Cryptocarya,Lauraceae
7536,Cryptocarya teysmanniana,Cryptocarya,Lauraceae
7539,Cryptocarya tuanku-bujangii,Cryptocarya,Lauraceae
7547,Cryptocarya zollingeriana,Cryptocarya,Lauraceae
7553,Cryptocoryne aura,Cryptocoryne,Araceae
7556,Cryptocoryne bastmeijeri,Cryptocoryne,Araceae
7557,Cryptocoryne ciliata,Cryptocoryne,Araceae
7558,Cryptocoryne ciliata var. latifolia,Cryptocoryne,Araceae
7560,Cryptocoryne cordata var. grabowskii,Cryptocoryne,Araceae
7562,Cryptocoryne cordata var. zonata,Cryptocoryne,Araceae
7563,Cryptocoryne edithiae,Cryptocoryne,Araceae
7564,Cryptocoryne erwinii,Cryptocoryne,Araceae
7565,Cryptocoryne ferruginea,Cryptocoryne,Araceae
7566,Cryptocoryne fusca,Cryptocoryne,Araceae
7567,Cryptocoryne griffithii,Cryptocoryne,Araceae
7568,Cryptocoryne hudoroi,Cryptocoryne,Araceae
7569,Cryptocoryne ideii,Cryptocoryne,Araceae
7570,Cryptocoryne isae,Cryptocoryne,Araceae
7575,Cryptocoryne noritoi,Cryptocoryne,Araceae
7577,Cryptocoryne pallidinervia,Cryptocoryne,Araceae
7579,Cryptocoryne regina,Cryptocoryne,Araceae
7580,Cryptocoryne sahalii,Cryptocoryne,Araceae
7582,Cryptocoryne striolata,Cryptocoryne,Araceae
7583,Cryptocoryne tirtadinatae,Cryptocoryne,Araceae
7588,Cryptocoryne yujii,Cryptocoryne,Araceae
7589,Cryptocoryne yujii var. hendrikii,Cryptocoryne,Araceae
7592,Cryptostylis acutata,Cryptostylis,Orchidaceae
7593,Cryptostylis acutata var. borneensis,Cryptostylis,Orchidaceae
7595,Cryptostylis arachnites,Cryptostylis,Orchidaceae
7598,Cryptostylis clemensii,Cryptostylis,Orchidaceae
7606,Ctenitis aciculata,Ctenitis,Dryopteridaceae
7615,Ctenitis kinabaluensis,Ctenitis,Dryopteridaceae
7616,Ctenitis kinabaluensis var. crassisquama,Ctenitis,Dryopteridaceae
7617,Ctenitis kjellbergii,Ctenitis,Dryopteridaceae
7619,Ctenitis mannii,Ctenitis,Dryopteridaceae
7627,Ctenitis subobscura,Ctenitis,Dryopteridaceae
7630,Ctenitis vilis,Ctenitis,Dryopteridaceae
7632,Ctenolophon parvifolius,Ctenolophon,Ctenolophonaceae
7635,Cubilia cubili,Cubilia,Sapindaceae
7638,Cucumis javanicus,Cucumis,Cucurbitaceae
7639,Cucumis maderaspatanus,Cucumis,Cucurbitaceae
7640,Cucumis melo,Cucumis,Cucurbitaceae
7664,Curculigo latifolia,Curculigo,Hypoxidaceae
7665,Curculigo orchioides,Curculigo,Hypoxidaceae
7666,Curculigo racemosa,Curculigo,Hypoxidaceae
7667,Curculigo scorzonerifolia,Curculigo,Hypoxidaceae
7669,Curcuma amada,Curcuma,Zingiberaceae
7678,Curcuma heyneana,Curcuma,Zingiberaceae
7681,Curcuma longa,Curcuma,Zingiberaceae
7691,Curcuma viridiflora,Curcuma,Zingiberaceae
7692,Curcuma zanthorrhiza,Curcuma,Zingiberaceae
7693,Curcuma zedoaria,Curcuma,Zingiberaceae
7700,Cyanoneuron cyaneum,Cyanoneuron,Rubiaceae
7701,Cyanoneuron depauperatum,Cyanoneuron,Rubiaceae
7702,Cyanoneuron pedunculatum,Cyanoneuron,Rubiaceae
7703,Cyanoneuron pubescens,Cyanoneuron,Rubiaceae
7705,Cyanotis ciliata,Cyanotis,Commelinaceae
7709,Cyanthillium cinereum,Cyanthillium,Asteraceae
7712,Cyanthillium cinereum var. parviflorum,Cyanthillium,Asteraceae
7722,Cyathea horrida,Cyathea,Cyatheaceae
7727,Cyathocalyx magnifructus,Cyathocalyx,Annonaceae
7729,Cyathocalyx sumatranus,Cyathocalyx,Annonaceae
7730,Cyathocalyx tsukayae,Cyathocalyx,Annonaceae
7735,Cycas edentata,Cycas,Cycadaceae
7742,Cycas rumphii,Cycas,Cycadaceae
7749,Cyclea elegans,Cyclea,Menispermaceae
7750,Cyclea kinabaluensis,Cyclea,Menispermaceae
7753,Cyclea peregrina,Cyclea,Menispermaceae
7754,Cyclea robusta,Cyclea,Menispermaceae
7756,Cyclocarpa stellaris,Cyclocarpa,Fabaceae
7758,Cyclocodon lancifolius,Cyclocodon,Campanulaceae
7760,Cyclopeltis crenata,Cyclopeltis,Lomariopsidaceae
7762,Cyclopeltis presliana,Cyclopeltis,Lomariopsidaceae
7776,Cylindrolobus aurantiacus,Cylindrolobus,Orchidaceae
7777,Cylindrolobus biflorus,Cylindrolobus,Orchidaceae
7778,Cylindrolobus burleyi,Cylindrolobus,Orchidaceae
7779,Cylindrolobus carneus,Cylindrolobus,Orchidaceae
7781,Cylindrolobus cyrtosepalus,Cylindrolobus,Orchidaceae
7786,Cylindrolobus hallieri,Cylindrolobus,Orchidaceae
7793,Cylindrolobus leptocarpus,Cylindrolobus,Orchidaceae
7795,Cylindrolobus linearifolius,Cylindrolobus,Orchidaceae
7796,Cylindrolobus longerepens,Cylindrolobus,Orchidaceae
7798,Cylindrolobus mucronatus,Cylindrolobus,Orchidaceae
7799,Cylindrolobus neglectus,Cylindrolobus,Orchidaceae
7800,Cylindrolobus nutans,Cylindrolobus,Orchidaceae
7801,Cylindrolobus pauciflorus,Cylindrolobus,Orchidaceae
7804,Cylindrolobus puakensis,Cylindrolobus,Orchidaceae
7805,Cylindrolobus quadricolor,Cylindrolobus,Orchidaceae
7813,Cymbidium aloifolium,Cymbidium,Orchidaceae
7814,Cymbidium atropurpureum,Cymbidium,Orchidaceae
7815,Cymbidium bicolor,Cymbidium,Orchidaceae
7816,Cymbidium bicolor subsp. pubescens,Cymbidium,Orchidaceae
7817,Cymbidium chloranthum,Cymbidium,Orchidaceae
7818,Cymbidium dayanum,Cymbidium,Orchidaceae
7821,Cymbidium elongatum,Cymbidium,Orchidaceae
7823,Cymbidium finlaysonianum,Cymbidium,Orchidaceae
7826,Cymbidium lancifolium,Cymbidium,Orchidaceae
7827,Cymbidium rectum,Cymbidium,Orchidaceae
7830,Cymboglossum cymbidiifolium,Cymboglossum,Orchidaceae
7832,Cymboglossum grande,Cymboglossum,Orchidaceae
7833,Cymboglossum longifolium,Cymboglossum,Orchidaceae
7834,Cymboglossum maculiflorum,Cymboglossum,Orchidaceae
7835,Cymboglossum pseudocymbiforme,Cymboglossum,Orchidaceae
7870,Cynodon dactylon,Cynodon,Poaceae
7887,Cynometra elmeri,Cynometra,Fabaceae
7888,Cynometra iripa,Cynometra,Fabaceae
7893,Cynometra mirabilis,Cynometra,Fabaceae
7897,Cynometra ramiflora,Cynometra,Fabaceae
7900,Cynometra zeylanica,Cynometra,Fabaceae
7902,Cyperus albescens,Cyperus,Cyperaceae
7908,Cyperus babakan,Cyperus,Cyperaceae
7910,Cyperus brevifolius,Cyperus,Cyperaceae
7915,Cyperus cephalotes,Cyperus,Cyperaceae
7917,Cyperus compactus,Cyperus,Cyperaceae
7918,Cyperus compressus,Cyperus,Cyperaceae
7922,Cyperus cuspidatus,Cyperus,Cyperaceae
7923,Cyperus cyperinus,Cyperus,Cyperaceae
7924,Cyperus cyperoides,Cyperus,Cyperaceae
7927,Cyperus diffusus,Cyperus,Cyperaceae
7928,Cyperus digitatus,Cyperus,Cyperaceae
7929,Cyperus distans,Cyperus,Cyperaceae
7932,Cyperus elegans,Cyperus,Cyperaceae
7934,Cyperus entrerianus,Cyperus,Cyperaceae
7942,Cyperus haspan,Cyperus,Cyperaceae
7945,Cyperus hyalinus,Cyperus,Cyperaceae
7946,Cyperus imbricatus,Cyperus,Cyperaceae
7947,Cyperus iria,Cyperus,Cyperaceae
7948,Cyperus javanicus,Cyperus,Cyperaceae
7952,Cyperus laxus,Cyperus,Cyperaceae
7958,Cyperus malaccensis,Cyperus,Cyperaceae
7964,Cyperus metzii,Cyperus,Cyperaceae
7979,Cyperus odoratus,Cyperus,Cyperaceae
7987,Cyperus pilosus,Cyperus,Cyperaceae
7989,Cyperus platystylis,Cyperus,Cyperaceae
7990,Cyperus polystachyos,Cyperus,Cyperaceae
7993,Cyperus pulcherrimus,Cyperus,Cyperaceae
7994,Cyperus pumilus,Cyperus,Cyperaceae
7995,Cyperus radians,Cyperus,Cyperaceae
7997,Cyperus rotundus,Cyperus,Cyperaceae
7999,Cyperus sanguinolentus,Cyperus,Cyperaceae
8008,Cyperus tenuiculmis,Cyperus,Cyperaceae
8012,Cyperus trialatus,Cyperus,Cyperaceae
8045,Cyrtandra anisopoda,Cyrtandra,Gesneriaceae
8049,Cyrtandra athrocarpa,Cyrtandra,Gesneriaceae
8055,Cyrtandra axillaris,Cyrtandra,Gesneriaceae
8058,Cyrtandra basiflora,Cyrtandra,Gesneriaceae
8067,Cyrtandra burleyana,Cyrtandra,Gesneriaceae
8073,Cyrtandra cerea,Cyrtandra,Gesneriaceae
8077,Cyrtandra chrysea,Cyrtandra,Gesneriaceae
8086,Cyrtandra cuprea,Cyrtandra,Gesneriaceae
8087,Cyrtandra debilis,Cyrtandra,Gesneriaceae
8088,Cyrtandra decurrens,Cyrtandra,Gesneriaceae
8091,Cyrtandra disparoides subsp. inconspicua,Cyrtandra,Gesneriaceae
8094,Cyrtandra dolichocarpa,Cyrtandra,Gesneriaceae
8099,Cyrtandra erectipila,Cyrtandra,Gesneriaceae
8104,Cyrtandra filisecta,Cyrtandra,Gesneriaceae
8114,Cyrtandra foveolata,Cyrtandra,Gesneriaceae
8116,Cyrtandra fulvisericea,Cyrtandra,Gesneriaceae
8119,Cyrtandra geesinkiana,Cyrtandra,Gesneriaceae
8121,Cyrtandra gibbsiae,Cyrtandra,Gesneriaceae
8138,Cyrtandra horizontalis,Cyrtandra,Gesneriaceae
8141,Cyrtandra impar,Cyrtandra,Gesneriaceae
8151,Cyrtandra kalimantana,Cyrtandra,Gesneriaceae
8157,Cyrtandra kostermansii,Cyrtandra,Gesneriaceae
8158,Cyrtandra lacerata,Cyrtandra,Gesneriaceae
8161,Cyrtandra leucochlamys,Cyrtandra,Gesneriaceae
8171,Cyrtandra magnoliifolia,Cyrtandra,Gesneriaceae
8172,Cyrtandra megalocrater,Cyrtandra,Gesneriaceae
8176,Cyrtandra mirabilis,Cyrtandra,Gesneriaceae
8180,Cyrtandra multibracteata,Cyrtandra,Gesneriaceae
8186,Cyrtandra oblongifolia,Cyrtandra,Gesneriaceae
8188,Cyrtandra palimasanica,Cyrtandra,Gesneriaceae
8191,Cyrtandra paravelutina,Cyrtandra,Gesneriaceae
8193,Cyrtandra parvifructa,Cyrtandra,Gesneriaceae
8197,Cyrtandra paxiana,Cyrtandra,Gesneriaceae
8200,Cyrtandra penduliflora,Cyrtandra,Gesneriaceae
8201,Cyrtandra penduliflora var. grossipilosa,Cyrtandra,Gesneriaceae
8205,Cyrtandra phoenicolasia,Cyrtandra,Gesneriaceae
8208,Cyrtandra plicata,Cyrtandra,Gesneriaceae
8209,Cyrtandra poikilophylla,Cyrtandra,Gesneriaceae
8212,Cyrtandra prostrata,Cyrtandra,Gesneriaceae
8218,Cyrtandra quinquenotata,Cyrtandra,Gesneriaceae
8219,Cyrtandra radiciflora,Cyrtandra,Gesneriaceae
8220,Cyrtandra ramunculosa,Cyrtandra,Gesneriaceae
8225,Cyrtandra robusta,Cyrtandra,Gesneriaceae
8234,Cyrtandra rubropicta,Cyrtandra,Gesneriaceae
8239,Cyrtandra sarawakensis,Cyrtandra,Gesneriaceae
8244,Cyrtandra serratobracteata,Cyrtandra,Gesneriaceae
8245,Cyrtandra simplex,Cyrtandra,Gesneriaceae
8246,Cyrtandra sinclairiana,Cyrtandra,Gesneriaceae
8251,Cyrtandra splendens,Cyrtandra,Gesneriaceae
8253,Cyrtandra strictipes,Cyrtandra,Gesneriaceae
8255,Cyrtandra subgrandis,Cyrtandra,Gesneriaceae
8258,Cyrtandra tenebrosa,Cyrtandra,Gesneriaceae
8260,Cyrtandra teres,Cyrtandra,Gesneriaceae
8262,Cyrtandra toreniiflora,Cyrtandra,Gesneriaceae
8265,Cyrtandra trisepala,Cyrtandra,Gesneriaceae
8268,Cyrtandra urceolata,Cyrtandra,Gesneriaceae
8269,Cyrtandra velutina,Cyrtandra,Gesneriaceae
8275,Cyrtandra vulpina,Cyrtandra,Gesneriaceae
8277,Cyrtandra warburgiana,Cyrtandra,Gesneriaceae
8282,Cyrtandra winkleri,Cyrtandra,Gesneriaceae
8301,Cyrtococcum oxyphyllum,Cyrtococcum,Poaceae
8302,Cyrtococcum patens,Cyrtococcum,Poaceae
8305,Cyrtophyllum fragrans,Cyrtophyllum,Gentianaceae
8306,Cyrtophyllum giganteum,Cyrtophyllum,Gentianaceae
8307,Cyrtophyllum minutiflorum,Cyrtophyllum,Gentianaceae
8308,Cyrtosia javanica,Cyrtosia,Orchidaceae
8318,Cyrtosperma merkusii,Cyrtosperma,Araceae
8323,Cyrtostachys renda,Cyrtostachys,Arecaceae
8328,Cystorchis aphylla,Cystorchis,Orchidaceae
8335,Cystorchis saccosepala,Cystorchis,Orchidaceae
8336,Cystorchis saccosepala var. menaboiensis,Cystorchis,Orchidaceae
8337,Cystorchis saprophytica,Cystorchis,Orchidaceae
8339,Cystorchis variegata,Cystorchis,Orchidaceae
8346,Dacrycarpus imbricatus,Dacrycarpus,Podocarpaceae
8348,Dacrycarpus imbricatus var. robustus,Dacrycarpus,Podocarpaceae
8349,Dacrycarpus kinabaluensis,Dacrycarpus,Podocarpaceae
8350,Dacrycarpus steupii,Dacrycarpus,Podocarpaceae
8351,Dacrydium beccarii,Dacrydium,Podocarpaceae
8354,Dacrydium elatum,Dacrydium,Podocarpaceae
8363,Dacrydium pectinatum,Dacrydium,Podocarpaceae
8365,Dacrydium xanthandrum,Dacrydium,Podocarpaceae
8367,Dacryodes costata,Dacryodes,Burseraceae
8369,Dacryodes elmeri,Dacryodes,Burseraceae
8370,Dacryodes expansa,Dacryodes,Burseraceae
8371,Dacryodes incurvata,Dacryodes,Burseraceae
8372,Dacryodes laxa,Dacryodes,Burseraceae
8373,Dacryodes longifolia,Dacryodes,Burseraceae
8374,Dacryodes macrocarpa,Dacryodes,Burseraceae
8376,Dacryodes nervosa,Dacryodes,Burseraceae
8377,Dacryodes rostrata,Dacryodes,Burseraceae
8378,Dacryodes rubiginosa,Dacryodes,Burseraceae
8379,Dacryodes rugosa,Dacryodes,Burseraceae
8380,Dacryodes rugosa var. virgata,Dacryodes,Burseraceae
8384,Dactylocladus stenostachys,Dactylocladus,Crypteroniaceae
8385,Dactyloctenium aegyptium,Dactyloctenium,Poaceae
8388,Dalbergia beccarii,Dalbergia,Fabaceae
8389,Dalbergia bintuluensis,Dalbergia,Fabaceae
8390,Dalbergia borneensis,Dalbergia,Fabaceae
8392,Dalbergia candenatensis,Dalbergia,Fabaceae
8396,Dalbergia ferruginea,Dalbergia,Fabaceae
8398,Dalbergia havilandii,Dalbergia,Fabaceae
8399,Dalbergia hoseana,Dalbergia,Fabaceae
8400,Dalbergia hullettii,Dalbergia,Fabaceae
8403,Dalbergia junghuhnii,Dalbergia,Fabaceae
8404,Dalbergia kunstleri,Dalbergia,Fabaceae
8411,Dalbergia parviflora,Dalbergia,Fabaceae
8412,Dalbergia pinnata,Dalbergia,Fabaceae
8413,Dalbergia rimosa,Dalbergia,Fabaceae
8414,Dalbergia rostrata,Dalbergia,Fabaceae
8415,Dalbergia sandakanensis,Dalbergia,Fabaceae
8419,Dalbergia velutina,Dalbergia,Fabaceae
8420,Dalbergia velutina var. maingayi,Dalbergia,Fabaceae
8424,Dalenia beccariana,Dalenia,Melastomataceae
8425,Dalenia glabra,Dalenia,Melastomataceae
8426,Dalenia glandulosa,Dalenia,Melastomataceae
8427,Dalenia laevis,Dalenia,Melastomataceae
8428,Dalenia latifolia,Dalenia,Melastomataceae
8429,Dalenia magnibracteata,Dalenia,Melastomataceae
8431,Dalenia pulchra,Dalenia,Melastomataceae
8432,Dalrympelea borneensis,Dalrympelea,Staphyleaceae
8433,Dalrympelea grandis,Dalrympelea,Staphyleaceae
8435,Dalrympelea sphaerocarpa,Dalrympelea,Staphyleaceae
8436,Dalrympelea sphaerocarpa var. microcerotis,Dalrympelea,Staphyleaceae
8439,Dapania grandifolia,Dapania,Oxalidaceae
8440,Dapania racemosa,Dapania,Oxalidaceae
8442,Daphniphyllum borneense,Daphniphyllum,Daphniphyllaceae
8445,Daphniphyllum dichotomum,Daphniphyllum,Daphniphyllaceae
8446,Daphniphyllum glaucescens,Daphniphyllum,Daphniphyllaceae
8450,Daphniphyllum griffithianum,Daphniphyllum,Daphniphyllaceae
8462,Dasymaschalon borneense,Dasymaschalon,Annonaceae
8464,Dasymaschalon dasymaschalum,Dasymaschalon,Annonaceae
8466,Davallia angustata,Davallia,Davalliaceae
8468,Davallia brevipes,Davallia,Davalliaceae
8471,Davallia corniculata,Davallia,Davalliaceae
8473,Davallia denticulata,Davallia,Davalliaceae
8475,Davallia divaricata,Davallia,Davalliaceae
8476,Davallia embolostegia,Davallia,Davalliaceae
8477,Davallia epiphylla,Davallia,Davalliaceae
8479,Davallia heterophylla,Davallia,Davalliaceae
8480,Davallia hirsuta,Davallia,Davalliaceae
8483,Davallia parvula,Davallia,Davalliaceae
8484,Davallia pectinata,Davallia,Davalliaceae
8485,Davallia pentaphylla,Davallia,Davalliaceae
8486,Davallia pusilla,Davallia,Davalliaceae
8488,Davallia repens,Davallia,Davalliaceae
8491,Davallia sessilifolia,Davallia,Davalliaceae
8494,Davallia solida,Davallia,Davalliaceae
8495,Davallia trichomanoides,Davallia,Davalliaceae
8496,Davallia triphylla,Davallia,Davalliaceae
8498,Davallia wagneriana,Davallia,Davalliaceae
8499,Davallodes borneensis,Davallodes,Davalliaceae
8500,Davallodes hirsuta,Davallodes,Davalliaceae
8501,Davallodes hymenophylloides,Davallodes,Davalliaceae
8505,Davallodes viscidula,Davallodes,Davalliaceae
8508,Debregeasia longifolia,Debregeasia,Urticaceae
8510,Debregeasia squamata,Debregeasia,Urticaceae
8529,Decalobanthus borneensis,Decalobanthus,Convolvulaceae
8530,Decalobanthus elmeri,Decalobanthus,Convolvulaceae
8531,Decalobanthus elmeri var. glaberrimus,Decalobanthus,Convolvulaceae
8532,Decalobanthus korthalsianus,Decalobanthus,Convolvulaceae
8534,Decalobanthus pacificus,Decalobanthus,Convolvulaceae
8535,Decalobanthus peltatus,Decalobanthus,Convolvulaceae
8536,Decalobanthus pulcher,Decalobanthus,Convolvulaceae
8537,Decalobanthus sumatranus,Decalobanthus,Convolvulaceae
8538,Decaneuropsis blanda,Decaneuropsis,Asteraceae
8546,Decaspermum fruticosum,Decaspermum,Myrtaceae
8552,Decaspermum parviflorum,Decaspermum,Myrtaceae
8558,Deeringia amaranthoides,Deeringia,Amaranthaceae
8560,Deeringia polysperma,Deeringia,Amaranthaceae
8562,Deguelia scandens,Deguelia,Fabaceae
8565,Dehaasia brachybotrys,Dehaasia,Lauraceae
8566,Dehaasia caesia,Dehaasia,Lauraceae
8569,Dehaasia corynantha,Dehaasia,Lauraceae
8570,Dehaasia cuneata,Dehaasia,Lauraceae
8571,Dehaasia firma,Dehaasia,Lauraceae
8572,Dehaasia gigantocarpa,Dehaasia,Lauraceae
8573,Dehaasia hirsuta,Dehaasia,Lauraceae
8574,Dehaasia incrassata,Dehaasia,Lauraceae
8575,Dehaasia membranacea,Dehaasia,Lauraceae
8576,Dehaasia palembanica,Dehaasia,Lauraceae
8577,Dehaasia paradoxa,Dehaasia,Lauraceae
8578,Dehaasia pauciflora,Dehaasia,Lauraceae
8583,Dehaasia sumatrana,Dehaasia,Lauraceae
8586,Dehaasia titanophylla,Dehaasia,Lauraceae
8587,Dehaasia tomentosa,Dehaasia,Lauraceae
8588,Dehaasia turfosa,Dehaasia,Lauraceae
8589,Dehaasia velutinosa,Dehaasia,Lauraceae
8597,Dendrobium aciculare,Dendrobium,Orchidaceae
8600,Dendrobium acuminatissimum,Dendrobium,Orchidaceae
8605,Dendrobium acutisepalum,Dendrobium,Orchidaceae
8611,Dendrobium alabense,Dendrobium,Orchidaceae
8615,Dendrobium aloifolium,Dendrobium,Orchidaceae
8624,Dendrobium angustifolium,Dendrobium,Orchidaceae
8632,Dendrobium anosmum,Dendrobium,Orchidaceae
8643,Dendrobium arcuatum,Dendrobium,Orchidaceae
8653,Dendrobium attenuatum,Dendrobium,Orchidaceae
8655,Dendrobium aureilobum,Dendrobium,Orchidaceae
8668,Dendrobium beamanianum,Dendrobium,Orchidaceae
8671,Dendrobium bicostatum,Dendrobium,Orchidaceae
8681,Dendrobium blumei,Dendrobium,Orchidaceae
8682,Dendrobium bostrychodes,Dendrobium,Orchidaceae
8684,Dendrobium bracteosum,Dendrobium,Orchidaceae
8688,Dendrobium brevicolle,Dendrobium,Orchidaceae
8697,Dendrobium calcaratimentum,Dendrobium,Orchidaceae
8698,Dendrobium calcariferum,Dendrobium,Orchidaceae
8719,Dendrobium chewiorum,Dendrobium,Orchidaceae
8726,Dendrobium cinnabarinum,Dendrobium,Orchidaceae
8734,Dendrobium coloratum,Dendrobium,Orchidaceae
8735,Dendrobium comatum,Dendrobium,Orchidaceae
8738,Dendrobium compressistylum,Dendrobium,Orchidaceae
8739,Dendrobium compressum,Dendrobium,Orchidaceae
8745,Dendrobium connatum,Dendrobium,Orchidaceae
8746,Dendrobium connatum var. distachyon,Dendrobium,Orchidaceae
8751,Dendrobium corallorhizon,Dendrobium,Orchidaceae
8753,Dendrobium corydaliflorum,Dendrobium,Orchidaceae
8755,Dendrobium crabro,Dendrobium,Orchidaceae
8763,Dendrobium crucilabre,Dendrobium,Orchidaceae
8764,Dendrobium crumenatum,Dendrobium,Orchidaceae
8767,Dendrobium cumulatum,Dendrobium,Orchidaceae
8770,Dendrobium curvimentum,Dendrobium,Orchidaceae
8780,Dendrobium cymbicallum,Dendrobium,Orchidaceae
8783,Dendrobium cymboglossum,Dendrobium,Orchidaceae
8784,Dendrobium cymbulipes,Dendrobium,Orchidaceae
8786,Dendrobium dactyliferum,Dendrobium,Orchidaceae
8793,Dendrobium denigratum,Dendrobium,Orchidaceae
8794,Dendrobium derryi,Dendrobium,Orchidaceae
8795,Dendrobium devogelii,Dendrobium,Orchidaceae
8797,Dendrobium dianiae,Dendrobium,Orchidaceae
8800,Dendrobium dilatatocolle,Dendrobium,Orchidaceae
8810,Dendrobium doloissumbinii,Dendrobium,Orchidaceae
8816,Dendrobium ellipsophyllum,Dendrobium,Orchidaceae
8818,Dendrobium endertii,Dendrobium,Orchidaceae
8824,Dendrobium erythropogon,Dendrobium,Orchidaceae
8828,Dendrobium exasperatum,Dendrobium,Orchidaceae
8839,Dendrobium flabelloides,Dendrobium,Orchidaceae
8841,Dendrobium flexile,Dendrobium,Orchidaceae
8843,Dendrobium flos-wanua,Dendrobium,Orchidaceae
8874,Dendrobium gracile,Dendrobium,Orchidaceae
8875,Dendrobium gramineum,Dendrobium,Orchidaceae
8876,Dendrobium grande,Dendrobium,Orchidaceae
8879,Dendrobium grootingsii,Dendrobium,Orchidaceae
8889,Dendrobium hendersonii,Dendrobium,Orchidaceae
8890,Dendrobium heokhuii,Dendrobium,Orchidaceae
8891,Dendrobium hepaticum,Dendrobium,Orchidaceae
8901,Dendrobium hosei,Dendrobium,Orchidaceae
8921,Dendrobium incurvociliatum,Dendrobium,Orchidaceae
8923,Dendrobium indivisum,Dendrobium,Orchidaceae
8924,Dendrobium indivisum var. fuscum,Dendrobium,Orchidaceae
8925,Dendrobium indivisum var. pallidum,Dendrobium,Orchidaceae
8926,Dendrobium indragiriense,Dendrobium,Orchidaceae
8934,Dendrobium interruptum,Dendrobium,Orchidaceae
8942,Dendrobium jamirusii,Dendrobium,Orchidaceae
8948,Dendrobium junceum,Dendrobium,Orchidaceae
8951,Dendrobium kelamense,Dendrobium,Orchidaceae
8952,Dendrobium kenepaiense,Dendrobium,Orchidaceae
8953,Dendrobium kentrophyllum,Dendrobium,Orchidaceae
8956,Dendrobium kiauense,Dendrobium,Orchidaceae
8962,Dendrobium korthalsii,Dendrobium,Orchidaceae
8965,Dendrobium kurashigei,Dendrobium,Orchidaceae
8968,Dendrobium labangense,Dendrobium,Orchidaceae
8972,Dendrobium lambii,Dendrobium,Orchidaceae
8973,Dendrobium lamellatum,Dendrobium,Orchidaceae
8974,Dendrobium lamelluliferum,Dendrobium,Orchidaceae
8976,Dendrobium lampongense,Dendrobium,Orchidaceae
8978,Dendrobium lancilabium,Dendrobium,Orchidaceae
8979,Dendrobium lancilobum,Dendrobium,Orchidaceae
8989,Dendrobium leonis,Dendrobium,Orchidaceae
8994,Dendrobium linguella,Dendrobium,Orchidaceae
8996,Dendrobium lobatum,Dendrobium,Orchidaceae
8997,Dendrobium lobbii,Dendrobium,Orchidaceae
8998,Dendrobium lobulatum,Dendrobium,Orchidaceae
9002,Dendrobium longicolle,Dendrobium,Orchidaceae
9003,Dendrobium longiramense,Dendrobium,Orchidaceae
9004,Dendrobium lowii,Dendrobium,Orchidaceae
9007,Dendrobium luxurians,Dendrobium,Orchidaceae
9014,Dendrobium macrophyllum,Dendrobium,Orchidaceae
9016,Dendrobium macrostachyum,Dendrobium,Orchidaceae
9026,Dendrobium maraiparense,Dendrobium,Orchidaceae
9033,Dendrobium metachilinum,Dendrobium,Orchidaceae
9035,Dendrobium microglaphys,Dendrobium,Orchidaceae
9038,Dendrobium minimum,Dendrobium,Orchidaceae
9048,Dendrobium moquetteanum,Dendrobium,Orchidaceae
9050,Dendrobium mucrovaginatum,Dendrobium,Orchidaceae
9061,Dendrobium nieuwenhuisii,Dendrobium,Orchidaceae
9064,Dendrobium nitidicolle,Dendrobium,Orchidaceae
9069,Dendrobium nudum,Dendrobium,Orchidaceae
9070,Dendrobium nycteridoglossum,Dendrobium,Orchidaceae
9083,Dendrobium olivaceum,Dendrobium,Orchidaceae
9090,Dendrobium ovipostoriferum,Dendrobium,Orchidaceae
9091,Dendrobium paathii,Dendrobium,Orchidaceae
9092,Dendrobium pachyanthum,Dendrobium,Orchidaceae
9093,Dendrobium pachyphyllum,Dendrobium,Orchidaceae
9094,Dendrobium padangense,Dendrobium,Orchidaceae
9095,Dendrobium panduriferum,Dendrobium,Orchidaceae
9109,Dendrobium patentilobum,Dendrobium,Orchidaceae
9115,Dendrobium pensile,Dendrobium,Orchidaceae
9124,Dendrobium pinifolium,Dendrobium,Orchidaceae
9125,Dendrobium piranha,Dendrobium,Orchidaceae
9126,Dendrobium planibulbe,Dendrobium,Orchidaceae
9130,Dendrobium platycaulon,Dendrobium,Orchidaceae
9134,Dendrobium pleasancium,Dendrobium,Orchidaceae
9137,Dendrobium plicatile,Dendrobium,Orchidaceae
9141,Dendrobium pogoniates,Dendrobium,Orchidaceae
9150,Dendrobium pseudoaloifolium,Dendrobium,Orchidaceae
9154,Dendrobium pseudoconvexum,Dendrobium,Orchidaceae
9157,Dendrobium pseudostriatellum,Dendrobium,Orchidaceae
9158,Dendrobium puberulilingue,Dendrobium,Orchidaceae
9160,Dendrobium punbatuense,Dendrobium,Orchidaceae
9161,Dendrobium puncticulosum,Dendrobium,Orchidaceae
9169,Dendrobium quadrilobatum,Dendrobium,Orchidaceae
9181,Dendrobium reflexitepalum,Dendrobium,Orchidaceae
9183,Dendrobium refractum,Dendrobium,Orchidaceae
9188,Dendrobium rhipidolobum,Dendrobium,Orchidaceae
9190,Dendrobium rhodostele,Dendrobium,Orchidaceae
9201,Dendrobium rosellum,Dendrobium,Orchidaceae
9206,Dendrobium rubrostriatum,Dendrobium,Orchidaceae
9208,Dendrobium rugosum,Dendrobium,Orchidaceae
9209,Dendrobium rugulosum,Dendrobium,Orchidaceae
9217,Dendrobium salaccense,Dendrobium,Orchidaceae
9219,Dendrobium sambasanum,Dendrobium,Orchidaceae
9220,Dendrobium sanguinolentum,Dendrobium,Orchidaceae
9233,Dendrobium secundum,Dendrobium,Orchidaceae
9238,Dendrobium serena-alexianum,Dendrobium,Orchidaceae
9239,Dendrobium setifolium,Dendrobium,Orchidaceae
9248,Dendrobium singaporense,Dendrobium,Orchidaceae
9249,Dendrobium singkawangense,Dendrobium,Orchidaceae
9250,Dendrobium singulare,Dendrobium,Orchidaceae
9259,Dendrobium spathilingue,Dendrobium,Orchidaceae
9260,Dendrobium spathipetalum,Dendrobium,Orchidaceae
9267,Dendrobium spurium,Dendrobium,Orchidaceae
9279,Dendrobium stuposum,Dendrobium,Orchidaceae
9281,Dendrobium subbilobatum,Dendrobium,Orchidaceae
9295,Dendrobium subulatum,Dendrobium,Orchidaceae
9305,Dendrobium tawauense,Dendrobium,Orchidaceae
9309,Dendrobium tenue,Dendrobium,Orchidaceae
9310,Dendrobium tetrachromum,Dendrobium,Orchidaceae
9311,Dendrobium tetraedre,Dendrobium,Orchidaceae
9313,Dendrobium tetralobum,Dendrobium,Orchidaceae
9329,Dendrobium tricuspe,Dendrobium,Orchidaceae
9330,Dendrobium tridentatum,Dendrobium,Orchidaceae
9336,Dendrobium trullatum,Dendrobium,Orchidaceae
9337,Dendrobium truncatum,Dendrobium,Orchidaceae
9347,Dendrobium uniflorum,Dendrobium,Orchidaceae
9359,Dendrobium versteegii,Dendrobium,Orchidaceae
9365,Dendrobium villosulum,Dendrobium,Orchidaceae
9378,Dendrobium xanthoacron,Dendrobium,Orchidaceae
9379,Dendrobium xantholeucum,Dendrobium,Orchidaceae
9380,Dendrobium xiphophyllum,Dendrobium,Orchidaceae
9382,Dendrobium zebrinum,Dendrobium,Orchidaceae
9383,Dendrocalamus asper,Dendrocalamus,Poaceae
9390,Dendrocalamus latiflorus,Dendrocalamus,Poaceae
9400,Dendrocnide elliptica,Dendrocnide,Urticaceae
9406,Dendrocnide oblanceolata,Dendrocnide,Urticaceae
9412,Dendrocnide stimulans,Dendrocnide,Urticaceae
9416,Dendrolirium ornatum,Dendrolirium,Orchidaceae
9420,Dendrolobium triangulare,Dendrolobium,Fabaceae
9421,Dendrolobium umbellatum,Dendrolobium,Fabaceae
9423,Dendromyza crassifolia,Dendromyza,Santalaceae
9436,Dendromyza pachydisca,Dendromyza,Santalaceae
9438,Dendromyza reinwardtiana,Dendromyza,Santalaceae
9453,Dendrophthoe constricta,Dendrophthoe,Loranthaceae
9454,Dendrophthoe curvata,Dendrophthoe,Loranthaceae
9457,Dendrophthoe fulva,Dendrophthoe,Loranthaceae
9462,Dendrophthoe incarnata,Dendrophthoe,Loranthaceae
9463,Dendrophthoe lanosa,Dendrophthoe,Loranthaceae
9464,Dendrophthoe locellata,Dendrophthoe,Loranthaceae
9465,Dendrophthoe longituba,Dendrophthoe,Loranthaceae
9469,Dendrophthoe pentandra,Dendrophthoe,Loranthaceae
9470,Dendrophthoe pentapetala,Dendrophthoe,Loranthaceae
9477,Dendrotrophe buxifolia,Dendrotrophe,Santalaceae
9479,Dendrotrophe varians,Dendrotrophe,Santalaceae
9480,Dennstaedtia ampla,Dennstaedtia,Dennstaedtiaceae
9482,Dennstaedtia dennstaedtioides,Dennstaedtia,Dennstaedtiaceae
9484,Dennstaedtia glabrata,Dennstaedtia,Dennstaedtiaceae
9490,Dennstaedtia philippinensis,Dennstaedtia,Dennstaedtiaceae
9492,Dennstaedtia resinifera,Dennstaedtia,Dennstaedtiaceae
9493,Dennstaedtia rufidula,Dennstaedtia,Dennstaedtiaceae
9495,Dennstaedtia scandens,Dennstaedtia,Dennstaedtiaceae
9501,Dentella repens,Dentella,Rubiaceae
9505,Deparia confluens,Deparia,Athyriaceae
9508,Deparia lancea,Deparia,Athyriaceae
9509,Deparia lancea var. rheophila,Deparia,Athyriaceae
9513,Deplanchea bancana,Deplanchea,Bignoniaceae
9514,Deplanchea glabra,Deplanchea,Bignoniaceae
9516,Derris amoena,Derris,Fabaceae
9518,Derris cuneifolia,Derris,Fabaceae
9519,Derris elegans,Derris,Fabaceae
9521,Derris elegans var. korthalsiana,Derris,Fabaceae
9523,Derris ferruginea,Derris,Fabaceae
9524,Derris montana,Derris,Fabaceae
9529,Derris trifoliata,Derris,Fabaceae
9538,Desmodium heterophyllum,Desmodium,Fabaceae
9544,Desmos acutus,Desmos,Annonaceae
9545,Desmos chinensis,Desmos,Annonaceae
9547,Desmos cochinchinensis,Desmos,Annonaceae
9549,Desmos dumosus,Desmos,Annonaceae
9552,Desmos subbiglandulosus,Desmos,Annonaceae
9558,Dialium cochinchinense,Dialium,Fabaceae
9559,Dialium hydnocarpoides,Dialium,Fabaceae
9560,Dialium indum,Dialium,Fabaceae
9561,Dialium indum var. bursa,Dialium,Fabaceae
9562,Dialium kunstleri,Dialium,Fabaceae
9563,Dialium kunstleri var. trifoliolatum,Dialium,Fabaceae
9564,Dialium latifolium,Dialium,Fabaceae
9565,Dialium platysepalum,Dialium,Fabaceae
9566,Dialium procerum,Dialium,Fabaceae
9570,Dianella ensifolia,Dianella,Asphodelaceae
9579,Dibridsonia conferta,Dibridsonia,Rubiaceae
9592,Dichapetalum gelonioides,Dichapetalum,Dichapetalaceae
9593,Dichapetalum gelonioides subsp. pilosum,Dichapetalum,Dichapetalaceae
9594,Dichapetalum gelonioides subsp. sumatranum,Dichapetalum,Dichapetalaceae
9597,Dichapetalum griffithii,Dichapetalum,Dichapetalaceae
9601,Dichapetalum setosum,Dichapetalum,Dichapetalaceae
9603,Dichapetalum steenisii,Dichapetalum,Dichapetalaceae
9606,Dichapetalum timoriense,Dichapetalum,Dichapetalaceae
9609,Dichilanthe borneensis,Dichilanthe,Rubiaceae
9624,Dicksonia mollis,Dicksonia,Dicksoniaceae
9653,Dicoelia beccariana,Dicoelia,Phyllanthaceae
9655,Dicranopteris curranii,Dicranopteris,Gleicheniaceae
9660,Dicranopteris linearis var. ferruginea,Dicranopteris,Gleicheniaceae
9662,Dicranopteris linearis var. subferruginea,Dicranopteris,Gleicheniaceae
9663,Dicranopteris pedata,Dicranopteris,Gleicheniaceae
9668,Dicranopteris subpectinata,Dicranopteris,Gleicheniaceae
9669,Dicranopteris taiwanensis,Dicranopteris,Gleicheniaceae
9671,Dictyoneura acuminata,Dictyoneura,Sapindaceae
9677,Dictyospermum ovatum,Dictyospermum,Commelinaceae
9686,Didissandra triflora,Didissandra,Gesneriaceae
9697,Didymochlaena truncatula,Didymochlaena,Didymochlaenaceae
9698,Didymoplexiella cinnabarina,Didymoplexiella,Orchidaceae
9699,Didymoplexiella forcipata,Didymoplexiella,Orchidaceae
9700,Didymoplexiella kinabaluensis,Didymoplexiella,Orchidaceae
9701,Didymoplexiella ornata,Didymoplexiella,Orchidaceae
9704,Didymoplexis cornuta var. betungkerihunensis,Didymoplexis,Orchidaceae
9706,Didymoplexis latilabris,Didymoplexis,Orchidaceae
9715,Dienia ophrydis,Dienia,Orchidaceae
9727,Digitaria fuscescens,Digitaria,Poaceae
9730,Digitaria ischaemum,Digitaria,Poaceae
9733,Digitaria longiflora,Digitaria,Poaceae
9739,Digitaria nuda,Digitaria,Poaceae
9742,Digitaria radicosa,Digitaria,Poaceae
9745,Digitaria setigera,Digitaria,Poaceae
9750,Digitaria violascens,Digitaria,Poaceae
9757,Dillenia aurea,Dillenia,Dilleniaceae
9759,Dillenia beccariana,Dillenia,Dilleniaceae
9760,Dillenia borneensis,Dillenia,Dilleniaceae
9764,Dillenia excelsa,Dillenia,Dilleniaceae
9765,Dillenia grandifolia,Dillenia,Dilleniaceae
9766,Dillenia indica,Dillenia,Dilleniaceae
9769,Dillenia obovata,Dillenia,Dilleniaceae
9774,Dillenia pentagyna,Dillenia,Dilleniaceae
9776,Dillenia pulchella,Dillenia,Dilleniaceae
9779,Dillenia reticulata,Dillenia,Dilleniaceae
9780,Dillenia reticulata var. psilocarpella,Dillenia,Dilleniaceae
9783,Dillenia suffruticosa,Dillenia,Dilleniaceae
9784,Dillenia sumatrana,Dillenia,Dilleniaceae
9787,Dilochia cantleyi,Dilochia,Orchidaceae
9790,Dilochia longilabris,Dilochia,Orchidaceae
9791,Dilochia parviflora,Dilochia,Orchidaceae
9792,Dilochia rigida,Dilochia,Orchidaceae
9793,Dilochia wallichii,Dilochia,Orchidaceae
9797,Dimetia capitellata,Dimetia,Rubiaceae
9798,Dimetia hedyotidea,Dimetia,Rubiaceae
9800,Dimocarpus dentatus,Dimocarpus,Sapindaceae
9801,Dimocarpus fumatus,Dimocarpus,Sapindaceae
9803,Dimocarpus longan,Dimocarpus,Sapindaceae
9804,Dimocarpus longan subsp. malesianus,Dimocarpus,Sapindaceae
9805,Dimocarpus longan var. echinatus,Dimocarpus,Sapindaceae
9853,Dimorphorchis breviscapa,Dimorphorchis,Orchidaceae
9855,Dimorphorchis lowii,Dimorphorchis,Orchidaceae
9856,Dimorphorchis rohaniana,Dimorphorchis,Orchidaceae
9859,Dinetus racemosus,Dinetus,Convolvulaceae
9865,Dinochloa darvelana,Dinochloa,Poaceae
9874,Dinochloa luconiae,Dinochloa,Poaceae
9882,Dinochloa robusta,Dinochloa,Poaceae
9883,Dinochloa scabrida,Dinochloa,Poaceae
9888,Dinochloa trichogona,Dinochloa,Poaceae
9896,Dioscorea bulbifera,Dioscorea,Dioscoreaceae
9899,Dioscorea esculenta,Dioscorea,Dioscoreaceae
9901,Dioscorea flabellifolia,Dioscorea,Dioscoreaceae
9902,Dioscorea glabra,Dioscorea,Dioscoreaceae
9905,Dioscorea havilandii,Dioscorea,Dioscoreaceae
9906,Dioscorea hispida,Dioscorea,Dioscoreaceae
9910,Dioscorea laurifolia,Dioscorea,Dioscoreaceae
9912,Dioscorea nieuwenhuisii,Dioscorea,Dioscoreaceae
9913,Dioscorea nummularia,Dioscorea,Dioscoreaceae
9915,Dioscorea oppositifolia,Dioscorea,Dioscoreaceae
9916,Dioscorea orbiculata,Dioscorea,Dioscoreaceae
9917,Dioscorea pentaphylla,Dioscorea,Dioscoreaceae
9918,Dioscorea piscatorum,Dioscorea,Dioscoreaceae
9920,Dioscorea polyclades,Dioscorea,Dioscoreaceae
9921,Dioscorea prainiana,Dioscorea,Dioscoreaceae
9922,Dioscorea pubera,Dioscorea,Dioscoreaceae
9923,Dioscorea pyrifolia,Dioscorea,Dioscoreaceae
9926,Dioscorea salicifolia,Dioscorea,Dioscoreaceae
9931,Dioscorea sitamiana,Dioscorea,Dioscoreaceae
9932,Dioscorea stenomeriflora,Dioscorea,Dioscoreaceae
9936,Dioscorea vilis,Dioscorea,Dioscoreaceae
9937,Dioscorea warburgiana,Dioscorea,Dioscoreaceae
9941,Diospyros alatella,Diospyros,Ebenaceae
9944,Diospyros andamanica,Diospyros,Ebenaceae
9946,Diospyros areolata,Diospyros,Ebenaceae
9947,Diospyros argentea,Diospyros,Ebenaceae
9948,Diospyros aurea,Diospyros,Ebenaceae
9953,Diospyros blancoi,Diospyros,Ebenaceae
9956,Diospyros britannoborneensis,Diospyros,Ebenaceae
9957,Diospyros buxifolia,Diospyros,Ebenaceae
9959,Diospyros campanulata,Diospyros,Ebenaceae
9962,Diospyros caudisepala,Diospyros,Ebenaceae
9963,Diospyros cauliflora,Diospyros,Ebenaceae
9964,Diospyros celebica,Diospyros,Ebenaceae
9965,Diospyros clementium,Diospyros,Ebenaceae
9967,Diospyros consanguinea,Diospyros,Ebenaceae
9968,Diospyros cordata,Diospyros,Ebenaceae
9969,Diospyros coriacea,Diospyros,Ebenaceae
9970,Diospyros curranii,Diospyros,Ebenaceae
9971,Diospyros curranii var. kalimantanensis,Diospyros,Ebenaceae
9972,Diospyros daemona,Diospyros,Ebenaceae
9974,Diospyros dictyoneura,Diospyros,Ebenaceae
9975,Diospyros diepenhorstii,Diospyros,Ebenaceae
9976,Diospyros discocalyx,Diospyros,Ebenaceae
9980,Diospyros elliptifolia,Diospyros,Ebenaceae
9981,Diospyros eriantha,Diospyros,Ebenaceae
9982,Diospyros eucalyptifolia,Diospyros,Ebenaceae
9983,Diospyros euphlehia,Diospyros,Ebenaceae
9984,Diospyros evena,Diospyros,Ebenaceae
9985,Diospyros everettii,Diospyros,Ebenaceae
9987,Diospyros ferox,Diospyros,Ebenaceae
9989,Diospyros ferruginescens,Diospyros,Ebenaceae
9990,Diospyros ferruginescens var. rufotomentosa,Diospyros,Ebenaceae
9991,Diospyros foliosa,Diospyros,Ebenaceae
9992,Diospyros forbesii,Diospyros,Ebenaceae
9993,Diospyros foxworthyi,Diospyros,Ebenaceae
9996,Diospyros gigantocarpa,Diospyros,Ebenaceae
10000,Diospyros hackenbergii,Diospyros,Ebenaceae
10001,Diospyros hallieri,Diospyros,Ebenaceae
10011,Diospyros korthalsiana,Diospyros,Ebenaceae
10012,Diospyros kostermansii,Diospyros,Ebenaceae
10013,Diospyros kurzii,Diospyros,Ebenaceae
10015,Diospyros lateralis,Diospyros,Ebenaceae
10019,Diospyros macrocarpa,Diospyros,Ebenaceae
10020,Diospyros macrophylla,Diospyros,Ebenaceae
10021,Diospyros maingayi,Diospyros,Ebenaceae
10028,Diospyros mindanaensis,Diospyros,Ebenaceae
10033,Diospyros muricata,Diospyros,Ebenaceae
10034,Diospyros nemorosa,Diospyros,Ebenaceae
10035,Diospyros neurosepala,Diospyros,Ebenaceae
10038,Diospyros oblonga,Diospyros,Ebenaceae
10039,Diospyros oblonga var. helferi,Diospyros,Ebenaceae
10040,Diospyros oligantha,Diospyros,Ebenaceae
10041,Diospyros orthioneura,Diospyros,Ebenaceae
10045,Diospyros penangiana,Diospyros,Ebenaceae
10046,Diospyros pendula,Diospyros,Ebenaceae
10047,Diospyros penibukanensis,Diospyros,Ebenaceae
10048,Diospyros perfida,Diospyros,Ebenaceae
10050,Diospyros piscicapa,Diospyros,Ebenaceae
10051,Diospyros plectosepala,Diospyros,Ebenaceae
10055,Diospyros puncticulosa,Diospyros,Ebenaceae
10056,Diospyros pyrrhocarpa,Diospyros,Ebenaceae
10057,Diospyros ridleyi,Diospyros,Ebenaceae
10058,Diospyros rigida,Diospyros,Ebenaceae
10061,Diospyros rufa,Diospyros,Ebenaceae
10067,Diospyros siamang,Diospyros,Ebenaceae
10068,Diospyros simaloerensis,Diospyros,Ebenaceae
10072,Diospyros soporifera,Diospyros,Ebenaceae
10073,Diospyros sororia,Diospyros,Ebenaceae
10074,Diospyros squamifolia,Diospyros,Ebenaceae
10075,Diospyros styraciformis,Diospyros,Ebenaceae
10076,Diospyros subrhomboidea,Diospyros,Ebenaceae
10078,Diospyros sumatrana,Diospyros,Ebenaceae
10080,Diospyros sylvatica,Diospyros,Ebenaceae
10082,Diospyros toposia,Diospyros,Ebenaceae
10084,Diospyros tuberculata,Diospyros,Ebenaceae
10085,Diospyros turfosa,Diospyros,Ebenaceae
10086,Diospyros ulo,Diospyros,Ebenaceae
10089,Diospyros venosa,Diospyros,Ebenaceae
10091,Diospyros wallichii,Diospyros,Ebenaceae
10095,Diplacrum caricinum,Diplacrum,Cyperaceae
10101,Diplazium aequibasale,Diplazium,Athyriaceae
10109,Diplazium asperulum,Diplazium,Athyriaceae
10113,Diplazium atrosquamosum,Diplazium,Athyriaceae
10115,Diplazium bantamense,Diplazium,Athyriaceae
10118,Diplazium beddomei,Diplazium,Athyriaceae
10120,Diplazium birgeri,Diplazium,Athyriaceae
10126,Diplazium cordifolium,Diplazium,Athyriaceae
10128,Diplazium costulisorum,Diplazium,Athyriaceae
10130,Diplazium crinitum,Diplazium,Athyriaceae
10131,Diplazium cumingii,Diplazium,Athyriaceae
10140,Diplazium dilatatum,Diplazium,Athyriaceae
10142,Diplazium esculentum,Diplazium,Athyriaceae
10145,Diplazium fraxinifolium,Diplazium,Athyriaceae
10146,Diplazium fuliginosum,Diplazium,Athyriaceae
10150,Diplazium hewittii,Diplazium,Athyriaceae
10152,Diplazium hottae,Diplazium,Athyriaceae
10157,Diplazium laevipes,Diplazium,Athyriaceae
10160,Diplazium latisquamatum,Diplazium,Athyriaceae
10162,Diplazium lobbianum,Diplazium,Athyriaceae
10163,Diplazium lomariaceum,Diplazium,Athyriaceae
10168,Diplazium maximum,Diplazium,Athyriaceae
10173,Diplazium moluccanum,Diplazium,Athyriaceae
10174,Diplazium moultonii,Diplazium,Athyriaceae
10177,Diplazium mutabile,Diplazium,Athyriaceae
10182,Diplazium pallidum,Diplazium,Athyriaceae
10188,Diplazium poiense,Diplazium,Athyriaceae
10189,Diplazium polycarpum,Diplazium,Athyriaceae
10190,Diplazium polypodioides,Diplazium,Athyriaceae
10191,Diplazium porphyrorachis,Diplazium,Athyriaceae
10193,Diplazium procumbens,Diplazium,Athyriaceae
10194,Diplazium proliferum,Diplazium,Athyriaceae
10196,Diplazium propinquum,Diplazium,Athyriaceae
10200,Diplazium rubicaule,Diplazium,Athyriaceae
10208,Diplazium simplicivenium,Diplazium,Athyriaceae
10209,Diplazium sorzogonense,Diplazium,Athyriaceae
10210,Diplazium speciosum,Diplazium,Athyriaceae
10212,Diplazium spiniferum,Diplazium,Athyriaceae
10213,Diplazium spinulosum,Diplazium,Athyriaceae
10215,Diplazium squarrosum,Diplazium,Athyriaceae
10221,Diplazium subserratum,Diplazium,Athyriaceae
10222,Diplazium sylvaticum,Diplazium,Athyriaceae
10223,Diplazium tomentosum,Diplazium,Athyriaceae
10224,Diplazium tricholepis,Diplazium,Athyriaceae
10226,Diplazium vanvuureni,Diplazium,Athyriaceae
10228,Diplazium vestitum,Diplazium,Athyriaceae
10229,Diplazium vestitum var. borneense,Diplazium,Athyriaceae
10230,Diplazium wahauense,Diplazium,Athyriaceae
10233,Diplazium xiphophyllum,Diplazium,Athyriaceae
10235,Diplectria divaricata,Diplectria,Melastomataceae
10236,Diplectria micrantha,Diplectria,Melastomataceae
10237,Diplectria stipularis,Diplectria,Melastomataceae
10238,Diplectria viminalis,Diplectria,Melastomataceae
10241,Diploclisia glaucescens var. kunstleri,Diploclisia,Menispermaceae
10244,Diplodiscus aureus,Diplodiscus,Malvaceae
10245,Diplodiscus decumbens,Diplodiscus,Malvaceae
10246,Diplodiscus longifolius,Diplodiscus,Malvaceae
10247,Diplodiscus longipetiolatus,Diplodiscus,Malvaceae
10248,Diplodiscus paniculatus,Diplodiscus,Malvaceae
10250,Diploknema sebifera,Diploknema,Sapotaceae
10253,Diplopterygium brevipinnulum,Diplopterygium,Gleicheniaceae
10254,Diplopterygium bullatum,Diplopterygium,Gleicheniaceae
10257,Diplopterygium longissimum,Diplopterygium,Gleicheniaceae
10260,Diplopterygium volubile,Diplopterygium,Gleicheniaceae
10263,Diplospora tinagoensis,Diplospora,Rubiaceae
10275,Dipodium paludosum,Dipodium,Orchidaceae
10278,Dipodium pictum,Dipodium,Orchidaceae
10279,Dipodium purpureum,Dipodium,Orchidaceae
10282,Dipodium scandens,Dipodium,Orchidaceae
10283,Dipteris conjugata,Dipteris,Dipteridaceae
10284,Dipteris lobbiana,Dipteris,Dipteridaceae
10285,Dipteris nieuwenhuisii,Dipteris,Dipteridaceae
10287,Dipteris papilioniformis,Dipteris,Dipteridaceae
10288,Dipterocarpus acutangulus,Dipterocarpus,Dipterocarpaceae
10290,Dipterocarpus applanatus,Dipterocarpus,Dipterocarpaceae
10292,Dipterocarpus borneensis,Dipterocarpus,Dipterocarpaceae
10293,Dipterocarpus caudifer,Dipterocarpus,Dipterocarpaceae
10300,Dipterocarpus conformis subsp. borneensis,Dipterocarpus,Dipterocarpaceae
10301,Dipterocarpus coriaceus,Dipterocarpus,Dipterocarpaceae
10302,Dipterocarpus cornutus,Dipterocarpus,Dipterocarpaceae
10304,Dipterocarpus costulatus,Dipterocarpus,Dipterocarpaceae
10305,Dipterocarpus crinitus,Dipterocarpus,Dipterocarpaceae
10306,Dipterocarpus elongatus,Dipterocarpus,Dipterocarpaceae
10307,Dipterocarpus eurhynchus,Dipterocarpus,Dipterocarpaceae
10308,Dipterocarpus fagineus,Dipterocarpus,Dipterocarpaceae
10309,Dipterocarpus fusiformis,Dipterocarpus,Dipterocarpaceae
10310,Dipterocarpus geniculatus,Dipterocarpus,Dipterocarpaceae
10311,Dipterocarpus geniculatus subsp. grandis,Dipterocarpus,Dipterocarpaceae
10312,Dipterocarpus glabrigemmatus,Dipterocarpus,Dipterocarpaceae
10313,Dipterocarpus globosus,Dipterocarpus,Dipterocarpaceae
10314,Dipterocarpus gracilis,Dipterocarpus,Dipterocarpaceae
10315,Dipterocarpus grandiflorus,Dipterocarpus,Dipterocarpaceae
10316,Dipterocarpus hasseltii,Dipterocarpus,Dipterocarpaceae
10317,Dipterocarpus humeratus,Dipterocarpus,Dipterocarpaceae
10319,Dipterocarpus kunstleri,Dipterocarpus,Dipterocarpaceae
10320,Dipterocarpus lamellatus,Dipterocarpus,Dipterocarpaceae
10322,Dipterocarpus lowii,Dipterocarpus,Dipterocarpaceae
10323,Dipterocarpus mundus,Dipterocarpus,Dipterocarpaceae
10324,Dipterocarpus nudus,Dipterocarpus,Dipterocarpaceae
10325,Dipterocarpus oblongifolius,Dipterocarpus,Dipterocarpaceae
10327,Dipterocarpus pachyphyllus,Dipterocarpus,Dipterocarpaceae
10328,Dipterocarpus palembanicus,Dipterocarpus,Dipterocarpaceae
10330,Dipterocarpus retusus,Dipterocarpus,Dipterocarpaceae
10332,Dipterocarpus rigidus,Dipterocarpus,Dipterocarpaceae
10334,Dipterocarpus semivestitus,Dipterocarpus,Dipterocarpaceae
10335,Dipterocarpus stellatus,Dipterocarpus,Dipterocarpaceae
10336,Dipterocarpus stellatus subsp. parvus,Dipterocarpus,Dipterocarpaceae
10337,Dipterocarpus sublamellatus,Dipterocarpus,Dipterocarpaceae
10340,Dipterocarpus validus,Dipterocarpus,Dipterocarpaceae
10341,Dipterocarpus verrucosus,Dipterocarpus,Dipterocarpaceae
10345,Dischidia albida,Dischidia,Apocynaceae
10351,Dischidia bisetulosa,Dischidia,Apocynaceae
10353,Dischidia cochleata,Dischidia,Apocynaceae
10359,Dischidia hirsuta,Dischidia,Apocynaceae
10361,Dischidia imbricata,Dischidia,Apocynaceae
10370,Dischidia meleagridiflora,Dischidia,Apocynaceae
10374,Dischidia nummularia,Dischidia,Apocynaceae
10402,Discospermum abnorme,Discospermum,Rubiaceae
10403,Discospermum beccarianum,Discospermum,Rubiaceae
10404,Discospermum javanicum,Discospermum,Rubiaceae
10405,Discospermum malaccense,Discospermum,Rubiaceae
10407,Disepalum anomalum,Disepalum,Annonaceae
10408,Disepalum coronatum,Disepalum,Annonaceae
10417,Dissochaeta annulata,Dissochaeta,Melastomataceae
10418,Dissochaeta axillaris,Dissochaeta,Melastomataceae
10420,Dissochaeta biligulata,Dissochaeta,Melastomataceae
10421,Dissochaeta bracteata,Dissochaeta,Melastomataceae
10422,Dissochaeta celebica,Dissochaeta,Melastomataceae
10424,Dissochaeta densiflora,Dissochaeta,Melastomataceae
10427,Dissochaeta gracilis,Dissochaeta,Melastomataceae
10429,Dissochaeta inappendiculata,Dissochaeta,Melastomataceae
10430,Dissochaeta intermedia,Dissochaeta,Melastomataceae
10433,Dissochaeta pallida,Dissochaeta,Melastomataceae
10438,Dissochaeta vacillans,Dissochaeta,Melastomataceae
10451,Dodonaea viscosa,Dodonaea,Sapindaceae
10456,Dolichandrone spathacea,Dolichandrone,Bignoniaceae
10469,Donax canniformis,Donax,Marantaceae
10470,Donella lanceolata,Donella,Sapotaceae
10476,Dracaena angustifolia,Dracaena,Asparagaceae
10477,Dracaena borneensis,Dracaena,Asparagaceae
10482,Dracaena conferta,Dracaena,Asparagaceae
10483,Dracaena elliptica,Dracaena,Asparagaceae
10485,Dracaena granulata,Dracaena,Asparagaceae
10486,Dracaena hewittii,Dracaena,Asparagaceae
10487,Dracaena hosei,Dracaena,Asparagaceae
10489,Dracaena lancifolia,Dracaena,Asparagaceae
10494,Dracaena pendula,Dracaena,Asparagaceae
10496,Dracaena purpurea,Dracaena,Asparagaceae
10497,Dracaena sarawakensis,Dracaena,Asparagaceae
10504,Dracontomelon costatum,Dracontomelon,Anacardiaceae
10505,Dracontomelon dao,Dracontomelon,Anacardiaceae
10509,Drepananthus biovulatus,Drepananthus,Annonaceae
10510,Drepananthus carinatus,Drepananthus,Annonaceae
10513,Drepananthus deltoideus,Drepananthus,Annonaceae
10514,Drepananthus havilandii,Drepananthus,Annonaceae
10517,Drepananthus magnificus,Drepananthus,Annonaceae
10527,Drepananthus ramuliflorus,Drepananthus,Annonaceae
10528,Drepananthus ridleyi,Drepananthus,Annonaceae
10530,Driessenia axantha,Driessenia,Melastomataceae
10531,Driessenia dispar,Driessenia,Melastomataceae
10533,Driessenia glanduligera,Driessenia,Melastomataceae
10534,Driessenia inaequalifolia,Driessenia,Melastomataceae
10535,Driessenia kemoelensis,Driessenia,Melastomataceae
10536,Driessenia microthrix,Driessenia,Melastomataceae
10537,Driessenia microthrix var. pteroclada,Driessenia,Melastomataceae
10538,Driessenia minutiflora,Driessenia,Melastomataceae
10539,Driessenia ohwiana,Driessenia,Melastomataceae
10540,Driessenia teysmannii,Driessenia,Melastomataceae
10541,Driessenia winkleri,Driessenia,Melastomataceae
10542,Drimycarpus luridus,Drimycarpus,Anacardiaceae
10547,Drosera burmanni,Drosera,Droseraceae
10548,Drosera indica,Drosera,Droseraceae
10550,Drosera peltata,Drosera,Droseraceae
10553,Drosera spatulata,Drosera,Droseraceae
10566,Drynaria drynarioides,Drynaria,Polypodiaceae
10567,Drynaria heracleum,Drynaria,Polypodiaceae
10569,Drynaria involuta,Drynaria,Polypodiaceae
10570,Drynaria latipinna,Drynaria,Polypodiaceae
10578,Drynaria quercifolia,Drynaria,Polypodiaceae
10579,Drynaria rigidula,Drynaria,Polypodiaceae
10580,Drynaria sparsisora,Drynaria,Polypodiaceae
10581,Drynaria speciosa,Drynaria,Polypodiaceae
10582,Dryobalanops aromatica,Dryobalanops,Dipterocarpaceae
10583,Dryobalanops beccarii,Dryobalanops,Dipterocarpaceae
10584,Dryobalanops fusca,Dryobalanops,Dipterocarpaceae
10585,Dryobalanops keithii,Dryobalanops,Dipterocarpaceae
10586,Dryobalanops lanceolata,Dryobalanops,Dipterocarpaceae
10587,Dryobalanops oblongifolia,Dryobalanops,Dipterocarpaceae
10588,Dryobalanops oblongifolia subsp. occidentalis,Dryobalanops,Dipterocarpaceae
10589,Dryobalanops rappa,Dryobalanops,Dipterocarpaceae
10612,Dryopteris nodosa,Dryopteris,Dryopteridaceae
10618,Dryopteris pseudocaenopteris,Dryopteris,Dryopteridaceae
10621,Dryopteris purpurascens,Dryopteris,Dryopteridaceae
10623,Dryopteris sparsa,Dryopteris,Dryopteridaceae
10627,Dryopteris subarborea,Dryopteris,Dryopteridaceae
10633,Drypetes caesia,Drypetes,Putranjivaceae
10635,Drypetes castilloi,Drypetes,Putranjivaceae
10636,Drypetes celebica,Drypetes,Putranjivaceae
10637,Drypetes crassipes,Drypetes,Putranjivaceae
10638,Drypetes cumingii,Drypetes,Putranjivaceae
10639,Drypetes curtisii,Drypetes,Putranjivaceae
10645,Drypetes fusiformis,Drypetes,Putranjivaceae
10650,Drypetes grandifolia,Drypetes,Putranjivaceae
10653,Drypetes kikir,Drypetes,Putranjivaceae
10654,Drypetes laevis,Drypetes,Putranjivaceae
10656,Drypetes littoralis,Drypetes,Putranjivaceae
10657,Drypetes longifolia,Drypetes,Putranjivaceae
10658,Drypetes macrostigma,Drypetes,Putranjivaceae
10660,Drypetes microphylla,Drypetes,Putranjivaceae
10662,Drypetes minahassae,Drypetes,Putranjivaceae
10663,Drypetes neglecta,Drypetes,Putranjivaceae
10667,Drypetes pendula,Drypetes,Putranjivaceae
10669,Drypetes polyalthioides,Drypetes,Putranjivaceae
10670,Drypetes polyneura,Drypetes,Putranjivaceae
10671,Drypetes prunifera,Drypetes,Putranjivaceae
10672,Drypetes rhakodiskos,Drypetes,Putranjivaceae
10675,Drypetes sibuyanensis,Drypetes,Putranjivaceae
10677,Drypetes stylosa,Drypetes,Putranjivaceae
10678,Drypetes subcubica,Drypetes,Putranjivaceae
10685,Drypetes xanthophylloides,Drypetes,Putranjivaceae
10688,Duabanga moluccana,Duabanga,Lythraceae
10697,Dumasia villosa,Dumasia,Fabaceae
10699,Dunbaria circinalis,Dunbaria,Fabaceae
10709,Durio affinis,Durio,Malvaceae
10710,Durio beccarianus,Durio,Malvaceae
10711,Durio bukitrayaensis,Durio,Malvaceae
10712,Durio carinatus,Durio,Malvaceae
10713,Durio connatus,Durio,Malvaceae
10714,Durio crassipes,Durio,Malvaceae
10716,Durio graveolens,Durio,Malvaceae
10717,Durio kinabaluensis,Durio,Malvaceae
10718,Durio kutejensis,Durio,Malvaceae
10720,Durio lissocarpus,Durio,Malvaceae
10725,Durio oblongus,Durio,Malvaceae
10727,Durio purpureus,Durio,Malvaceae
10728,Durio testudinarius,Durio,Malvaceae
10730,Durio zibethinus,Durio,Malvaceae
10731,Dyakia hendersoniana,Dyakia,Orchidaceae
10732,Dyera costulata,Dyera,Apocynaceae
10733,Dyera polyphylla,Dyera,Apocynaceae
10736,Dyschoriste oligosperma,Dyschoriste,Acanthaceae
10741,Dysoxylum acutangulum,Dysoxylum,Meliaceae
10745,Dysoxylum brachybotrys,Dysoxylum,Meliaceae
10747,Dysoxylum carolinae,Dysoxylum,Meliaceae
10748,Dysoxylum cauliflorum,Dysoxylum,Meliaceae
10750,Dysoxylum cyrtobotryum,Dysoxylum,Meliaceae
10752,Dysoxylum excelsum,Dysoxylum,Meliaceae
10753,Dysoxylum flavescens,Dysoxylum,Meliaceae
10755,Dysoxylum grande,Dysoxylum,Meliaceae
10758,Dysoxylum macrocarpum,Dysoxylum,Meliaceae
10763,Dysoxylum pachyrhache,Dysoxylum,Meliaceae
10768,Dysoxylum rigidum,Dysoxylum,Meliaceae
10769,Dysoxylum rugulosum,Dysoxylum,Meliaceae
10772,Echinochloa colonum,Echinochloa,Poaceae
10777,Echinochloa picta,Echinochloa,Poaceae
10785,Eclipta angustata,Eclipta,Asteraceae
10792,Ehretia javanica,Ehretia,Boraginaceae
10811,Elaeocarpus acmocarpus,Elaeocarpus,Elaeocarpaceae
10813,Elaeocarpus acrantherus,Elaeocarpus,Elaeocarpaceae
10825,Elaeocarpus angustifolius,Elaeocarpus,Elaeocarpaceae
10826,Elaeocarpus angustipes,Elaeocarpus,Elaeocarpaceae
10833,Elaeocarpus barbulatus,Elaeocarpus,Elaeocarpaceae
10834,Elaeocarpus barbulatus var. alternifolius,Elaeocarpus,Elaeocarpaceae
10839,Elaeocarpus beccarii,Elaeocarpus,Elaeocarpaceae
10850,Elaeocarpus chrysophyllus,Elaeocarpus,Elaeocarpaceae
10851,Elaeocarpus clementis,Elaeocarpus,Elaeocarpaceae
10852,Elaeocarpus clementis var. borneensis,Elaeocarpus,Elaeocarpaceae
10853,Elaeocarpus clementis var. clemensiae,Elaeocarpus,Elaeocarpaceae
10854,Elaeocarpus clementis var. kostermansii,Elaeocarpus,Elaeocarpaceae
10859,Elaeocarpus cordifolius,Elaeocarpus,Elaeocarpaceae
10862,Elaeocarpus cristatus,Elaeocarpus,Elaeocarpaceae
10864,Elaeocarpus cumingii,Elaeocarpus,Elaeocarpaceae
10865,Elaeocarpus cupreus,Elaeocarpus,Elaeocarpaceae
10880,Elaeocarpus euneurus,Elaeocarpus,Elaeocarpaceae
10883,Elaeocarpus ferrugineus,Elaeocarpus,Elaeocarpaceae
10884,Elaeocarpus ferrugineus subsp. elliptifolius,Elaeocarpus,Elaeocarpaceae
10885,Elaeocarpus ferrugineus subsp. glabrescens,Elaeocarpus,Elaeocarpaceae
10891,Elaeocarpus floribundus,Elaeocarpus,Elaeocarpaceae
10893,Elaeocarpus fraseri,Elaeocarpus,Elaeocarpaceae
10900,Elaeocarpus glaber,Elaeocarpus,Elaeocarpaceae
10901,Elaeocarpus glaber var. sphaeroblastus,Elaeocarpus,Elaeocarpaceae
10902,Elaeocarpus glaberrimus,Elaeocarpus,Elaeocarpaceae
10903,Elaeocarpus grandiflorus,Elaeocarpus,Elaeocarpaceae
10905,Elaeocarpus griffithii,Elaeocarpus,Elaeocarpaceae
10906,Elaeocarpus gustaviifolius,Elaeocarpus,Elaeocarpaceae
10908,Elaeocarpus hallieri,Elaeocarpus,Elaeocarpaceae
10913,Elaeocarpus hochreutineri,Elaeocarpus,Elaeocarpaceae
10919,Elaeocarpus jacobsii,Elaeocarpus,Elaeocarpaceae
10921,Elaeocarpus jugahanus,Elaeocarpus,Elaeocarpaceae
10926,Elaeocarpus knuthii,Elaeocarpus,Elaeocarpaceae
10927,Elaeocarpus kostermansii,Elaeocarpus,Elaeocarpaceae
10940,Elaeocarpus longifolius,Elaeocarpus,Elaeocarpaceae
10944,Elaeocarpus macrocerus,Elaeocarpus,Elaeocarpaceae
10951,Elaeocarpus marginatus,Elaeocarpus,Elaeocarpaceae
10952,Elaeocarpus mastersii,Elaeocarpus,Elaeocarpaceae
10960,Elaeocarpus multinervosus,Elaeocarpus,Elaeocarpaceae
10962,Elaeocarpus muluensis,Elaeocarpus,Elaeocarpaceae
10963,Elaeocarpus murudensis,Elaeocarpus,Elaeocarpaceae
10968,Elaeocarpus nitidus,Elaeocarpus,Elaeocarpaceae
10969,Elaeocarpus nitidus var. macrophyllus,Elaeocarpus,Elaeocarpaceae
10970,Elaeocarpus nooteboomii,Elaeocarpus,Elaeocarpaceae
10974,Elaeocarpus obtusus,Elaeocarpus,Elaeocarpaceae
10975,Elaeocarpus obtusus subsp. apiculatus,Elaeocarpus,Elaeocarpaceae
10988,Elaeocarpus pachyophrys,Elaeocarpus,Elaeocarpaceae
10989,Elaeocarpus palembanicus,Elaeocarpus,Elaeocarpaceae
10991,Elaeocarpus pedunculatus,Elaeocarpus,Elaeocarpaceae
10994,Elaeocarpus petiolatus,Elaeocarpus,Elaeocarpaceae
10998,Elaeocarpus polyanthus,Elaeocarpus,Elaeocarpaceae
11000,Elaeocarpus polystachyus,Elaeocarpus,Elaeocarpaceae
11002,Elaeocarpus pseudopaniculatus,Elaeocarpus,Elaeocarpaceae
11008,Elaeocarpus renae,Elaeocarpus,Elaeocarpaceae
11010,Elaeocarpus robustus,Elaeocarpus,Elaeocarpaceae
11013,Elaeocarpus roslii,Elaeocarpus,Elaeocarpaceae
11014,Elaeocarpus roslii subsp. opacus,Elaeocarpus,Elaeocarpaceae
11016,Elaeocarpus rugosus,Elaeocarpus,Elaeocarpaceae
11020,Elaeocarpus sadikanensis,Elaeocarpus,Elaeocarpaceae
11026,Elaeocarpus sedentarius,Elaeocarpus,Elaeocarpaceae
11036,Elaeocarpus stipularis,Elaeocarpus,Elaeocarpaceae
11039,Elaeocarpus stipularis var. brevipes,Elaeocarpus,Elaeocarpaceae
11040,Elaeocarpus stipularis var. castaneus,Elaeocarpus,Elaeocarpaceae
11041,Elaeocarpus stipularis var. longipetiolatus,Elaeocarpus,Elaeocarpaceae
11042,Elaeocarpus stipularis var. nutans,Elaeocarpus,Elaeocarpaceae
11044,Elaeocarpus submonoceras,Elaeocarpus,Elaeocarpaceae
11045,Elaeocarpus submonoceras subsp. collinus,Elaeocarpus,Elaeocarpaceae
11046,Elaeocarpus submonoceras subsp. lasionyx,Elaeocarpus,Elaeocarpaceae
11047,Elaeocarpus submonoceras subsp. oxypyren,Elaeocarpus,Elaeocarpaceae
11063,Elaeocarpus truncatus,Elaeocarpus,Elaeocarpaceae
11066,Elaeocarpus valetonii,Elaeocarpus,Elaeocarpaceae
11067,Elaeocarpus valetonii var. longibarbatus,Elaeocarpus,Elaeocarpaceae
11075,Elaphoglossum angulatum,Elaphoglossum,Dryopteridaceae
11077,Elaphoglossum annamense,Elaphoglossum,Dryopteridaceae
11081,Elaphoglossum blumeanum,Elaphoglossum,Dryopteridaceae
11085,Elaphoglossum callifolium,Elaphoglossum,Dryopteridaceae
11093,Elaphoglossum heterostipes,Elaphoglossum,Dryopteridaceae
11098,Elaphoglossum lindenii,Elaphoglossum,Dryopteridaceae
11099,Elaphoglossum malayense,Elaphoglossum,Dryopteridaceae
11102,Elaphoglossum melanostictum,Elaphoglossum,Dryopteridaceae
11103,Elaphoglossum miniatum,Elaphoglossum,Dryopteridaceae
11107,Elaphoglossum norrisii,Elaphoglossum,Dryopteridaceae
11109,Elaphoglossum pellucidomarginatum,Elaphoglossum,Dryopteridaceae
11111,Elaphoglossum pumilum,Elaphoglossum,Dryopteridaceae
11114,Elaphoglossum rheophilum,Elaphoglossum,Dryopteridaceae
11123,Elateriospermum tapos,Elateriospermum,Euphorbiaceae
11127,Elatostema acuminatum,Elatostema,Urticaceae
11128,Elatostema acuminatum var. striolatum,Elatostema,Urticaceae
11134,Elatostema barbatum,Elatostema,Urticaceae
11137,Elatostema bidiense,Elatostema,Urticaceae
11138,Elatostema blechnoides,Elatostema,Urticaceae
11140,Elatostema borneense,Elatostema,Urticaceae
11143,Elatostema caudatum,Elatostema,Urticaceae
11146,Elatostema clemensii,Elatostema,Urticaceae
11153,Elatostema cyrtophyllum,Elatostema,Urticaceae
11155,Elatostema dielsii,Elatostema,Urticaceae
11157,Elatostema drepanophyllum,Elatostema,Urticaceae
11160,Elatostema erectum,Elatostema,Urticaceae
11165,Elatostema gibbsiae,Elatostema,Urticaceae
11166,Elatostema glaberrimum,Elatostema,Urticaceae
11170,Elatostema hanseatum,Elatostema,Urticaceae
11177,Elatostema humile,Elatostema,Urticaceae
11181,Elatostema integrifolium,Elatostema,Urticaceae
11183,Elatostema jaheri,Elatostema,Urticaceae
11186,Elatostema kabayense,Elatostema,Urticaceae
11187,Elatostema kesselii,Elatostema,Urticaceae
11190,Elatostema kuchingense,Elatostema,Urticaceae
11193,Elatostema lasioneurum,Elatostema,Urticaceae
11196,Elatostema laxiflorum,Elatostema,Urticaceae
11200,Elatostema lineare,Elatostema,Urticaceae
11212,Elatostema microprocris,Elatostema,Urticaceae
11213,Elatostema minus,Elatostema,Urticaceae
11224,Elatostema paucicystatum,Elatostema,Urticaceae
11226,Elatostema pedicellatum,Elatostema,Urticaceae
11228,Elatostema penibukanense,Elatostema,Urticaceae
11229,Elatostema penninerve,Elatostema,Urticaceae
11231,Elatostema perpusillum,Elatostema,Urticaceae
11233,Elatostema petiolatum,Elatostema,Urticaceae
11234,Elatostema platycarpum,Elatostema,Urticaceae
11241,Elatostema reiterianum,Elatostema,Urticaceae
11251,Elatostema smilacinum,Elatostema,Urticaceae
11258,Elatostema thalictroides,Elatostema,Urticaceae
11268,Elatostema variolaminosum,Elatostema,Urticaceae
11275,Elatostematoides falcata,Elatostematoides,Urticaceae
11278,Elatostematoides insignis,Elatostematoides,Urticaceae
11280,Elatostematoides mesargyrea,Elatostematoides,Urticaceae
11281,Elatostematoides picta,Elatostematoides,Urticaceae
11283,Elatostematoides robusta,Elatostematoides,Urticaceae
11286,Elatostematoides vittata,Elatostematoides,Urticaceae
11291,Elattostachys zippeliana,Elattostachys,Sapindaceae
11292,Eleiodoxa conferta,Eleiodoxa,Arecaceae
11300,Eleocharis dulcis,Eleocharis,Cyperaceae
11301,Eleocharis geniculata,Eleocharis,Cyperaceae
11302,Eleocharis ochrostachys,Eleocharis,Cyperaceae
11306,Eleocharis retroflexa,Eleocharis,Cyperaceae
11312,Eleocharis variegata,Eleocharis,Cyperaceae
11315,Eleusine indica,Eleusine,Poaceae
11316,Eleutherandra pes-cervi,Eleutherandra,Achariaceae
11320,Ellipanthus beccarii,Ellipanthus,Connaraceae
11321,Ellipanthus tomentosus,Ellipanthus,Connaraceae
11322,Ellipanthus tomentosus subsp. kingii,Ellipanthus,Connaraceae
11327,Elytranthe albida,Elytranthe,Loranthaceae
11329,Embelia amentacea,Embelia,Primulaceae
11331,Embelia beccariana,Embelia,Primulaceae
11332,Embelia biflora,Embelia,Primulaceae
11333,Embelia borneensis,Embelia,Primulaceae
11334,Embelia buxifolia,Embelia,Primulaceae
11336,Embelia cordata,Embelia,Primulaceae
11337,Embelia coriacea,Embelia,Primulaceae
11338,Embelia corymbifera,Embelia,Primulaceae
11341,Embelia dasythyrsa,Embelia,Primulaceae
11343,Embelia effusa,Embelia,Primulaceae
11346,Embelia fulva,Embelia,Primulaceae
11348,Embelia javanica,Embelia,Primulaceae
11352,Embelia myriantha,Embelia,Primulaceae
11357,Embelia pergamacea,Embelia,Primulaceae
11358,Embelia phaeadenia,Embelia,Primulaceae
11363,Embelia ribes,Embelia,Primulaceae
11368,Embelia spiraeoides,Embelia,Primulaceae
11369,Embelia viridiflora,Embelia,Primulaceae
11378,Emilia sonchifolia,Emilia,Asteraceae
11382,Empogona lanceolata,Empogona,Rubiaceae
11383,Endertia spectabilis,Endertia,Fabaceae
11392,Endiandra beccariana,Endiandra,Lauraceae
11397,Endiandra clavigera,Endiandra,Lauraceae
11399,Endiandra coriacea,Endiandra,Lauraceae
11404,Endiandra elongata,Endiandra,Lauraceae
11407,Endiandra eusideroxylocarpa,Endiandra,Lauraceae
11423,Endiandra immersa,Endiandra,Lauraceae
11427,Endiandra kingiana,Endiandra,Lauraceae
11432,Endiandra macrophylla,Endiandra,Lauraceae
11444,Endiandra ochracea,Endiandra,Lauraceae
11449,Endiandra rhizophoretum,Endiandra,Lauraceae
11450,Endiandra rigidior,Endiandra,Lauraceae
11451,Endiandra rubescens,Endiandra,Lauraceae
11453,Endiandra scrobiculata,Endiandra,Lauraceae
11465,Endocomia macrocoma,Endocomia,Myristicaceae
11466,Endocomia macrocoma subsp. longipes,Endocomia,Myristicaceae
11468,Endocomia rufirachis,Endocomia,Myristicaceae
11470,Endospermum diadenum,Endospermum,Euphorbiaceae
11473,Endospermum peltatum,Endospermum,Euphorbiaceae
11475,Engelhardia apoensis,Engelhardia,Juglandaceae
11476,Engelhardia mendalomensis,Engelhardia,Juglandaceae
11477,Engelhardia mersingensis,Engelhardia,Juglandaceae
11478,Engelhardia rigida,Engelhardia,Juglandaceae
11479,Engelhardia roxburghiana,Engelhardia,Juglandaceae
11480,Engelhardia serrata,Engelhardia,Juglandaceae
11481,Engelhardia spicata,Engelhardia,Juglandaceae
11488,Enkleia malaccensis,Enkleia,Thymelaeaceae
11493,Entada borneensis,Entada,Fabaceae
11494,Entada phaseoloides,Entada,Fabaceae
11495,Entada rheedei,Entada,Fabaceae
11503,Epiamomum borneense,Epiamomum,Zingiberaceae
11504,Epiamomum pungens,Epiamomum,Zingiberaceae
11518,Epicharis parasitica,Epicharis,Meliaceae
11522,Epigynum ridleyi,Epigynum,Apocynaceae
11533,Epipogium roseum,Epipogium,Orchidaceae
11536,Epipremnum falcifolium,Epipremnum,Araceae
11545,Epirixanthes cylindrica,Epirixanthes,Polygalaceae
11546,Epirixanthes elongata,Epirixanthes,Polygalaceae
11547,Epirixanthes kinabaluensis,Epirixanthes,Polygalaceae
11548,Epirixanthes pallida,Epirixanthes,Polygalaceae
11549,Epirixanthes papuana,Epirixanthes,Polygalaceae
11551,Epithema carnosum,Epithema,Gesneriaceae
11552,Epithema dolichopodum,Epithema,Gesneriaceae
11559,Epithema saxatile,Epithema,Gesneriaceae
11565,Equisetum ramosissimum,Equisetum,Equisetaceae
11570,Eragrostis atrovirens,Eragrostis,Poaceae
11577,Eragrostis cumingii,Eragrostis,Poaceae
11579,Eragrostis elongata,Eragrostis,Poaceae
11580,Eragrostis gangetica,Eragrostis,Poaceae
11581,Eragrostis japonica,Eragrostis,Poaceae
11586,Eragrostis montana,Eragrostis,Poaceae
11592,Eragrostis pilosa,Eragrostis,Poaceae
11598,Eragrostis tenella,Eragrostis,Poaceae
11600,Eragrostis unioloides,Eragrostis,Poaceae
11617,Eria genuflexa,Eria,Orchidaceae
11619,Eria javanica,Eria,Orchidaceae
11632,Eriachne pallescens,Eriachne,Poaceae
11637,Eriobotrya bengalensis,Eriobotrya,Rosaceae
11653,Eriocaulon hookerianum,Eriocaulon,Eriocaulaceae
11656,Eriocaulon kinabaluense,Eriocaulon,Eriocaulaceae
11670,Eriocaulon sexangulare,Eriocaulon,Eriocaulaceae
11673,Eriocaulon truncatum,Eriocaulon,Eriocaulaceae
11676,Eriocaulon willdenovianum,Eriocaulon,Eriocaulaceae
11681,Eriochloa procera,Eriochloa,Poaceae
11689,Erismanthus obliquus,Erismanthus,Euphorbiaceae
11691,Erycibe albida,Erycibe,Convolvulaceae
11693,Erycibe borneensis,Erycibe,Convolvulaceae
11694,Erycibe borneensis var. collina,Erycibe,Convolvulaceae
11697,Erycibe crassipes,Erycibe,Convolvulaceae
11700,Erycibe forbesii,Erycibe,Convolvulaceae
11701,Erycibe glomerata,Erycibe,Convolvulaceae
11702,Erycibe glomerata subsp. angustifolia,Erycibe,Convolvulaceae
11704,Erycibe grandifolia,Erycibe,Convolvulaceae
11708,Erycibe impressa,Erycibe,Convolvulaceae
11709,Erycibe leucoxyloides,Erycibe,Convolvulaceae
11716,Erycibe praecipua,Erycibe,Convolvulaceae
11722,Erycibe subsericea,Erycibe,Convolvulaceae
11726,Erycibe tomentosa,Erycibe,Convolvulaceae
11727,Erycibe tomentosa var. hirsuta,Erycibe,Convolvulaceae
11739,Erythrina subumbrans,Erythrina,Fabaceae
11740,Erythrina variegata,Erythrina,Fabaceae
11749,Erythropalum scandens,Erythropalum,Erythropalaceae
11750,Erythrorchis altissima,Erythrorchis,Orchidaceae
11753,Erythroxylum cuneatum,Erythroxylum,Erythroxylaceae
11768,Etlingera aurantia,Etlingera,Zingiberaceae
11769,Etlingera baculutea,Etlingera,Zingiberaceae
11771,Etlingera baramensis,Etlingera,Zingiberaceae
11772,Etlingera belalongensis,Etlingera,Zingiberaceae
11776,Etlingera brachychila,Etlingera,Zingiberaceae
11777,Etlingera brachychila var. vinosa,Etlingera,Zingiberaceae
11778,Etlingera brevilabrum,Etlingera,Zingiberaceae
11789,Etlingera coccinea,Etlingera,Zingiberaceae
11790,Etlingera crispata,Etlingera,Zingiberaceae
11799,Etlingera elatior,Etlingera,Zingiberaceae
11802,Etlingera facifera,Etlingera,Zingiberaceae
11803,Etlingera fimbriobracteata,Etlingera,Zingiberaceae
11806,Etlingera foetens,Etlingera,Zingiberaceae
11817,Etlingera insolita,Etlingera,Zingiberaceae
11818,Etlingera inundata,Etlingera,Zingiberaceae
11819,Etlingera isip,Etlingera,Zingiberaceae
11829,Etlingera metriocheilos,Etlingera,Zingiberaceae
11834,Etlingera muriformis,Etlingera,Zingiberaceae
11835,Etlingera nasuta,Etlingera,Zingiberaceae
11838,Etlingera palangkensis,Etlingera,Zingiberaceae
11846,Etlingera pubescens,Etlingera,Zingiberaceae
11849,Etlingera pyramidosphaera,Etlingera,Zingiberaceae
11850,Etlingera rosamariae,Etlingera,Zingiberaceae
11852,Etlingera rubromarginata,Etlingera,Zingiberaceae
11853,Etlingera sanguinea,Etlingera,Zingiberaceae
11857,Etlingera sessilanthera,Etlingera,Zingiberaceae
11865,Etlingera triorgyalis,Etlingera,Zingiberaceae
11869,Etlingera velutina,Etlingera,Zingiberaceae
11881,Eucalyptus deglupta,Eucalyptus,Myrtaceae
11895,Eucorymbia alba,Eucorymbia,Apocynaceae
11897,Eugeissona insignis,Eugeissona,Arecaceae
11898,Eugeissona minor,Eugeissona,Arecaceae
11900,Eugeissona utilis,Eugeissona,Arecaceae
11905,Eugenia biflora,Eugenia,Myrtaceae
11910,Eugenia excelsa,Eugenia,Myrtaceae
11914,Eugenia fusca,Eugenia,Myrtaceae
11915,Eugenia hirta,Eugenia,Myrtaceae
11917,Eugenia involucrata,Eugenia,Myrtaceae
11918,Eugenia koordersii,Eugenia,Myrtaceae
11920,Eugenia lineata,Eugenia,Myrtaceae
11925,Eugenia paludosa,Eugenia,Myrtaceae
11927,Eugenia polyclada,Eugenia,Myrtaceae
11931,Eugenia sloanei,Eugenia,Myrtaceae
11942,Eulalia ridleyi,Eulalia,Poaceae
11949,Eulophia graminea,Eulophia,Orchidaceae
11952,Eulophia nuda,Eulophia,Orchidaceae
11953,Eulophia picta,Eulophia,Orchidaceae
11954,Eulophia pulchra,Eulophia,Orchidaceae
11956,Eulophia zollingeri,Eulophia,Orchidaceae
11961,Eumachia leptothyrsa,Eumachia,Rubiaceae
11964,Eumachia montana,Eumachia,Rubiaceae
11965,Eumachia rostrata,Eumachia,Rubiaceae
11968,Euonymus acuminifolius,Euonymus,Celastraceae
11973,Euonymus castaneifolius,Euonymus,Celastraceae
11977,Euonymus glandulosus,Euonymus,Celastraceae
11980,Euonymus indicus,Euonymus,Celastraceae
11989,Euphorbia atoto,Euphorbia,Euphorbiaceae
12020,Euphrasia borneensis,Euphrasia,Orobanchaceae
12041,Eupodium cicutifolium,Eupodium,Marattiaceae
12045,Eurya acuminata,Eurya,Pentaphylacaceae
12067,Eurya japonica,Eurya,Pentaphylacaceae
12073,Eurya nitida,Eurya,Pentaphylacaceae
12093,Eurya trichocarpa,Eurya,Pentaphylacaceae
12105,Euthemis leucocarpa,Euthemis,Ochnaceae
12106,Euthemis minor,Euthemis,Ochnaceae
12111,Exacum tenue,Exacum,Gentianaceae
12112,Exacum tetragonum,Exacum,Gentianaceae
12113,Exallage auricularia,Exallage,Rubiaceae
12114,Exallage barbata,Exallage,Rubiaceae
12117,Exallage cristata,Exallage,Rubiaceae
12121,Exallage radicans,Exallage,Rubiaceae
12123,Excoecaria agallocha,Excoecaria,Euphorbiaceae
12124,Excoecaria bantamensis,Excoecaria,Euphorbiaceae
12125,Excoecaria borneensis,Excoecaria,Euphorbiaceae
12127,Excoecaria oppositifolia var. crenulata,Excoecaria,Euphorbiaceae
12129,Exocarpos latifolius,Exocarpos,Santalaceae
12135,Facchinia cherlerioides subsp. aretioides,Facchinia,Caryophyllaceae
12139,Fagraea auriculata,Fagraea,Gentianaceae
12141,Fagraea blumei,Fagraea,Gentianaceae
12143,Fagraea borneensis,Fagraea,Gentianaceae
12146,Fagraea ceilanica,Fagraea,Gentianaceae
12155,Fagraea involucrata,Fagraea,Gentianaceae
12156,Fagraea kalimantanensis,Fagraea,Gentianaceae
12158,Fagraea litoralis var. borneensis,Fagraea,Gentianaceae
12160,Fagraea macroscypha,Fagraea,Gentianaceae
12163,Fagraea renae,Fagraea,Gentianaceae
12164,Fagraea resinosa,Fagraea,Gentianaceae
12165,Fagraea ridleyi,Fagraea,Gentianaceae
12166,Fagraea splendens,Fagraea,Gentianaceae
12167,Fagraea tacapala,Fagraea,Gentianaceae
12174,Falcataria falcata,Falcataria,Fabaceae
12183,Fenestratarum culum,Fenestratarum,Araceae
12184,Fenestratarum mulayadii,Fenestratarum,Araceae
12201,Fibraurea tinctoria,Fibraurea,Menispermaceae
12202,Ficinia nigrescens,Ficinia,Cyperaceae
12203,Ficus acamptophylla,Ficus,Moraceae
12206,Ficus adenosperma,Ficus,Moraceae
12207,Ficus albipila,Ficus,Moraceae
12208,Ficus albomaculata,Ficus,Moraceae
12209,Ficus allutacea,Ficus,Moraceae
12211,Ficus ampelos,Ficus,Moraceae
12214,Ficus androchaete,Ficus,Moraceae
12215,Ficus annulata,Ficus,Moraceae
12216,Ficus apiocarpa,Ficus,Moraceae
12224,Ficus aurata,Ficus,Moraceae
12225,Ficus aureocordata,Ficus,Moraceae
12226,Ficus auricoma,Ficus,Moraceae
12228,Ficus aurita,Ficus,Moraceae
12232,Ficus banahaensis,Ficus,Moraceae
12233,Ficus beccarii,Ficus,Moraceae
12234,Ficus benjamina,Ficus,Moraceae
12237,Ficus binnendykii,Ficus,Moraceae
12238,Ficus borneensis,Ficus,Moraceae
12239,Ficus botryocarpa,Ficus,Moraceae
12243,Ficus bracteata,Ficus,Moraceae
12244,Ficus bruneiensis,Ficus,Moraceae
12245,Ficus brunneoaurata,Ficus,Moraceae
12247,Ficus bukitrayaensis,Ficus,Moraceae
12250,Ficus callophylla,Ficus,Moraceae
12257,Ficus carrii,Ficus,Moraceae
12260,Ficus caulocarpa,Ficus,Moraceae
12262,Ficus celebensis,Ficus,Moraceae
12264,Ficus cereicarpa,Ficus,Moraceae
12265,Ficus chartacea,Ficus,Moraceae
12277,Ficus consociata,Ficus,Moraceae
12281,Ficus corneri,Ficus,Moraceae
12282,Ficus crassiramea,Ficus,Moraceae
12283,Ficus crassiramea subsp. stupenda,Ficus,Moraceae
12285,Ficus cucurbitina,Ficus,Moraceae
12288,Ficus curtipes,Ficus,Moraceae
12289,Ficus cuspidata,Ficus,Moraceae
12294,Ficus delosyce,Ficus,Moraceae
12295,Ficus deltoidea,Ficus,Moraceae
12296,Ficus deltoidea subsp. motleyana,Ficus,Moraceae
12297,Ficus densechini,Ficus,Moraceae
12298,Ficus depressa,Ficus,Moraceae
12299,Ficus detonsa,Ficus,Moraceae
12303,Ficus disticha,Ficus,Moraceae
12304,Ficus disticha subsp. calodictya,Ficus,Moraceae
12306,Ficus drupacea,Ficus,Moraceae
12311,Ficus endospermifolia,Ficus,Moraceae
12316,Ficus excavata,Ficus,Moraceae
12318,Ficus fistulosa,Ficus,Moraceae
12323,Ficus forstenii,Ficus,Moraceae
12324,Ficus francisci,Ficus,Moraceae
12326,Ficus fulva,Ficus,Moraceae
12329,Ficus geocarpa,Ficus,Moraceae
12330,Ficus geocharis,Ficus,Moraceae
12331,Ficus gigantifolia,Ficus,Moraceae
12336,Ficus glandulifera,Ficus,Moraceae
12337,Ficus globosa,Ficus,Moraceae
12341,Ficus grandiflora,Ficus,Moraceae
12344,Ficus grossularioides,Ficus,Moraceae
12345,Ficus grossularioides var. kingii,Ficus,Moraceae
12347,Ficus gul,Ficus,Moraceae
12352,Ficus hederacea,Ficus,Moraceae
12353,Ficus hemsleyana,Ficus,Moraceae
12355,Ficus heterophylla,Ficus,Moraceae
12356,Ficus heteropleura,Ficus,Moraceae
12358,Ficus hispida,Ficus,Moraceae
12362,Ficus hypogaea,Ficus,Moraceae
12364,Ficus inaequipetiolata,Ficus,Moraceae
12366,Ficus ingens,Ficus,Moraceae
12368,Ficus involucrata,Ficus,Moraceae
12371,Ficus ixoroides,Ficus,Moraceae
12372,Ficus jaheriana,Ficus,Moraceae
12375,Ficus juglandiformis,Ficus,Moraceae
12376,Ficus kalimantana,Ficus,Moraceae
12377,Ficus kerkhovenii,Ficus,Moraceae
12379,Ficus kochummeniana,Ficus,Moraceae
12381,Ficus kuchinensis,Ficus,Moraceae
12383,Ficus lacor,Ficus,Moraceae
12384,Ficus laevis,Ficus,Moraceae
12385,Ficus lamponga,Ficus,Moraceae
12386,Ficus lanata,Ficus,Moraceae
12389,Ficus lawesii,Ficus,Moraceae
12391,Ficus lepicarpa,Ficus,Moraceae
12394,Ficus leptogramma,Ficus,Moraceae
12396,Ficus lowii,Ficus,Moraceae
12397,Ficus lumutana,Ficus,Moraceae
12398,Ficus macilenta,Ficus,Moraceae
12401,Ficus macrostyla,Ficus,Moraceae
12402,Ficus magnoliifolia,Ficus,Moraceae
12404,Ficus malayana,Ficus,Moraceae
12408,Ficus megaleia,Ficus,Moraceae
12410,Ficus melinocarpa,Ficus,Moraceae
12412,Ficus microcarpa,Ficus,Moraceae
12416,Ficus midotis,Ficus,Moraceae
12417,Ficus minahassae,Ficus,Moraceae
12421,Ficus montana,Ficus,Moraceae
12425,Ficus nervosa,Ficus,Moraceae
12426,Ficus nervosa subsp. pubinervis,Ficus,Moraceae
12429,Ficus obscura,Ficus,Moraceae
12432,Ficus oleifolia,Ficus,Moraceae
12433,Ficus oleifolia subsp. intermedia,Ficus,Moraceae
12438,Ficus padana,Ficus,Moraceae
12439,Ficus pallescens,Ficus,Moraceae
12442,Ficus paracamptophylla,Ficus,Moraceae
12443,Ficus parietalis,Ficus,Moraceae
12447,Ficus pellucidopunctata,Ficus,Moraceae
12448,Ficus pendens,Ficus,Moraceae
12453,Ficus pisocarpa,Ficus,Moraceae
12466,Ficus punctata,Ficus,Moraceae
12470,Ficus racemosa,Ficus,Moraceae
12471,Ficus recurva,Ficus,Moraceae
12472,Ficus recurva var. elegantior,Ficus,Moraceae
12473,Ficus recurva var. pedicellata,Ficus,Moraceae
12474,Ficus recurva var. ribesioides,Ficus,Moraceae
12476,Ficus retusa,Ficus,Moraceae
12478,Ficus ribes,Ficus,Moraceae
12482,Ficus rosulata,Ficus,Moraceae
12484,Ficus rubrocuspidata,Ficus,Moraceae
12485,Ficus rubromidotis,Ficus,Moraceae
12488,Ficus ruginervia,Ficus,Moraceae
12492,Ficus sagittata,Ficus,Moraceae
12498,Ficus scaberrima,Ficus,Moraceae
12500,Ficus schefferiana,Ficus,Moraceae
12501,Ficus schwarzii,Ficus,Moraceae
12505,Ficus septica,Ficus,Moraceae
12507,Ficus setiflora,Ficus,Moraceae
12508,Ficus simplicissima,Ficus,Moraceae
12510,Ficus sinuata,Ficus,Moraceae
12512,Ficus spathulifolia,Ficus,Moraceae
12513,Ficus spiralis,Ficus,Moraceae
12516,Ficus stipata,Ficus,Moraceae
12517,Ficus stolonifera,Ficus,Moraceae
12520,Ficus subcordata,Ficus,Moraceae
12522,Ficus subfulva,Ficus,Moraceae
12523,Ficus subgelderi,Ficus,Moraceae
12524,Ficus subglabritepala,Ficus,Moraceae
12531,Ficus subulata,Ficus,Moraceae
12534,Ficus sumatrana,Ficus,Moraceae
12535,Ficus sundaica,Ficus,Moraceae
12536,Ficus superba,Ficus,Moraceae
12537,Ficus supperforata,Ficus,Moraceae
12538,Ficus tarennifolia,Ficus,Moraceae
12539,Ficus temburongensis,Ficus,Moraceae
12544,Ficus tinctoria subsp. gibbosa,Ficus,Moraceae
12548,Ficus treubii,Ficus,Moraceae
12549,Ficus trichocarpa,Ficus,Moraceae
12552,Ficus tricolor,Ficus,Moraceae
12553,Ficus tricolor var. serroh,Ficus,Moraceae
12555,Ficus tristaniifolia,Ficus,Moraceae
12557,Ficus tulipifera,Ficus,Moraceae
12563,Ficus uncinata,Ficus,Moraceae
12564,Ficus uniglandulosa,Ficus,Moraceae
12565,Ficus urnigera,Ficus,Moraceae
12566,Ficus variegata,Ficus,Moraceae
12567,Ficus vasculosa,Ficus,Moraceae
12569,Ficus virens,Ficus,Moraceae
12570,Ficus virens var. dispersa,Ficus,Moraceae
12571,Ficus virescens,Ficus,Moraceae
12574,Ficus wassa,Ficus,Moraceae
12575,Ficus xylophylla,Ficus,Moraceae
12576,Filetia brookeae,Filetia,Acanthaceae
12579,Filetia lanceolata,Filetia,Acanthaceae
12585,Fimbristylis acuminata,Fimbristylis,Cyperaceae
12599,Fimbristylis complanata,Fimbristylis,Cyperaceae
12601,Fimbristylis cymosa,Fimbristylis,Cyperaceae
12602,Fimbristylis dichotoma,Fimbristylis,Cyperaceae
12606,Fimbristylis dipsacea,Fimbristylis,Cyperaceae
12608,Fimbristylis dura,Fimbristylis,Cyperaceae
12611,Fimbristylis ferruginea,Fimbristylis,Cyperaceae
12614,Fimbristylis fusca,Fimbristylis,Cyperaceae
12617,Fimbristylis griffithii,Fimbristylis,Cyperaceae
12621,Fimbristylis leptoclada,Fimbristylis,Cyperaceae
12623,Fimbristylis littoralis,Fimbristylis,Cyperaceae
12631,Fimbristylis pauciflora,Fimbristylis,Cyperaceae
12638,Fimbristylis scaberrima,Fimbristylis,Cyperaceae
12652,Fimbristylis tristachya,Fimbristylis,Cyperaceae
12653,Fimbristylis umbellaris,Fimbristylis,Cyperaceae
12658,Finschia chloroxantha,Finschia,Proteaceae
12660,Firmiana colorata,Firmiana,Malvaceae
12662,Firmiana malayana,Firmiana,Malvaceae
12668,Fissistigma bygravei,Fissistigma,Annonaceae
12670,Fissistigma elmeri,Fissistigma,Annonaceae
12671,Fissistigma fulgens,Fissistigma,Annonaceae
12673,Fissistigma kingii,Fissistigma,Annonaceae
12674,Fissistigma lanuginosum,Fissistigma,Annonaceae
12675,Fissistigma latifolium,Fissistigma,Annonaceae
12678,Fissistigma longipetalum,Fissistigma,Annonaceae
12679,Fissistigma manubriatum,Fissistigma,Annonaceae
12680,Fissistigma multivenium,Fissistigma,Annonaceae
12681,Fissistigma ovoideum,Fissistigma,Annonaceae
12682,Fissistigma paniculatum,Fissistigma,Annonaceae
12683,Fissistigma rugosum,Fissistigma,Annonaceae
12690,Flacourtia indica,Flacourtia,Salicaceae
12691,Flacourtia inermis,Flacourtia,Salicaceae
12694,Flacourtia jangomas,Flacourtia,Salicaceae
12695,Flacourtia kinabaluensis,Flacourtia,Salicaceae
12697,Flacourtia rukam,Flacourtia,Salicaceae
12700,Flagellaria indica,Flagellaria,Flagellariaceae
12705,Flemingia macrophylla,Flemingia,Fabaceae
12709,Flemingia strobilifera,Flemingia,Fabaceae
12717,Floscopa scandens,Floscopa,Commelinaceae
12719,Flueggea gracilis,Flueggea,Phyllanthaceae
12720,Flueggea virosa,Flueggea,Phyllanthaceae
12722,Fordia brachybotrys,Fordia,Fabaceae
12724,Fordia rheophytica,Fordia,Fabaceae
12725,Fordia splendidissima,Fordia,Fabaceae
12736,Freycinetia angustifolia,Freycinetia,Pandanaceae
12747,Freycinetia biloba,Freycinetia,Pandanaceae
12749,Freycinetia borneensis,Freycinetia,Pandanaceae
12756,Freycinetia concinna,Freycinetia,Pandanaceae
12759,Freycinetia corneri,Freycinetia,Pandanaceae
12765,Freycinetia discoidea,Freycinetia,Pandanaceae
12784,Freycinetia imbricata,Freycinetia,Pandanaceae
12791,Freycinetia javanica,Freycinetia,Pandanaceae
12792,Freycinetia kalimantanica,Freycinetia,Pandanaceae
12795,Freycinetia kartawinatae,Freycinetia,Pandanaceae
12840,Freycinetia rigidifolia,Freycinetia,Pandanaceae
12843,Freycinetia runcingensis,Freycinetia,Pandanaceae
12846,Freycinetia sarawakensis,Freycinetia,Pandanaceae
12857,Freycinetia subracemosa,Freycinetia,Pandanaceae
12858,Freycinetia sumatrana,Freycinetia,Pandanaceae
12872,Freycinetia winkleriana,Freycinetia,Pandanaceae
12875,Friesodielsia affinis,Friesodielsia,Annonaceae
12876,Friesodielsia bakeri,Friesodielsia,Annonaceae
12877,Friesodielsia biglandulosa,Friesodielsia,Annonaceae
12878,Friesodielsia borneensis,Friesodielsia,Annonaceae
12881,Friesodielsia cuneiformis,Friesodielsia,Annonaceae
12882,Friesodielsia excisa,Friesodielsia,Annonaceae
12883,Friesodielsia formosa,Friesodielsia,Annonaceae
12884,Friesodielsia glauca,Friesodielsia,Annonaceae
12885,Friesodielsia grandifolia,Friesodielsia,Annonaceae
12887,Friesodielsia korthalsiana,Friesodielsia,Annonaceae
12888,Friesodielsia latifolia,Friesodielsia,Annonaceae
12890,Friesodielsia ovalifolia,Friesodielsia,Annonaceae
12895,Fuirena umbellata,Fuirena,Cyperaceae
12899,Gaertnera alstonii,Gaertnera,Rubiaceae
12900,Gaertnera capitulata,Gaertnera,Rubiaceae
12901,Gaertnera diversifolia,Gaertnera,Rubiaceae
12903,Gaertnera junghuhniana,Gaertnera,Rubiaceae
12904,Gaertnera vaginans,Gaertnera,Rubiaceae
12906,Gahnia baniensis,Gahnia,Cyperaceae
12908,Gahnia javanica,Gahnia,Cyperaceae
12913,Galactia regularis,Galactia,Fabaceae
12916,Galantharum kishii,Galantharum,Araceae
12918,Galearia aristifera,Galearia,Pandaceae
12920,Galearia filiformis,Galearia,Pandaceae
12921,Galearia fulva,Galearia,Pandaceae
12922,Galearia maingayi,Galearia,Pandaceae
12944,Gamogyne burbidgei,Gamogyne,Araceae
12945,Gamogyne colata,Gamogyne,Araceae
12946,Gamogyne deceptrix,Gamogyne,Araceae
12947,Gamogyne helix,Gamogyne,Araceae
12955,Garcinia atroviridis,Garcinia,Clusiaceae
12956,Garcinia balica,Garcinia,Clusiaceae
12958,Garcinia bancana,Garcinia,Clusiaceae
12959,Garcinia beccarii,Garcinia,Clusiaceae
12960,Garcinia benthamiana,Garcinia,Clusiaceae
12963,Garcinia blumei,Garcinia,Clusiaceae
12965,Garcinia borneensis,Garcinia,Clusiaceae
12967,Garcinia brevipes,Garcinia,Clusiaceae
12968,Garcinia brevirostris,Garcinia,Clusiaceae
12972,Garcinia calophyllifolia,Garcinia,Clusiaceae
12973,Garcinia caudiculata,Garcinia,Clusiaceae
12974,Garcinia celebica,Garcinia,Clusiaceae
12978,Garcinia cuneifolia,Garcinia,Clusiaceae
12979,Garcinia cuspidata,Garcinia,Clusiaceae
12981,Garcinia daedalanthera,Garcinia,Clusiaceae
12984,Garcinia dioica,Garcinia,Clusiaceae
12985,Garcinia diospyrifolia,Garcinia,Clusiaceae
12986,Garcinia diversifolia,Garcinia,Clusiaceae
12987,Garcinia dryobalanoides,Garcinia,Clusiaceae
12988,Garcinia dulcis,Garcinia,Clusiaceae
12993,Garcinia forbesii,Garcinia,Clusiaceae
12996,Garcinia gaudichaudii,Garcinia,Clusiaceae
12998,Garcinia grahamii,Garcinia,Clusiaceae
13001,Garcinia griffithii,Garcinia,Clusiaceae
13003,Garcinia havilandii,Garcinia,Clusiaceae
13004,Garcinia hendersoniana,Garcinia,Clusiaceae
13007,Garcinia humilis,Garcinia,Clusiaceae
13015,Garcinia korthalsii,Garcinia,Clusiaceae
13017,Garcinia lanceola,Garcinia,Clusiaceae
13018,Garcinia lateriflora,Garcinia,Clusiaceae
13022,Garcinia linearis,Garcinia,Clusiaceae
13025,Garcinia lucens,Garcinia,Clusiaceae
13028,Garcinia maingayi,Garcinia,Clusiaceae
13032,Garcinia mangostana var. borneensis,Garcinia,Clusiaceae
13035,Garcinia memecyloides,Garcinia,Clusiaceae
13037,Garcinia microcarpa,Garcinia,Clusiaceae
13041,Garcinia minimiflora,Garcinia,Clusiaceae
13042,Garcinia miquelii,Garcinia,Clusiaceae
13044,Garcinia mottleyana,Garcinia,Clusiaceae
13045,Garcinia murdochii,Garcinia,Clusiaceae
13046,Garcinia myristicifolia,Garcinia,Clusiaceae
13047,Garcinia nervosa,Garcinia,Clusiaceae
13048,Garcinia nigrolineata,Garcinia,Clusiaceae
13049,Garcinia nitida,Garcinia,Clusiaceae
13059,Garcinia parvifolia,Garcinia,Clusiaceae
13060,Garcinia pauciflora,Garcinia,Clusiaceae
13062,Garcinia petiolaris,Garcinia,Clusiaceae
13068,Garcinia rheedei,Garcinia,Clusiaceae
13073,Garcinia rostrata,Garcinia,Clusiaceae
13078,Garcinia sampitana,Garcinia,Clusiaceae
13079,Garcinia sarawhensis,Garcinia,Clusiaceae
13083,Garcinia sizygiifolia,Garcinia,Clusiaceae
13085,Garcinia spectabilis,Garcinia,Clusiaceae
13089,Garcinia sumbawaensis,Garcinia,Clusiaceae
13092,Garcinia tetrandra,Garcinia,Clusiaceae
13097,Garcinia trianii,Garcinia,Clusiaceae
13099,Garcinia umbellulata,Garcinia,Clusiaceae
13101,Garcinia urophylla,Garcinia,Clusiaceae
13104,Garcinia vidua,Garcinia,Clusiaceae
13106,Garcinia volkensii,Garcinia,Clusiaceae
13112,Garcinia xanthochymus,Garcinia,Clusiaceae
13114,Gardenia acuminata,Gardenia,Rubiaceae
13116,Gardenia beamanii,Gardenia,Rubiaceae
13118,Gardenia chanii,Gardenia,Rubiaceae
13120,Gardenia costulata,Gardenia,Rubiaceae
13121,Gardenia elata,Gardenia,Rubiaceae
13123,Gardenia griffithii,Gardenia,Rubiaceae
13126,Gardenia jasminoides,Gardenia,Rubiaceae
13133,Gardenia pterocalyx,Gardenia,Rubiaceae
13134,Gardenia racemulosa,Gardenia,Rubiaceae
13136,Gardenia resinifera,Gardenia,Rubiaceae
13142,Gardenia tubifera,Gardenia,Rubiaceae
13143,Gardeniopsis longifolia,Gardeniopsis,Rubiaceae
13148,Garnotia stricta,Garnotia,Poaceae
13149,Garnotia stricta var. acutigluma,Garnotia,Poaceae
13154,Garuga floribunda,Garuga,Burseraceae
13157,Gastrochilus calceolaris,Gastrochilus,Orchidaceae
13162,Gastrochilus sororius,Gastrochilus,Orchidaceae
13172,Gastrodia grandilabris,Gastrodia,Orchidaceae
13175,Gastrodia spatulata,Gastrodia,Orchidaceae
13187,Gaultheria beamanii,Gaultheria,Ericaceae
13188,Gaultheria beccarii,Gaultheria,Ericaceae
13201,Gaultheria cinnamomifolia,Gaultheria,Ericaceae
13204,Gaultheria ensifolia,Gaultheria,Ericaceae
13217,Gaultheria heterophylla,Gaultheria,Ericaceae
13218,Gaultheria heterophylla var. latifolia,Gaultheria,Ericaceae
13221,Gaultheria kalimantanensis,Gaultheria,Ericaceae
13223,Gaultheria kemulensis,Gaultheria,Ericaceae
13224,Gaultheria kingii,Gaultheria,Ericaceae
13227,Gaultheria kostermansii,Gaultheria,Ericaceae
13242,Gaultheria mogeana,Gaultheria,Ericaceae
13251,Gaultheria nummularioides,Gaultheria,Ericaceae
13255,Gaultheria piceifolia,Gaultheria,Ericaceae
13257,Gaultheria pinifolia,Gaultheria,Ericaceae
13258,Gaultheria pittosporifolia,Gaultheria,Ericaceae
13259,Gaultheria pseudorufescens,Gaultheria,Ericaceae
13262,Gaultheria punctulata,Gaultheria,Ericaceae
13266,Gaultheria rosmarinifolia,Gaultheria,Ericaceae
13271,Gaultheria sanguinolenta,Gaultheria,Ericaceae
13272,Gaultheria saurauioides,Gaultheria,Ericaceae
13273,Gaultheria scabrida,Gaultheria,Ericaceae
13284,Gaultheria sulcinervia,Gaultheria,Ericaceae
13290,Gaultheria urceolata,Gaultheria,Ericaceae
13293,Geitonoplesium cymosum,Geitonoplesium,Asphodelaceae
13294,Gelsemium elegans,Gelsemium,Gelsemiaceae
13301,Genianthus valvatus,Genianthus,Apocynaceae
13305,Geniostoma rupestre,Geniostoma,Loganiaceae
13329,Geocharis fusiformis,Geocharis,Zingiberaceae
13330,Geocharis fusiformis var. borneensis,Geocharis,Zingiberaceae
13335,Geophila hirta,Geophila,Rubiaceae
13336,Geophila pilosa,Geophila,Rubiaceae
13337,Geophila repens,Geophila,Rubiaceae
13339,Geostachys penangensis,Geostachys,Zingiberaceae
13349,Gerbera piloselloides,Gerbera,Asteraceae
13356,Gigantochloa apus,Gigantochloa,Poaceae
13358,Gigantochloa atter,Gigantochloa,Poaceae
13361,Gigantochloa balui,Gigantochloa,Poaceae
13363,Gigantochloa hasskarliana,Gigantochloa,Poaceae
13368,Gigantochloa luteostriata,Gigantochloa,Poaceae
13390,Ginalloa arnottiana,Ginalloa,Santalaceae
13392,Ginalloa linearis,Ginalloa,Santalaceae
13393,Ginalloa siamica,Ginalloa,Santalaceae
13394,Girardinia diversifolia,Girardinia,Urticaceae
13395,Gironniera celtidifolia,Gironniera,Cannabaceae
13396,Gironniera hirta,Gironniera,Cannabaceae
13397,Gironniera nervosa,Gironniera,Cannabaceae
13398,Gironniera parvifolia,Gironniera,Cannabaceae
13400,Gironniera subaequalis,Gironniera,Cannabaceae
13404,Gleditsia javanica,Gleditsia,Fabaceae
13408,Gleichenia dicarpa,Gleichenia,Gleicheniaceae
13411,Gleichenia peltophora,Gleichenia,Gleicheniaceae
13412,Gleichenia peltophora var. schizolepis,Gleichenia,Gleicheniaceae
13415,Gleichenia vulcanica,Gleichenia,Gleicheniaceae
13417,Glenniea thorelii,Glenniea,Sapindaceae
13419,Glinus oppositifolius,Glinus,Molluginaceae
13423,Globba atrosanguinea,Globba,Zingiberaceae
13425,Globba aurantiaca,Globba,Zingiberaceae
13426,Globba brachyanthera,Globba,Zingiberaceae
13427,Globba brachyanthera var. hirsuta,Globba,Zingiberaceae
13428,Globba brachyanthera var. rubra,Globba,Zingiberaceae
13433,Globba francisci,Globba,Zingiberaceae
13435,Globba leucantha,Globba,Zingiberaceae
13439,Globba maculata,Globba,Zingiberaceae
13440,Globba marantina,Globba,Zingiberaceae
13442,Globba muluensis,Globba,Zingiberaceae
13445,Globba pendula,Globba,Zingiberaceae
13446,Globba propinqua,Globba,Zingiberaceae
13447,Globba pumila,Globba,Zingiberaceae
13450,Globba tricolor,Globba,Zingiberaceae
13451,Globba tricolor var. gibbsiae,Globba,Zingiberaceae
13455,Glochidion acuminatum,Glochidion,Phyllanthaceae
13460,Glochidion angulatum,Glochidion,Phyllanthaceae
13461,Glochidion azaleon,Glochidion,Phyllanthaceae
13472,Glochidion calospermum,Glochidion,Phyllanthaceae
13474,Glochidion castaneum,Glochidion,Phyllanthaceae
13475,Glochidion cupreum,Glochidion,Phyllanthaceae
13484,Glochidion elmeri,Glochidion,Phyllanthaceae
13500,Glochidion kerangae,Glochidion,Phyllanthaceae
13502,Glochidion kunstlerianum,Glochidion,Phyllanthaceae
13505,Glochidion lancisepalum,Glochidion,Phyllanthaceae
13511,Glochidion lutescens,Glochidion,Phyllanthaceae
13516,Glochidion macrostigma,Glochidion,Phyllanthaceae
13517,Glochidion mehipitense,Glochidion,Phyllanthaceae
13523,Glochidion monostylum,Glochidion,Phyllanthaceae
13535,Glochidion philippicum,Glochidion,Phyllanthaceae
13543,Glochidion pubicapsa,Glochidion,Phyllanthaceae
13544,Glochidion punctatum,Glochidion,Phyllanthaceae
13546,Glochidion rubrum,Glochidion,Phyllanthaceae
13549,Glochidion singaporense,Glochidion,Phyllanthaceae
13552,Glochidion styliferum,Glochidion,Phyllanthaceae
13553,Glochidion stylosum,Glochidion,Phyllanthaceae
13556,Glochidion superbum,Glochidion,Phyllanthaceae
13557,Glochidion tenuistylum,Glochidion,Phyllanthaceae
13561,Glochidion trusanicum,Glochidion,Phyllanthaceae
13563,Glochidion varians,Glochidion,Phyllanthaceae
13564,Glochidion williamsii,Glochidion,Phyllanthaceae
13567,Glochidion xestophyllum,Glochidion,Phyllanthaceae
13568,Glochidion zeylanicum,Glochidion,Phyllanthaceae
13569,Glochidion zeylanicum var. arborescens,Glochidion,Phyllanthaceae
13586,Glomera conglutinata,Glomera,Orchidaceae
13606,Glomera hamadryas,Glomera,Orchidaceae
13613,Glomera kerewensis,Glomera,Orchidaceae
13634,Glomera pullei,Glomera,Orchidaceae
13658,Gloriosa superba,Gloriosa,Colchicaceae
13666,Gluta aptera,Gluta,Anacardiaceae
13667,Gluta beccarii,Gluta,Anacardiaceae
13669,Gluta curtisii,Gluta,Anacardiaceae
13671,Gluta laxiflora,Gluta,Anacardiaceae
13672,Gluta macrocarpa,Gluta,Anacardiaceae
13674,Gluta oba,Gluta,Anacardiaceae
13677,Gluta renghas,Gluta,Anacardiaceae
13679,Gluta rugulosa,Gluta,Anacardiaceae
13680,Gluta sabahana,Gluta,Anacardiaceae
13681,Gluta speciosa,Gluta,Anacardiaceae
13684,Gluta velutina,Gluta,Anacardiaceae
13685,Gluta wallichii,Gluta,Anacardiaceae
13692,Glycosmis chlorosperma,Glycosmis,Rutaceae
13693,Glycosmis chlorosperma var. angustifolia,Glycosmis,Rutaceae
13694,Glycosmis chlorosperma var. elmeri,Glycosmis,Rutaceae
13696,Glycosmis cyanocarpa,Glycosmis,Rutaceae
13703,Glycosmis elongata,Glycosmis,Rutaceae
13705,Glycosmis greenei,Glycosmis,Rutaceae
13706,Glycosmis lanceolata,Glycosmis,Rutaceae
13708,Glycosmis macrantha,Glycosmis,Rutaceae
13709,Glycosmis macrophylla,Glycosmis,Rutaceae
13711,Glycosmis mauritiana,Glycosmis,Rutaceae
13715,Glycosmis pentaphylla,Glycosmis,Rutaceae
13726,Glyptopetalum quadrangulare,Glyptopetalum,Celastraceae
13727,Gmelina arborea,Gmelina,Lamiaceae
13728,Gmelina asiatica,Gmelina,Lamiaceae
13731,Gmelina elliptica,Gmelina,Lamiaceae
13741,Gmelina uniflora,Gmelina,Lamiaceae
13745,Gnetum acutum,Gnetum,Gnetaceae
13747,Gnetum cuspidatum,Gnetum,Gnetaceae
13748,Gnetum diminutum,Gnetum,Gnetaceae
13749,Gnetum edule,Gnetum,Gnetaceae
13750,Gnetum gnemon,Gnetum,Gnetaceae
13751,Gnetum gnemon var. brunonianum,Gnetum,Gnetaceae
13753,Gnetum gnemon var. tenerum,Gnetum,Gnetaceae
13754,Gnetum gnemonoides,Gnetum,Gnetaceae
13755,Gnetum klossii,Gnetum,Gnetaceae
13756,Gnetum latifolium,Gnetum,Gnetaceae
13761,Gnetum leptostachyum,Gnetum,Gnetaceae
13762,Gnetum leptostachyum var. robustum,Gnetum,Gnetaceae
13764,Gnetum macrostachyum,Gnetum,Gnetaceae
13767,Gnetum neglectum,Gnetum,Gnetaceae
13770,Gnetum raya,Gnetum,Gnetaceae
13773,Goeppertia bachemiana,Goeppertia,Marantaceae
13775,Gomphandra capitulata,Gomphandra,Stemonuraceae
13776,Gomphandra cumingiana,Gomphandra,Stemonuraceae
13780,Gomphandra lancifolia,Gomphandra,Stemonuraceae
13784,Gomphandra parviflora,Gomphandra,Stemonuraceae
13787,Gomphandra quadrifida,Gomphandra,Stemonuraceae
13788,Gomphandra quadrifida var. ovalifolia,Gomphandra,Stemonuraceae
13803,Gomphostemma javanicum,Gomphostemma,Lamiaceae
13805,Gomphostemma microcalyx,Gomphostemma,Lamiaceae
13806,Gomphostemma parviflorum,Gomphostemma,Lamiaceae
13813,Goniophlebium demersum,Goniophlebium,Polypodiaceae
13814,Goniophlebium korthalsii,Goniophlebium,Polypodiaceae
13815,Goniophlebium mehipitense,Goniophlebium,Polypodiaceae
13816,Goniophlebium percussum,Goniophlebium,Polypodiaceae
13817,Goniophlebium persicifolium,Goniophlebium,Polypodiaceae
13819,Goniophlebium pseudoconnatum,Goniophlebium,Polypodiaceae
13820,Goniophlebium rajaense,Goniophlebium,Polypodiaceae
13822,Goniophlebium subauriculatum,Goniophlebium,Polypodiaceae
13825,Goniothalamus andersonii,Goniothalamus,Annonaceae
13827,Goniothalamus borneensis,Goniothalamus,Annonaceae
13828,Goniothalamus bracteosus,Goniothalamus,Annonaceae
13832,Goniothalamus clemensii,Goniothalamus,Annonaceae
13834,Goniothalamus costulatus,Goniothalamus,Annonaceae
13837,Goniothalamus dolichopetalus,Goniothalamus,Annonaceae
13838,Goniothalamus elmeri,Goniothalamus,Annonaceae
13842,Goniothalamus gigantifolius,Goniothalamus,Annonaceae
13845,Goniothalamus kostermansii,Goniothalamus,Annonaceae
13849,Goniothalamus macrophyllus,Goniothalamus,Annonaceae
13851,Goniothalamus malayanus,Goniothalamus,Annonaceae
13852,Goniothalamus megalocalyx,Goniothalamus,Annonaceae
13854,Goniothalamus nitidus,Goniothalamus,Annonaceae
13855,Goniothalamus parallelovenius,Goniothalamus,Annonaceae
13856,Goniothalamus phaeotrichus,Goniothalamus,Annonaceae
13858,Goniothalamus ridleyi,Goniothalamus,Annonaceae
13859,Goniothalamus rufus,Goniothalamus,Annonaceae
13861,Goniothalamus suaveolens,Goniothalamus,Annonaceae
13862,Goniothalamus tapis,Goniothalamus,Annonaceae
13863,Goniothalamus tapisoides,Goniothalamus,Annonaceae
13867,Goniothalamus uvarioides,Goniothalamus,Annonaceae
13868,Goniothalamus velutinus,Goniothalamus,Annonaceae
13870,Goniothalamus woodii,Goniothalamus,Annonaceae
13876,Gonocarpus micranthus,Gonocarpus,Haloragaceae
13880,Gonocaryum calleryanum,Gonocaryum,Cardiopteridaceae
13881,Gonocaryum cognatum,Gonocaryum,Cardiopteridaceae
13882,Gonocaryum crassifolium,Gonocaryum,Cardiopteridaceae
13883,Gonocaryum gracile,Gonocaryum,Cardiopteridaceae
13884,Gonocaryum impressinervium,Gonocaryum,Cardiopteridaceae
13886,Gonocaryum lobbianum,Gonocaryum,Cardiopteridaceae
13887,Gonocaryum macrophyllum,Gonocaryum,Cardiopteridaceae
13888,Gonocaryum minus,Gonocaryum,Cardiopteridaceae
13893,Gonystylus acuminatus,Gonystylus,Thymelaeaceae
13894,Gonystylus affinis,Gonystylus,Thymelaeaceae
13895,Gonystylus affinis var. elegans,Gonystylus,Thymelaeaceae
13896,Gonystylus areolatus,Gonystylus,Thymelaeaceae
13897,Gonystylus augescens,Gonystylus,Thymelaeaceae
13898,Gonystylus bancanus,Gonystylus,Thymelaeaceae
13899,Gonystylus borneensis,Gonystylus,Thymelaeaceae
13900,Gonystylus brunnescens,Gonystylus,Thymelaeaceae
13901,Gonystylus confusus,Gonystylus,Thymelaeaceae
13902,Gonystylus consanguineus,Gonystylus,Thymelaeaceae
13903,Gonystylus costalis,Gonystylus,Thymelaeaceae
13904,Gonystylus forbesii,Gonystylus,Thymelaeaceae
13905,Gonystylus glaucescens,Gonystylus,Thymelaeaceae
13906,Gonystylus keithii,Gonystylus,Thymelaeaceae
13907,Gonystylus macrophyllus,Gonystylus,Thymelaeaceae
13908,Gonystylus maingayi,Gonystylus,Thymelaeaceae
13909,Gonystylus micranthus,Gonystylus,Thymelaeaceae
13910,Gonystylus reticulatus,Gonystylus,Thymelaeaceae
13911,Gonystylus spectabilis,Gonystylus,Thymelaeaceae
13912,Gonystylus velutinus,Gonystylus,Thymelaeaceae
13913,Gonystylus xylocarpus,Gonystylus,Thymelaeaceae
13919,Goodyera bifida,Goodyera,Orchidaceae
13930,Goodyera procera,Goodyera,Orchidaceae
13931,Goodyera pusilla,Goodyera,Orchidaceae
13933,Goodyera reticulata,Goodyera,Orchidaceae
13934,Goodyera rostellata,Goodyera,Orchidaceae
13935,Goodyera rubicunda,Goodyera,Orchidaceae
13940,Goodyera viridiflora,Goodyera,Orchidaceae
13943,Gosong brevipedunculata,Gosong,Araceae
13952,Gouania leptostachya,Gouania,Rhamnaceae
13958,Grammatophyllum kinabaluense,Grammatophyllum,Orchidaceae
13968,Grammitis alternidens,Grammitis,Polypodiaceae
13970,Grammitis barathrophylla,Grammitis,Polypodiaceae
13974,Grammitis blechnoides,Grammitis,Polypodiaceae
13976,Grammitis burbidgei,Grammitis,Polypodiaceae
13981,Grammitis congener,Grammitis,Polypodiaceae
13987,Grammitis curtisii,Grammitis,Polypodiaceae
14002,Grammitis halconensis,Grammitis,Polypodiaceae
14011,Grammitis javanica,Grammitis,Polypodiaceae
14013,Grammitis khasyana,Grammitis,Polypodiaceae
14016,Grammitis leysii,Grammitis,Polypodiaceae
14021,Grammitis mollicoma,Grammitis,Polypodiaceae
14026,Grammitis nutans,Grammitis,Polypodiaceae
14027,Grammitis obliquata,Grammitis,Polypodiaceae
14033,Grammitis percrassa,Grammitis,Polypodiaceae
14064,Grammitis taxodioides,Grammitis,Polypodiaceae
14066,Grammitis venulosa,Grammitis,Polypodiaceae
14085,Grewia acuminata,Grewia,Malvaceae
14092,Grewia capuronii,Grewia,Malvaceae
14094,Grewia elyseoi,Grewia,Malvaceae
14097,Grewia guazumifolia,Grewia,Malvaceae
14101,Grewia laevigata,Grewia,Malvaceae
14123,Grona adscendens,Grona,Fabaceae
14127,Grona heterocarpos,Grona,Fabaceae
14128,Grona heterocarpos var. strigosa,Grona,Fabaceae
14133,Grona retroflexa,Grona,Fabaceae
14137,Grona triflora,Grona,Fabaceae
14138,Grosourdya appendiculata,Grosourdya,Orchidaceae
14141,Grosourdya emarginata,Grosourdya,Orchidaceae
14145,Grosourdya muscosa,Grosourdya,Orchidaceae
14153,Guettarda speciosa,Guettarda,Rubiaceae
14156,Guettardella hexasperma,Guettardella,Rubiaceae
14161,Guettardella tenuiflora,Guettardella,Rubiaceae
14162,Guilandina bonduc,Guilandina,Fabaceae
14163,Guilandina major,Guilandina,Fabaceae
14169,Guioa bijuga,Guioa,Sapindaceae
14172,Guioa diplopetala,Guioa,Sapindaceae
14185,Guioa pleuropteris,Guioa,Sapindaceae
14187,Guioa pterorhachis,Guioa,Sapindaceae
14188,Guioa pubescens,Guioa,Sapindaceae
14196,Gymnacranthera contracta,Gymnacranthera,Myristicaceae
14197,Gymnacranthera farquhariana,Gymnacranthera,Myristicaceae
14198,Gymnacranthera farquhariana var. eugeniifolia,Gymnacranthera,Myristicaceae
14200,Gymnacranthera farquhariana var. zippeliana,Gymnacranthera,Myristicaceae
14201,Gymnacranthera forbesii,Gymnacranthera,Myristicaceae
14202,Gymnacranthera forbesii var. crassinervis,Gymnacranthera,Myristicaceae
14204,Gymnacranthera ocellata,Gymnacranthera,Myristicaceae
14205,Gymnanthemum amygdalinum,Gymnanthemum,Asteraceae
14208,Gymnanthes borneensis,Gymnanthes,Euphorbiaceae
14213,Gymnema lactiferum,Gymnema,Apocynaceae
14220,Gymnosiphon aphyllus,Gymnosiphon,Burmanniaceae
14228,Gymnosphaera commutata,Gymnosphaera,Cyatheaceae
14229,Gymnosphaera dimorpha,Gymnosphaera,Cyatheaceae
14231,Gymnosphaera glabra,Gymnosphaera,Cyatheaceae
14233,Gymnosphaera lurida,Gymnosphaera,Cyatheaceae
14236,Gymnosphaera ramispina,Gymnosphaera,Cyatheaceae
14249,Gymnostachyum decurrens,Gymnostachyum,Acanthaceae
14258,Gymnostoma nobile,Gymnostoma,Casuarinaceae
14261,Gymnostoma rumphianum,Gymnostoma,Casuarinaceae
14262,Gymnostoma sumatranum,Gymnostoma,Casuarinaceae
14266,Gynochthodes coriacea,Gynochthodes,Rubiaceae
14268,Gynochthodes elmeri,Gynochthodes,Rubiaceae
14273,Gynochthodes jackiana,Gynochthodes,Rubiaceae
14279,Gynochthodes motleyi,Gynochthodes,Rubiaceae
14281,Gynochthodes oligantha,Gynochthodes,Rubiaceae
14284,Gynochthodes praetermissa,Gynochthodes,Rubiaceae
14285,Gynochthodes pubifolia,Gynochthodes,Rubiaceae
14286,Gynochthodes rigida,Gynochthodes,Rubiaceae
14289,Gynochthodes suratmanii,Gynochthodes,Rubiaceae
14291,Gynochthodes umbellata,Gynochthodes,Rubiaceae
14293,Gynostemma pentaphyllum,Gynostemma,Cucurbitaceae
14294,Gynotroches axillaris,Gynotroches,Rhizophoraceae
14298,Gynura aurantiaca,Gynura,Asteraceae
14304,Gynura divaricata,Gynura,Asteraceae
14309,Gynura procumbens,Gynura,Asteraceae
14312,Gynura sundaiaca,Gynura,Asteraceae
14355,Habenaria lobbii,Habenaria,Orchidaceae
14360,Habenaria multipartita,Habenaria,Orchidaceae
14372,Habenaria rumphii,Habenaria,Orchidaceae
14374,Habenaria setifolia,Habenaria,Orchidaceae
14375,Habenaria singapurensis,Habenaria,Orchidaceae
14387,Hackelochloa granularis,Hackelochloa,Poaceae
14388,Haematocarpus subpeltatus,Haematocarpus,Menispermaceae
14393,Halodule uninervis,Halodule,Cymodoceaceae
14395,Halophila beccarii,Halophila,Hydrocharitaceae
14399,Halophila ovalis,Halophila,Hydrocharitaceae
14402,Hancea eucausta,Hancea,Euphorbiaceae
14404,Hancea griffithiana,Hancea,Euphorbiaceae
14408,Hancea penangensis,Hancea,Euphorbiaceae
14409,Hancea stipularis,Hancea,Euphorbiaceae
14410,Hancea subpeltata,Hancea,Euphorbiaceae
14412,Hanguana anthelminthica,Hanguana,Hanguanaceae
14413,Hanguana karimatae,Hanguana,Hanguanaceae
14414,Hanguana kassintu,Hanguana,Hanguanaceae
14415,Hanguana malayana,Hanguana,Hanguanaceae
14417,Hanguana nana,Hanguana,Hanguanaceae
14422,Haplolobus borneensis,Haplolobus,Burseraceae
14428,Haplolobus floribundus subsp. moluccanus,Haplolobus,Burseraceae
14444,Haplopteris amboinensis,Haplopteris,Pteridaceae
14447,Haplopteris dareicarpa,Haplopteris,Pteridaceae
14448,Haplopteris elongata,Haplopteris,Pteridaceae
14449,Haplopteris ensiformis,Haplopteris,Pteridaceae
14451,Haplopteris hirta,Haplopteris,Pteridaceae
14452,Haplopteris longicoma,Haplopteris,Pteridaceae
14453,Haplopteris malayensis,Haplopteris,Pteridaceae
14454,Haplopteris scolopendrina,Haplopteris,Pteridaceae
14455,Haplopteris sessilifrons,Haplopteris,Pteridaceae
14459,Harmandia mekongensis,Harmandia,Aptandraceae
14464,Harpullia arborea,Harpullia,Sapindaceae
14467,Harpullia cupanioides,Harpullia,Sapindaceae
14469,Harpullia leichhardtii,Harpullia,Sapindaceae
14474,Harpullia petiolaris subsp. moluccana,Harpullia,Sapindaceae
14479,Harrisonia perforata,Harrisonia,Rutaceae
14482,Hedychium coronarium,Hedychium,Zingiberaceae
14483,Hedychium cylindricum,Hedychium,Zingiberaceae
14490,Hedychium lineare,Hedychium,Zingiberaceae
14492,Hedychium roxburghii,Hedychium,Zingiberaceae
14496,Hedyosmum orientale,Hedyosmum,Chloranthaceae
14501,Hedyotis fissistipula,Hedyotis,Rubiaceae
14505,Hedyotis lancelimba,Hedyotis,Rubiaceae
14508,Hedyotis macrostegia,Hedyotis,Rubiaceae
14511,Hedyotis ovalis,Hedyotis,Rubiaceae
14512,Hedyotis philippensis,Hedyotis,Rubiaceae
14513,Hedyotis pinaster,Hedyotis,Rubiaceae
14514,Hedyotis prostrata,Hedyotis,Rubiaceae
14515,Hedyotis protrusa,Hedyotis,Rubiaceae
14518,Hedyotis pulchella,Hedyotis,Rubiaceae
14520,Hedyotis rigida,Hedyotis,Rubiaceae
14525,Hedyotis tetrangularis,Hedyotis,Rubiaceae
14536,Helicia attenuata,Helicia,Proteaceae
14548,Helicia excelsa,Helicia,Proteaceae
14552,Helicia fuscotomentosa,Helicia,Proteaceae
14565,Helicia moluccana,Helicia,Proteaceae
14574,Helicia petiolaris,Helicia,Proteaceae
14578,Helicia pterygota,Helicia,Proteaceae
14582,Helicia robusta,Helicia,Proteaceae
14589,Helicia serrata,Helicia,Proteaceae
14590,Helicia serrata var. oreophila,Helicia,Proteaceae
14600,Heliciopsis artocarpoides,Heliciopsis,Proteaceae
14601,Heliciopsis incisa,Heliciopsis,Proteaceae
14603,Heliciopsis litseifolia,Heliciopsis,Proteaceae
14604,Heliciopsis velutina,Heliciopsis,Proteaceae
14610,Helicteres angustifolia,Helicteres,Malvaceae
14611,Helicteres hirsuta,Helicteres,Malvaceae
14612,Helicteres integerrima,Helicteres,Malvaceae
14618,Helicteres viscida,Helicteres,Malvaceae
14628,Heliotropium sarmentosum,Heliotropium,Boraginaceae
14630,Helixanthera coccinea,Helixanthera,Loranthaceae
14631,Helixanthera crassipetala,Helixanthera,Loranthaceae
14632,Helixanthera cylindrica,Helixanthera,Loranthaceae
14634,Helixanthera parasitica,Helixanthera,Loranthaceae
14636,Helixanthera setigera,Helixanthera,Loranthaceae
14637,Helixanthera spicata,Helixanthera,Loranthaceae
14639,Hellenia speciosa,Hellenia,Costaceae
14641,Helminthostachys zeylanica,Helminthostachys,Ophioglossaceae
14652,Hemigraphis bicolor,Hemigraphis,Acanthaceae
14653,Hemigraphis blumeana,Hemigraphis,Acanthaceae
14654,Hemigraphis borneensis,Hemigraphis,Acanthaceae
14665,Hemigraphis parva,Hemigraphis,Acanthaceae
14687,Hemionitis subcordata,Hemionitis,Pteridaceae
14694,Heptapleurum acutissimum,Heptapleurum,Araliaceae
14703,Heptapleurum avene,Heptapleurum,Araliaceae
14705,Heptapleurum bipalmatifolium,Heptapleurum,Araliaceae
14708,Heptapleurum borneense,Heptapleurum,Araliaceae
14713,Heptapleurum burkillii,Heptapleurum,Araliaceae
14717,Heptapleurum cephalotes,Heptapleurum,Araliaceae
14721,Heptapleurum ellipticum,Heptapleurum,Araliaceae
14723,Heptapleurum farinosum,Heptapleurum,Araliaceae
14725,Heptapleurum filipes,Heptapleurum,Araliaceae
14730,Heptapleurum gracile,Heptapleurum,Araliaceae
14731,Heptapleurum havilandii,Heptapleurum,Araliaceae
14742,Heptapleurum lanatum,Heptapleurum,Araliaceae
14745,Heptapleurum lineamentorum,Heptapleurum,Araliaceae
14746,Heptapleurum littorale,Heptapleurum,Araliaceae
14760,Heptapleurum obliquum,Heptapleurum,Araliaceae
14763,Heptapleurum oreopolum,Heptapleurum,Araliaceae
14768,Heptapleurum parasiticum,Heptapleurum,Araliaceae
14769,Heptapleurum petiolosum,Heptapleurum,Araliaceae
14771,Heptapleurum politum,Heptapleurum,Araliaceae
14785,Heptapleurum scandens,Heptapleurum,Araliaceae
14794,Heptapleurum singalangense,Heptapleurum,Araliaceae
14804,Heptapleurum urdanetense,Heptapleurum,Araliaceae
14807,Heptapleurum winkleri,Heptapleurum,Araliaceae
14809,Hera hebe,Hera,Araceae
14811,Heritiera albiflora,Heritiera,Malvaceae
14813,Heritiera aurea,Heritiera,Malvaceae
14814,Heritiera borneensis,Heritiera,Malvaceae
14815,Heritiera catappa,Heritiera,Malvaceae
14816,Heritiera elata,Heritiera,Malvaceae
14818,Heritiera globosa,Heritiera,Malvaceae
14820,Heritiera javanica,Heritiera,Malvaceae
14822,Heritiera littoralis,Heritiera,Malvaceae
14823,Heritiera macroptera,Heritiera,Malvaceae
14830,Heritiera simplicifolia,Heritiera,Malvaceae
14831,Heritiera sumatrana,Heritiera,Malvaceae
14836,Hernandia nymphaeifolia,Hernandia,Hernandiaceae
14841,Hetaeria alta,Hetaeria,Orchidaceae
14845,Hetaeria hylophiloides,Hetaeria,Orchidaceae
14846,Hetaeria lamellata,Hetaeria,Orchidaceae
14848,Hetaeria obliqua,Hetaeria,Orchidaceae
14849,Hetaeria oblongifolia,Hetaeria,Orchidaceae
14851,Heteroaridarum nicolsonii,Heteroaridarum,Araceae
14852,Heteroblemma alternifolium,Heteroblemma,Melastomataceae
14855,Heteroblemma cordatum,Heteroblemma,Melastomataceae
14856,Heteroblemma decurrens,Heteroblemma,Melastomataceae
14857,Heteroblemma formanii,Heteroblemma,Melastomataceae
14858,Heteroblemma kemulense,Heteroblemma,Melastomataceae
14859,Heteroblemma loratum,Heteroblemma,Melastomataceae
14861,Heteroblemma sibauense,Heteroblemma,Melastomataceae
14878,Heterostemma acuminatum,Heterostemma,Apocynaceae
14884,Hewittia malabarica,Hewittia,Convolvulaceae
14885,Hexatheca fulva,Hexatheca,Gesneriaceae
14886,Hexatheca johannis-winkleri,Hexatheca,Gesneriaceae
14887,Heynea trijuga,Heynea,Meliaceae
14922,Hibiscus mutabilis,Hibiscus,Malvaceae
14929,Hibiscus surattensis,Hibiscus,Malvaceae
14945,Hippeophyllum scortechinii,Hippeophyllum,Orchidaceae
14949,Hiptage burkilliana,Hiptage,Malpighiaceae
14955,Histiopteris hennipmanii,Histiopteris,Dennstaedtiaceae
14956,Histiopteris incisa,Histiopteris,Dennstaedtiaceae
14961,Histiopteris stipulacea,Histiopteris,Dennstaedtiaceae
14965,Hodgsonia macrocarpa,Hodgsonia,Cucurbitaceae
14969,Holoptelea integrifolia,Holoptelea,Ulmaceae
14970,Homalanthus arfakiensis,Homalanthus,Euphorbiaceae
14971,Homalanthus caloneurus,Homalanthus,Euphorbiaceae
14974,Homalanthus grandifolius,Homalanthus,Euphorbiaceae
14979,Homalanthus populneus,Homalanthus,Euphorbiaceae
14984,Homalium caryophyllaceum,Homalium,Salicaceae
14987,Homalium foetidum,Homalium,Salicaceae
14988,Homalium grandiflorum,Homalium,Salicaceae
14993,Homalium panayanum,Homalium,Salicaceae
15000,Homalomena agens,Homalomena,Araceae
15002,Homalomena aromatica,Homalomena,Araceae
15006,Homalomena borneensis,Homalomena,Araceae
15008,Homalomena confusa,Homalomena,Araceae
15010,Homalomena cordata,Homalomena,Araceae
15019,Homalomena griffithii,Homalomena,Araceae
15024,Homalomena humilis,Homalomena,Araceae
15026,Homalomena insignis,Homalomena,Araceae
15029,Homalomena latifrons,Homalomena,Araceae
15036,Homalomena metallica,Homalomena,Araceae
15043,Homalomena occulta,Homalomena,Araceae
15044,Homalomena ovalifolia,Homalomena,Araceae
15045,Homalomena ovata,Homalomena,Araceae
15048,Homalomena pendula,Homalomena,Araceae
15056,Homalomena rostrata,Homalomena,Araceae
15059,Homalomena saxorum,Homalomena,Araceae
15065,Homalomena stongensis,Homalomena,Araceae
15066,Homalomena subcordata,Homalomena,Araceae
15068,Homalomena tirtae,Homalomena,Araceae
15069,Homalomena treubii,Homalomena,Araceae
15072,Homonoia riparia,Homonoia,Euphorbiaceae
15074,Hopea altocollina,Hopea,Dipterocarpaceae
15075,Hopea andersonii,Hopea,Dipterocarpaceae
15076,Hopea andersonii subsp. basalticola,Hopea,Dipterocarpaceae
15080,Hopea beccariana,Hopea,Dipterocarpaceae
15082,Hopea bracteata,Hopea,Dipterocarpaceae
15083,Hopea bullatifolia,Hopea,Dipterocarpaceae
15086,Hopea centipeda,Hopea,Dipterocarpaceae
15087,Hopea cernua,Hopea,Dipterocarpaceae
15088,Hopea coriacea,Hopea,Dipterocarpaceae
15089,Hopea dasyrrhachis,Hopea,Dipterocarpaceae
15092,Hopea dyeri,Hopea,Dipterocarpaceae
15093,Hopea enicosanthoides,Hopea,Dipterocarpaceae
15094,Hopea ferruginea,Hopea,Dipterocarpaceae
15095,Hopea fluvialis,Hopea,Dipterocarpaceae
15099,Hopea griffithii,Hopea,Dipterocarpaceae
15103,Hopea kerangasensis,Hopea,Dipterocarpaceae
15104,Hopea latifolia,Hopea,Dipterocarpaceae
15105,Hopea megacarpa,Hopea,Dipterocarpaceae
15106,Hopea mengarawan,Hopea,Dipterocarpaceae
15107,Hopea micrantha,Hopea,Dipterocarpaceae
15109,Hopea myrtifolia,Hopea,Dipterocarpaceae
15110,Hopea nervosa,Hopea,Dipterocarpaceae
15111,Hopea nigra,Hopea,Dipterocarpaceae
15114,Hopea nutans,Hopea,Dipterocarpaceae
15115,Hopea ovoidea,Hopea,Dipterocarpaceae
15116,Hopea pachycarpa,Hopea,Dipterocarpaceae
15121,Hopea pentanervia,Hopea,Dipterocarpaceae
15122,Hopea pierrei,Hopea,Dipterocarpaceae
15123,Hopea plagata,Hopea,Dipterocarpaceae
15124,Hopea pterygota,Hopea,Dipterocarpaceae
15126,Hopea sangal,Hopea,Dipterocarpaceae
15128,Hopea semicuneata,Hopea,Dipterocarpaceae
15130,Hopea sphaerocarpa,Hopea,Dipterocarpaceae
15131,Hopea tenuinervula,Hopea,Dipterocarpaceae
15132,Hopea treubii,Hopea,Dipterocarpaceae
15134,Hopea vacciniifolia,Hopea,Dipterocarpaceae
15135,Hopea vesquei,Hopea,Dipterocarpaceae
15136,Hornstedtia affinis,Hornstedtia,Zingiberaceae
15137,Hornstedtia conica,Hornstedtia,Zingiberaceae
15140,Hornstedtia elongata,Hornstedtia,Zingiberaceae
15141,Hornstedtia gracilis,Hornstedtia,Zingiberaceae
15142,Hornstedtia havilandii,Hornstedtia,Zingiberaceae
15143,Hornstedtia incana,Hornstedtia,Zingiberaceae
15144,Hornstedtia leonurus,Hornstedtia,Zingiberaceae
15145,Hornstedtia minor,Hornstedtia,Zingiberaceae
15150,Hornstedtia pininga,Hornstedtia,Zingiberaceae
15152,Hornstedtia reticulata,Hornstedtia,Zingiberaceae
15154,Hornstedtia rumphii,Hornstedtia,Zingiberaceae
15155,Hornstedtia scottiana,Hornstedtia,Zingiberaceae
15156,Hornstedtia scyphifera,Hornstedtia,Zingiberaceae
15157,Hornstedtia tomentosa,Hornstedtia,Zingiberaceae
15158,Hornstedtia triloba,Hornstedtia,Zingiberaceae
15165,Horsfieldia borneensis,Horsfieldia,Myristicaceae
15166,Horsfieldia brachiata,Horsfieldia,Myristicaceae
15167,Horsfieldia carnosa,Horsfieldia,Myristicaceae
15170,Horsfieldia crassifolia,Horsfieldia,Myristicaceae
15172,Horsfieldia discolor,Horsfieldia,Myristicaceae
15173,Horsfieldia endertii,Horsfieldia,Myristicaceae
15175,Horsfieldia fragillima,Horsfieldia,Myristicaceae
15177,Horsfieldia glabra,Horsfieldia,Myristicaceae
15180,Horsfieldia grandis,Horsfieldia,Myristicaceae
15186,Horsfieldia irya,Horsfieldia,Myristicaceae
15190,Horsfieldia laticostata,Horsfieldia,Myristicaceae
15195,Horsfieldia moluccana,Horsfieldia,Myristicaceae
15199,Horsfieldia motleyi,Horsfieldia,Myristicaceae
15200,Horsfieldia obscura,Horsfieldia,Myristicaceae
15203,Horsfieldia pachyrachis,Horsfieldia,Myristicaceae
15205,Horsfieldia pallidicaula,Horsfieldia,Myristicaceae
15206,Horsfieldia pallidicaula var. microcarya,Horsfieldia,Myristicaceae
15207,Horsfieldia parviflora,Horsfieldia,Myristicaceae
15208,Horsfieldia paucinervis,Horsfieldia,Myristicaceae
15209,Horsfieldia penangiana,Horsfieldia,Myristicaceae
15210,Horsfieldia penangiana subsp. obtusifolia,Horsfieldia,Myristicaceae
15213,Horsfieldia polyspherula,Horsfieldia,Myristicaceae
15214,Horsfieldia polyspherula var. maxima,Horsfieldia,Myristicaceae
15215,Horsfieldia polyspherula var. sumatrana,Horsfieldia,Myristicaceae
15219,Horsfieldia punctatifolia,Horsfieldia,Myristicaceae
15221,Horsfieldia reticulata,Horsfieldia,Myristicaceae
15225,Horsfieldia sessilifolia,Horsfieldia,Myristicaceae
15229,Horsfieldia splendida,Horsfieldia,Myristicaceae
15230,Horsfieldia sterilis,Horsfieldia,Myristicaceae
15235,Horsfieldia sucosa,Horsfieldia,Myristicaceae
15236,Horsfieldia sucosa subsp. bifissa,Horsfieldia,Myristicaceae
15240,Horsfieldia tenuifolia,Horsfieldia,Myristicaceae
15243,Horsfieldia tristis,Horsfieldia,Myristicaceae
15244,Horsfieldia valida,Horsfieldia,Myristicaceae
15245,Horsfieldia wallichii,Horsfieldia,Myristicaceae
15247,Hottarum truncatum,Hottarum,Araceae
15250,Hoya aeschynanthoides,Hoya,Apocynaceae
15255,Hoya australis,Hoya,Apocynaceae
15258,Hoya beccarii,Hoya,Apocynaceae
15268,Hoya coriacea,Hoya,Apocynaceae
15269,Hoya corneri,Hoya,Apocynaceae
15272,Hoya danumensis,Hoya,Apocynaceae
15277,Hoya diversifolia,Hoya,Apocynaceae
15281,Hoya elmeri,Hoya,Apocynaceae
15284,Hoya forbesii,Hoya,Apocynaceae
15286,Hoya glabra,Hoya,Apocynaceae
15288,Hoya ignorata,Hoya,Apocynaceae
15290,Hoya imperialis,Hoya,Apocynaceae
15300,Hoya lacunosa,Hoya,Apocynaceae
15302,Hoya lasiantha,Hoya,Apocynaceae
15315,Hoya multiflora,Hoya,Apocynaceae
15317,Hoya narcissiflora,Hoya,Apocynaceae
15319,Hoya obscura,Hoya,Apocynaceae
15320,Hoya obtusifolia,Hoya,Apocynaceae
15322,Hoya omlorii,Hoya,Apocynaceae
15330,Hoya phyllura,Hoya,Apocynaceae
15334,Hoya puber,Hoya,Apocynaceae
15338,Hoya pusilla,Hoya,Apocynaceae
15340,Hoya reticulata,Hoya,Apocynaceae
15342,Hoya revoluta,Hoya,Apocynaceae
15346,Hoya rintzii,Hoya,Apocynaceae
15350,Hoya sammannaniana,Hoya,Apocynaceae
15353,Hoya sigillatis,Hoya,Apocynaceae
15356,Hoya spartioides,Hoya,Apocynaceae
15370,Hoya undulata,Hoya,Apocynaceae
15371,Hoya vacciniiflora,Hoya,Apocynaceae
15374,Hoya verticillata,Hoya,Apocynaceae
15379,Hoya waymaniae,Hoya,Apocynaceae
15387,Huberantha jenkinsii,Huberantha,Annonaceae
15390,Huberantha rumphii,Huberantha,Annonaceae
15392,Hugonia costata,Hugonia,Linaceae
15393,Hugonia griffithiana,Hugonia,Linaceae
15413,Huperzia gnidioides,Huperzia,Lycopodiaceae
15418,Huperzia ledermannii,Huperzia,Lycopodiaceae
15424,Huperzia nummulariifolia,Huperzia,Lycopodiaceae
15426,Huperzia phlegmaria,Huperzia,Lycopodiaceae
15429,Huperzia pinifolia,Huperzia,Lycopodiaceae
15431,Huperzia prolifera,Huperzia,Lycopodiaceae
15435,Huperzia serrata,Huperzia,Lycopodiaceae
15436,Huperzia setifolia,Huperzia,Lycopodiaceae
15438,Huperzia squarrosa,Huperzia,Lycopodiaceae
15443,Huperzia verticillata,Huperzia,Lycopodiaceae
15447,Hydnocarpus anomalus,Hydnocarpus,Achariaceae
15448,Hydnocarpus borneensis,Hydnocarpus,Achariaceae
15450,Hydnocarpus castaneus,Hydnocarpus,Achariaceae
15452,Hydnocarpus elmeri,Hydnocarpus,Achariaceae
15454,Hydnocarpus gracilis,Hydnocarpus,Achariaceae
15456,Hydnocarpus heterophyllus subsp. philippensis,Hydnocarpus,Achariaceae
15458,Hydnocarpus kunstleri,Hydnocarpus,Achariaceae
15461,Hydnocarpus polypetalus,Hydnocarpus,Achariaceae
15462,Hydnocarpus scortechinii,Hydnocarpus,Achariaceae
15463,Hydnocarpus subfalcatus,Hydnocarpus,Achariaceae
15464,Hydnocarpus sumatranus,Hydnocarpus,Achariaceae
15465,Hydnocarpus sumatranus var. pentagynus,Hydnocarpus,Achariaceae
15466,Hydnocarpus woodii,Hydnocarpus,Achariaceae
15475,Hydnophytum formicarum,Hydnophytum,Rubiaceae
15494,Hydrangea febrifuga,Hydrangea,Hydrangeaceae
15523,Hydrilla verticillata,Hydrilla,Hydrocharitaceae
15524,Hydrocera triflora,Hydrocera,Balsaminaceae
15527,Hydrocotyle himalaica,Hydrocotyle,Araliaceae
15529,Hydrocotyle hirta,Hydrocotyle,Araliaceae
15531,Hydrocotyle javanica,Hydrocotyle,Araliaceae
15536,Hygrophila erecta,Hygrophila,Acanthaceae
15537,Hygrophila griffithii,Hygrophila,Acanthaceae
15540,Hygrophila pusilla,Hygrophila,Acanthaceae
15541,Hygrophila ringens,Hygrophila,Acanthaceae
15542,Hylodesmum laxum,Hylodesmum,Fabaceae
15547,Hylophila lanceolata,Hylophila,Orchidaceae
15548,Hylophila mollis,Hylophila,Orchidaceae
15550,Hymenachne aurita,Hymenachne,Poaceae
15552,Hymenandra beamanii,Hymenandra,Primulaceae
15553,Hymenandra calcicola,Hymenandra,Primulaceae
15554,Hymenandra diamphidia,Hymenandra,Primulaceae
15555,Hymenandra lilacina,Hymenandra,Primulaceae
15558,Hymenasplenium obscurum,Hymenasplenium,Aspleniaceae
15560,Hymenasplenium subnormale,Hymenasplenium,Aspleniaceae
15561,Hymenasplenium unilaterale,Hymenasplenium,Aspleniaceae
15563,Hymenocardia punctata,Hymenocardia,Phyllanthaceae
15568,Hymenophyllum acanthoides,Hymenophyllum,Hymenophyllaceae
15574,Hymenophyllum badium,Hymenophyllum,Hymenophyllaceae
15577,Hymenophyllum blandum,Hymenophyllum,Hymenophyllaceae
15583,Hymenophyllum cardunculus,Hymenophyllum,Hymenophyllaceae
15587,Hymenophyllum denticulatum,Hymenophyllum,Hymenophyllaceae
15588,Hymenophyllum digitatum,Hymenophyllum,Hymenophyllaceae
15589,Hymenophyllum edentulum,Hymenophyllum,Hymenophyllaceae
15592,Hymenophyllum emarginatum,Hymenophyllum,Hymenophyllaceae
15596,Hymenophyllum foxworthyi,Hymenophyllum,Hymenophyllaceae
15599,Hymenophyllum gorgoneum,Hymenophyllum,Hymenophyllaceae
15600,Hymenophyllum hallierii,Hymenophyllum,Hymenophyllaceae
15603,Hymenophyllum holochilum,Hymenophyllum,Hymenophyllaceae
15604,Hymenophyllum hosei,Hymenophyllum,Hymenophyllaceae
15605,Hymenophyllum humbertii,Hymenophyllum,Hymenophyllaceae
15610,Hymenophyllum junghuhnii,Hymenophyllum,Hymenophyllaceae
15615,Hymenophyllum leptocarpum,Hymenophyllum,Hymenophyllaceae
15616,Hymenophyllum lobbii,Hymenophyllum,Hymenophyllaceae
15625,Hymenophyllum nitidulum,Hymenophyllum,Hymenophyllaceae
15631,Hymenophyllum pachydermicum,Hymenophyllum,Hymenophyllaceae
15632,Hymenophyllum pallidum,Hymenophyllum,Hymenophyllaceae
15633,Hymenophyllum palmatifidum,Hymenophyllum,Hymenophyllaceae
15637,Hymenophyllum peltatum,Hymenophyllum,Hymenophyllaceae
15638,Hymenophyllum penangianum,Hymenophyllum,Hymenophyllaceae
15640,Hymenophyllum pilosissimum,Hymenophyllum,Hymenophyllaceae
15643,Hymenophyllum polyanthos,Hymenophyllum,Hymenophyllaceae
15644,Hymenophyllum productum,Hymenophyllum,Hymenophyllaceae
15646,Hymenophyllum reinwardtii,Hymenophyllum,Hymenophyllaceae
15648,Hymenophyllum rosenstockii,Hymenophyllum,Hymenophyllaceae
15653,Hymenophyllum serrulatum,Hymenophyllum,Hymenophyllaceae
15657,Hymenophyllum tenellum,Hymenophyllum,Hymenophyllaceae
15658,Hymenophyllum thuidium,Hymenophyllum,Hymenophyllaceae
15661,Hymenophyllum treubii,Hymenophyllum,Hymenophyllaceae
15680,Hypericum henryi,Hypericum,Hypericaceae
15681,Hypericum henryi subsp. hancockii,Hypericum,Hypericaceae
15683,Hypericum japonicum,Hypericum,Hypericaceae
15687,Hypericum papuanum,Hypericum,Hypericaceae
15689,Hypericum petiolulatum,Hypericum,Hypericaceae
15690,Hypericum saruwagedicum,Hypericum,Hypericaceae
15694,Hypobathrum caudifolium,Hypobathrum,Rubiaceae
15695,Hypobathrum collinum,Hypobathrum,Rubiaceae
15696,Hypobathrum coniocarpum,Hypobathrum,Rubiaceae
15697,Hypobathrum ellipticifolium,Hypobathrum,Rubiaceae
15698,Hypobathrum frutescens,Hypobathrum,Rubiaceae
15699,Hypobathrum glaberrimum,Hypobathrum,Rubiaceae
15700,Hypobathrum glabrum,Hypobathrum,Rubiaceae
15701,Hypobathrum gracile,Hypobathrum,Rubiaceae
15702,Hypobathrum hirtum,Hypobathrum,Rubiaceae
15703,Hypobathrum lancifolium,Hypobathrum,Rubiaceae
15704,Hypobathrum lithophilum,Hypobathrum,Rubiaceae
15705,Hypobathrum longifolium,Hypobathrum,Rubiaceae
15706,Hypobathrum microcarpum,Hypobathrum,Rubiaceae
15707,Hypobathrum palustre,Hypobathrum,Rubiaceae
15709,Hypobathrum racemosum,Hypobathrum,Rubiaceae
15710,Hypobathrum rheophyticum,Hypobathrum,Rubiaceae
15711,Hypobathrum riparium,Hypobathrum,Rubiaceae
15712,Hypobathrum rufidulum,Hypobathrum,Rubiaceae
15713,Hypobathrum salicinum,Hypobathrum,Rubiaceae
15714,Hypobathrum sampitense,Hypobathrum,Rubiaceae
15715,Hypobathrum subulatum,Hypobathrum,Rubiaceae
15716,Hypobathrum venulosum,Hypobathrum,Rubiaceae
15722,Hypoestes discreta,Hypoestes,Acanthaceae
15728,Hypoestes polythyrsa,Hypoestes,Acanthaceae
15749,Hypolytrum capitulatum,Hypolytrum,Cyperaceae
15750,Hypolytrum compactum,Hypolytrum,Cyperaceae
15751,Hypolytrum dissitiflorum,Hypolytrum,Cyperaceae
15753,Hypolytrum nemorum,Hypolytrum,Cyperaceae
15754,Hypolytrum nemorum var. proliferum,Hypolytrum,Cyperaceae
15755,Hypoxis aurea,Hypoxis,Hypoxidaceae
15757,Hypserpa nitida,Hypserpa,Menispermaceae
15759,Hyptis alata,Hyptis,Lamiaceae
15761,Ichnanthus pallens,Ichnanthus,Poaceae
15762,Ichnanthus pallens var. major,Ichnanthus,Poaceae
15763,Ichnocarpus frutescens,Ichnocarpus,Apocynaceae
15764,Iguanura borneensis,Iguanura,Arecaceae
15767,Iguanura macrostachya,Iguanura,Arecaceae
15768,Iguanura prolifera,Iguanura,Arecaceae
15775,Ilex baasiana,Ilex,Aquifoliaceae
15777,Ilex bogorensis,Ilex,Aquifoliaceae
15778,Ilex borneensis,Ilex,Aquifoliaceae
15783,Ilex cissoidea,Ilex,Aquifoliaceae
15787,Ilex cymosa,Ilex,Aquifoliaceae
15793,Ilex havilandii,Ilex,Aquifoliaceae
15795,Ilex hypoglauca,Ilex,Aquifoliaceae
15796,Ilex kelabitana,Ilex,Aquifoliaceae
15797,Ilex ketambensis,Ilex,Aquifoliaceae
15798,Ilex latifolia,Ilex,Aquifoliaceae
15799,Ilex laurocensus,Ilex,Aquifoliaceae
15801,Ilex maingayi,Ilex,Aquifoliaceae
15802,Ilex malaccensis,Ilex,Aquifoliaceae
15804,Ilex microphylla,Ilex,Aquifoliaceae
15808,Ilex oppositifolia,Ilex,Aquifoliaceae
15813,Ilex renae,Ilex,Aquifoliaceae
15816,Ilex spicata,Ilex,Aquifoliaceae
15817,Ilex stapfiana,Ilex,Aquifoliaceae
15823,Ilex triflora,Ilex,Aquifoliaceae
15825,Ilex viridis,Ilex,Aquifoliaceae
15826,Ilex wallichii,Ilex,Aquifoliaceae
15828,Illicium stapfii,Illicium,Schisandraceae
15830,Illicium tenuifolium,Illicium,Schisandraceae
15832,Illigera appendiculata,Illigera,Hernandiaceae
15834,Illigera celebica,Illigera,Hernandiaceae
15873,Impatiens hubertii,Impatiens,Balsaminaceae
15889,Impatiens orthosepala,Impatiens,Balsaminaceae
15893,Impatiens platypetala,Impatiens,Balsaminaceae
15916,Impatiens winkleri,Impatiens,Balsaminaceae
15919,Imperata conferta,Imperata,Poaceae
15921,Imperata cylindrica,Imperata,Poaceae
15923,Indigofera bungeana,Indigofera,Fabaceae
15929,Indigofera galegoides,Indigofera,Fabaceae
15946,Indigofera tinctoria,Indigofera,Fabaceae
15952,Indigofera zollingeriana,Indigofera,Fabaceae
15954,Indomelothria blumei,Indomelothria,Cucurbitaceae
15955,Indomelothria chlorocarpa,Indomelothria,Cucurbitaceae
15957,Indorouchera contestiana,Indorouchera,Linaceae
15961,Intsia bijuga,Intsia,Fabaceae
15963,Intsia palembanica,Intsia,Fabaceae
15965,Iodes cirrhosa,Iodes,Icacinaceae
15971,Iodes velutina var. subvillosa,Iodes,Icacinaceae
15977,Ipomoea aquatica,Ipomoea,Convolvulaceae
15983,Ipomoea cambodiensis,Ipomoea,Convolvulaceae
15987,Ipomoea decaisnei,Ipomoea,Convolvulaceae
15995,Ipomoea lactifera,Ipomoea,Convolvulaceae
15997,Ipomoea obscura,Ipomoea,Convolvulaceae
15998,Ipomoea pes-caprae,Ipomoea,Convolvulaceae
15999,Ipomoea pes-tigridis,Ipomoea,Convolvulaceae
16003,Ipomoea rubens,Ipomoea,Convolvulaceae
16015,Irvingia malayana,Irvingia,Irvingiaceae
16016,Isachne albens,Isachne,Poaceae
16019,Isachne clarkei,Isachne,Poaceae
16021,Isachne confusa,Isachne,Poaceae
16025,Isachne globosa,Isachne,Poaceae
16027,Isachne kunthiana,Isachne,Poaceae
16028,Isachne minutula,Isachne,Poaceae
16029,Isachne myosotis,Isachne,Poaceae
16038,Ischaemum australe,Ischaemum,Poaceae
16039,Ischaemum barbatum,Ischaemum,Poaceae
16048,Ischaemum muticum,Ischaemum,Poaceae
16049,Ischaemum polystachyum,Ischaemum,Poaceae
16053,Ischaemum timorense,Ischaemum,Poaceae
16065,Isoetes philippinensis,Isoetes,Isoetaceae
16076,Isonandra borneensis,Isonandra,Sapotaceae
16077,Isonandra lanceolata,Isonandra,Sapotaceae
16078,Itea macrophylla,Itea,Iteaceae
16090,Ixonanthes petiolaris,Ixonanthes,Ixonanthaceae
16091,Ixonanthes reticulata,Ixonanthes,Ixonanthaceae
16092,Ixora accedens,Ixora,Rubiaceae
16102,Ixora blumei,Ixora,Rubiaceae
16103,Ixora borneensis,Ixora,Rubiaceae
16104,Ixora brachyanthera,Ixora,Rubiaceae
16107,Ixora brachyura,Ixora,Rubiaceae
16108,Ixora brevicaudata,Ixora,Rubiaceae
16111,Ixora callithyrsa,Ixora,Rubiaceae
16112,Ixora capillaris,Ixora,Rubiaceae
16113,Ixora caudata,Ixora,Rubiaceae
16116,Ixora chinensis,Ixora,Rubiaceae
16118,Ixora clementium,Ixora,Rubiaceae
16119,Ixora coccinea,Ixora,Rubiaceae
16122,Ixora congesta,Ixora,Rubiaceae
16131,Ixora daemonia,Ixora,Rubiaceae
16139,Ixora endertii,Ixora,Rubiaceae
16142,Ixora fallax,Ixora,Rubiaceae
16143,Ixora farinosa,Ixora,Rubiaceae
16144,Ixora filiflora,Ixora,Rubiaceae
16147,Ixora flagrans,Ixora,Rubiaceae
16149,Ixora fucosa,Ixora,Rubiaceae
16150,Ixora fuscescens,Ixora,Rubiaceae
16152,Ixora glomeruliflora,Ixora,Rubiaceae
16153,Ixora grandifolia,Ixora,Rubiaceae
16155,Ixora granulata,Ixora,Rubiaceae
16156,Ixora guluensis,Ixora,Rubiaceae
16158,Ixora hajupensis,Ixora,Rubiaceae
16159,Ixora hallieri,Ixora,Rubiaceae
16160,Ixora havilandii,Ixora,Rubiaceae
16170,Ixora karimatica,Ixora,Rubiaceae
16178,Ixora lancisepala,Ixora,Rubiaceae
16179,Ixora lebangharae,Ixora,Rubiaceae
16182,Ixora lobbii,Ixora,Rubiaceae
16184,Ixora longifolia,Ixora,Rubiaceae
16187,Ixora macrocotyla,Ixora,Rubiaceae
16192,Ixora malayana,Ixora,Rubiaceae
16195,Ixora membranifolia,Ixora,Rubiaceae
16196,Ixora mentangis,Ixora,Rubiaceae
16197,Ixora miliensis,Ixora,Rubiaceae
16200,Ixora miquelii,Ixora,Rubiaceae
16201,Ixora mirabilis,Ixora,Rubiaceae
16209,Ixora nonantha,Ixora,Rubiaceae
16213,Ixora oresitropha,Ixora,Rubiaceae
16214,Ixora otophora,Ixora,Rubiaceae
16219,Ixora patula,Ixora,Rubiaceae
16229,Ixora pseudoamboinica,Ixora,Rubiaceae
16230,Ixora pseudojavanica,Ixora,Rubiaceae
16231,Ixora pyrantha,Ixora,Rubiaceae
16233,Ixora rhododactyla,Ixora,Rubiaceae
16235,Ixora rivalis,Ixora,Rubiaceae
16237,Ixora romburghii,Ixora,Rubiaceae
16239,Ixora rubrinervis,Ixora,Rubiaceae
16243,Ixora salicifolia,Ixora,Rubiaceae
16244,Ixora scandens,Ixora,Rubiaceae
16250,Ixora stenophylla,Ixora,Rubiaceae
16251,Ixora stenothyrsa,Ixora,Rubiaceae
16252,Ixora stenura,Ixora,Rubiaceae
16256,Ixora tenelliflora,Ixora,Rubiaceae
16263,Ixora umbellata,Ixora,Rubiaceae
16265,Ixora umbricola,Ixora,Rubiaceae
16268,Ixora winkleri,Ixora,Rubiaceae
16272,Jackiopsis ornata,Jackiopsis,Rubiaceae
16276,Jacquemontia tomentella,Jacquemontia,Convolvulaceae
16277,Jacquemontia tomentella var. heteroradiata,Jacquemontia,Convolvulaceae
16278,Jacquemontia tomentella var. micrantha,Jacquemontia,Convolvulaceae
16288,Jarandersonia clemensiae,Jarandersonia,Malvaceae
16289,Jarandersonia parvifolia,Jarandersonia,Malvaceae
16290,Jarandersonia pentaceoides,Jarandersonia,Malvaceae
16291,Jarandersonia rinoreoides,Jarandersonia,Malvaceae
16292,Jasminanthes borneensis,Jasminanthes,Apocynaceae
16293,Jasminanthes suaveolens,Jasminanthes,Apocynaceae
16296,Jasminum amoenum,Jasminum,Oleaceae
16303,Jasminum crassifolium,Jasminum,Oleaceae
16309,Jasminum elongatum,Jasminum,Oleaceae
16311,Jasminum griffithii,Jasminum,Oleaceae
16315,Jasminum kostermansii,Jasminum,Oleaceae
16316,Jasminum lanceolaria subsp. scortechinii,Jasminum,Oleaceae
16317,Jasminum laurifolium,Jasminum,Oleaceae
16318,Jasminum longipetalum,Jasminum,Oleaceae
16321,Jasminum melastomifolium,Jasminum,Oleaceae
16322,Jasminum multiflorum,Jasminum,Oleaceae
16326,Jasminum oreophilum,Jasminum,Oleaceae
16329,Jasminum pellucidum,Jasminum,Oleaceae
16337,Jasminum smilacifolium,Jasminum,Oleaceae
16338,Jasminum spectabile,Jasminum,Oleaceae
16344,Jejewoodia longicalcarata,Jejewoodia,Orchidaceae
16345,Johannesteijsmannia altifrons,Johannesteijsmannia,Arecaceae
16348,Joinvillea borneensis,Joinvillea,Joinvilleaceae
16351,Juncus decipiens,Juncus,Juncaceae
16353,Juncus decipiens subsp. sundaicus,Juncus,Juncaceae
16369,Justicia neesiana,Justicia,Acanthaceae
16374,Justicia pulgarensis,Justicia,Acanthaceae
16378,Justicia stricta,Justicia,Acanthaceae
16384,Kadsura acsmithii,Kadsura,Schisandraceae
16387,Kadsura lanceolata,Kadsura,Schisandraceae
16388,Kadsura marmorata,Kadsura,Schisandraceae
16389,Kadsura scandens,Kadsura,Schisandraceae
16390,Kadsura verrucosa,Kadsura,Schisandraceae
16393,Kaempferia galanga,Kaempferia,Zingiberaceae
16395,Kaempferia rotunda,Kaempferia,Zingiberaceae
16397,Kailarsenia stenosepala,Kailarsenia,Rubiaceae
16398,Kailarsenia tentaculata,Kailarsenia,Rubiaceae
16408,Kandelia candel,Kandelia,Rhizophoraceae
16415,Kayea beccariana,Kayea,Calophyllaceae
16416,Kayea borneensis,Kayea,Calophyllaceae
16417,Kayea calophylloides,Kayea,Calophyllaceae
16421,Kayea elmeri,Kayea,Calophyllaceae
16422,Kayea ferruginea,Kayea,Calophyllaceae
16423,Kayea grandis,Kayea,Calophyllaceae
16424,Kayea korthalsiana,Kayea,Calophyllaceae
16426,Kayea laevis,Kayea,Calophyllaceae
16428,Kayea macrantha,Kayea,Calophyllaceae
16430,Kayea myrtifolia,Kayea,Calophyllaceae
16431,Kayea oblongifolia,Kayea,Calophyllaceae
16434,Kedrostis courtallensis,Kedrostis,Cucurbitaceae
16444,Kibara coriacea,Kibara,Monimiaceae
16452,Kibara obtusa,Kibara,Monimiaceae
16459,Kibatalia arborea,Kibatalia,Apocynaceae
16462,Kibatalia maingayi,Kibatalia,Apocynaceae
16463,Kibatalia villosa,Kibatalia,Apocynaceae
16467,Kleinhovia hospita,Kleinhovia,Malvaceae
16468,Knautia arvensis,Knautia,Caprifoliaceae
16471,Knema ashtonii,Knema,Myristicaceae
16472,Knema ashtonii var. cinnamomea,Knema,Myristicaceae
16474,Knema casearioides,Knema,Myristicaceae
16476,Knema cinerea,Knema,Myristicaceae
16477,Knema conferta,Knema,Myristicaceae
16478,Knema curtisii,Knema,Myristicaceae
16479,Knema curtisii var. arenosa,Knema,Myristicaceae
16481,Knema elmeri,Knema,Myristicaceae
16482,Knema emmae,Knema,Myristicaceae
16483,Knema furfuracea,Knema,Myristicaceae
16484,Knema galeata,Knema,Myristicaceae
16485,Knema glauca,Knema,Myristicaceae
16486,Knema glauca var. riparia,Knema,Myristicaceae
16487,Knema glaucescens,Knema,Myristicaceae
16490,Knema hirtella,Knema,Myristicaceae
16491,Knema hirtella var. pilocarpa,Knema,Myristicaceae
16492,Knema hookeriana,Knema,Myristicaceae
16493,Knema intermedia,Knema,Myristicaceae
16494,Knema kinabaluensis,Knema,Myristicaceae
16495,Knema korthalsii,Knema,Myristicaceae
16496,Knema kostermansiana,Knema,Myristicaceae
16497,Knema krusemaniana,Knema,Myristicaceae
16498,Knema kunstleri,Knema,Myristicaceae
16499,Knema kunstleri subsp. alpina,Knema,Myristicaceae
16500,Knema kunstleri subsp. leptophylla,Knema,Myristicaceae
16502,Knema kunstleri subsp. pseudostellata,Knema,Myristicaceae
16504,Knema latericia,Knema,Myristicaceae
16505,Knema latericia f. olivacea,Knema,Myristicaceae
16506,Knema latericia subsp. albifolia,Knema,Myristicaceae
16507,Knema latericia subsp. ridleyi,Knema,Myristicaceae
16508,Knema latifolia,Knema,Myristicaceae
16509,Knema laurina,Knema,Myristicaceae
16511,Knema linguiformis,Knema,Myristicaceae
16512,Knema longepilosa,Knema,Myristicaceae
16514,Knema lunduensis,Knema,Myristicaceae
16515,Knema luteola,Knema,Myristicaceae
16517,Knema mamillata,Knema,Myristicaceae
16520,Knema membranifolia,Knema,Myristicaceae
16521,Knema mogeana,Knema,Myristicaceae
16522,Knema oblongata,Knema,Myristicaceae
16523,Knema pallens,Knema,Myristicaceae
16525,Knema pectinata,Knema,Myristicaceae
16526,Knema percoriacea,Knema,Myristicaceae
16527,Knema percoriacea f. sarawakensis,Knema,Myristicaceae
16528,Knema pseudolaurina,Knema,Myristicaceae
16529,Knema psilantha,Knema,Myristicaceae
16530,Knema pubiflora,Knema,Myristicaceae
16531,Knema pulchra,Knema,Myristicaceae
16532,Knema riangensis,Knema,Myristicaceae
16533,Knema rubens,Knema,Myristicaceae
16535,Knema sericea,Knema,Myristicaceae
16539,Knema stenophylla,Knema,Myristicaceae
16540,Knema stenophylla subsp. longipedicellata,Knema,Myristicaceae
16541,Knema subhirtella,Knema,Myristicaceae
16542,Knema sumatrana,Knema,Myristicaceae
16543,Knema tomentella,Knema,Myristicaceae
16544,Knema tridactyla,Knema,Myristicaceae
16545,Knema uliginosa,Knema,Myristicaceae
16546,Knema woodii,Knema,Myristicaceae
16548,Knoxia lineata,Knoxia,Rubiaceae
16550,Knoxia sumatrensis,Knoxia,Rubiaceae
16551,Koeleria spicata,Koeleria,Poaceae
16557,Kohautia cynanchica,Kohautia,Rubiaceae
16558,Koilodepas bantamense,Koilodepas,Euphorbiaceae
16559,Koilodepas brevipes,Koilodepas,Euphorbiaceae
16560,Koilodepas brevipes var. stenosepalum,Koilodepas,Euphorbiaceae
16562,Koilodepas frutescens,Koilodepas,Euphorbiaceae
16564,Koilodepas laevigatum,Koilodepas,Euphorbiaceae
16565,Koilodepas longifolium,Koilodepas,Euphorbiaceae
16566,Koilodepas pectinatum,Koilodepas,Euphorbiaceae
16568,Kokoona littoralis,Kokoona,Celastraceae
16569,Kokoona ochracea,Kokoona,Celastraceae
16570,Kokoona ovatolanceolata,Kokoona,Celastraceae
16571,Kokoona reflexa,Kokoona,Celastraceae
16574,Koompassia malaccensis,Koompassia,Fabaceae
16576,Koordersiodendron pinnatum,Koordersiodendron,Anacardiaceae
16577,Kopsia arborea,Kopsia,Apocynaceae
16578,Kopsia dasyrachis,Kopsia,Apocynaceae
16579,Kopsia flavida,Kopsia,Apocynaceae
16582,Kopsia lapidilecta,Kopsia,Apocynaceae
16584,Kopsia pauciflora,Kopsia,Apocynaceae
16587,Kopsia tenuis,Kopsia,Apocynaceae
16588,Korthalsella dacrydii,Korthalsella,Santalaceae
16589,Korthalsella geminata,Korthalsella,Santalaceae
16593,Korthalsia angustifolia,Korthalsia,Arecaceae
16596,Korthalsia cheb,Korthalsia,Arecaceae
16597,Korthalsia debilis,Korthalsia,Arecaceae
16598,Korthalsia echinometra,Korthalsia,Arecaceae
16599,Korthalsia ferox,Korthalsia,Arecaceae
16600,Korthalsia flagellaris,Korthalsia,Arecaceae
16601,Korthalsia furcata,Korthalsia,Arecaceae
16602,Korthalsia furtadoana,Korthalsia,Arecaceae
16603,Korthalsia hispida,Korthalsia,Arecaceae
16604,Korthalsia jala,Korthalsia,Arecaceae
16606,Korthalsia laciniosa,Korthalsia,Arecaceae
16607,Korthalsia paucijuga,Korthalsia,Arecaceae
16608,Korthalsia rigida,Korthalsia,Arecaceae
16609,Korthalsia robusta,Korthalsia,Arecaceae
16610,Korthalsia rostrata,Korthalsia,Arecaceae
16613,Kostermanthus heteropetalus,Kostermanthus,Chrysobalanaceae
16615,Kunstleria forbesii,Kunstleria,Fabaceae
16616,Kunstleria geesinkii,Kunstleria,Fabaceae
16617,Kunstleria ridleyi,Kunstleria,Fabaceae
16618,Kunstleria sarawakensis,Kunstleria,Fabaceae
16620,Labisia acuta,Labisia,Primulaceae
16622,Labisia obtusifolia,Labisia,Primulaceae
16624,Labisia pumila,Labisia,Primulaceae
16625,Labisia pumila var. discoplacenta,Labisia,Primulaceae
16626,Labisia pumila var. lanceolata,Labisia,Primulaceae
16628,Labisia pumila var. neriifolia,Labisia,Primulaceae
16631,Labisia smaragdina,Labisia,Primulaceae
16645,Lagerstroemia celebica,Lagerstroemia,Lythraceae
16647,Lagerstroemia floribunda,Lagerstroemia,Lythraceae
16651,Lagerstroemia pustulata,Lagerstroemia,Lythraceae
16652,Lagerstroemia speciosa,Lagerstroemia,Lythraceae
16662,Lansium domesticum,Lansium,Meliaceae
16668,Lantana urticoides,Lantana,Verbenaceae
16682,Lasia spinosa,Lasia,Araceae
16685,Lasianthus atroneurus,Lasianthus,Rubiaceae
16686,Lasianthus attenuatus,Lasianthus,Rubiaceae
16688,Lasianthus baasianus,Lasianthus,Rubiaceae
16690,Lasianthus biflorus,Lasianthus,Rubiaceae
16691,Lasianthus borneensis,Lasianthus,Rubiaceae
16695,Lasianthus capitatus,Lasianthus,Rubiaceae
16697,Lasianthus chryseus,Lasianthus,Rubiaceae
16702,Lasianthus constrictus,Lasianthus,Rubiaceae
16705,Lasianthus cyanocarpus,Lasianthus,Rubiaceae
16714,Lasianthus griffithii,Lasianthus,Rubiaceae
16715,Lasianthus hexander,Lasianthus,Rubiaceae
16716,Lasianthus hirsutus,Lasianthus,Rubiaceae
16720,Lasianthus inodorus,Lasianthus,Rubiaceae
16721,Lasianthus inodorus subsp. montigenus,Lasianthus,Rubiaceae
16722,Lasianthus inodorus subsp. pubescens,Lasianthus,Rubiaceae
16725,Lasianthus japonicus,Lasianthus,Rubiaceae
16726,Lasianthus kinabaluensis,Lasianthus,Rubiaceae
16727,Lasianthus laevigatus,Lasianthus,Rubiaceae
16728,Lasianthus lancilobus,Lasianthus,Rubiaceae
16729,Lasianthus latifolius,Lasianthus,Rubiaceae
16730,Lasianthus laxifloroideus,Lasianthus,Rubiaceae
16731,Lasianthus laxiflorus,Lasianthus,Rubiaceae
16733,Lasianthus longibracteatus,Lasianthus,Rubiaceae
16738,Lasianthus megaphyllus,Lasianthus,Rubiaceae
16741,Lasianthus mucronulatus,Lasianthus,Rubiaceae
16743,Lasianthus nervosus,Lasianthus,Rubiaceae
16744,Lasianthus oblongatus,Lasianthus,Rubiaceae
16746,Lasianthus ovatus,Lasianthus,Rubiaceae
16749,Lasianthus perakensis,Lasianthus,Rubiaceae
16750,Lasianthus pergamaceus,Lasianthus,Rubiaceae
16755,Lasianthus reticulatus,Lasianthus,Rubiaceae
16756,Lasianthus rhinocerotis,Lasianthus,Rubiaceae
16757,Lasianthus ridleyi,Lasianthus,Rubiaceae
16762,Lasianthus setulosus,Lasianthus,Rubiaceae
16764,Lasianthus stercorarius,Lasianthus,Rubiaceae
16765,Lasianthus sterrophyllus,Lasianthus,Rubiaceae
16766,Lasianthus stipularis,Lasianthus,Rubiaceae
16769,Lasianthus tenuifolius,Lasianthus,Rubiaceae
16774,Lasianthus venosus,Lasianthus,Rubiaceae
16776,Lasianthus vrieseanus,Lasianthus,Rubiaceae
16790,Lecananthus erubescens,Lecananthus,Rubiaceae
16791,Lecananthus pentander,Lecananthus,Rubiaceae
16795,Lecanopteris crustacea,Lecanopteris,Polypodiaceae
16797,Lecanopteris deparioides,Lecanopteris,Polypodiaceae
16800,Lecanopteris lomarioides,Lecanopteris,Polypodiaceae
16803,Lecanopteris sarcopus,Lecanopteris,Polypodiaceae
16804,Lecanopteris sinuosa,Lecanopteris,Polypodiaceae
16808,Lecanorchis multiflora,Lecanorchis,Orchidaceae
16811,Leea aculeata,Leea,Vitaceae
16812,Leea aequata,Leea,Vitaceae
16813,Leea amabilis,Leea,Vitaceae
16814,Leea angulata,Leea,Vitaceae
16817,Leea guineensis,Leea,Vitaceae
16819,Leea indica,Leea,Vitaceae
16820,Leea javanica,Leea,Vitaceae
16826,Leea rubra,Leea,Vitaceae
16827,Leea saxatilis,Leea,Vitaceae
16833,Leersia hexandra,Leersia,Poaceae
16841,Leontodon incanus,Leontodon,Asteraceae
16844,Leonurus sibiricus,Leonurus,Lamiaceae
16846,Lepeostegeres bahajensis,Lepeostegeres,Loranthaceae
16847,Lepeostegeres beccarii,Lepeostegeres,Loranthaceae
16850,Lepeostegeres lancifolius,Lepeostegeres,Loranthaceae
16860,Lepidagathis marginata,Lepidagathis,Acanthaceae
16867,Lepidagathis staurogynoides,Lepidagathis,Acanthaceae
16870,Lepidaria kingii,Lepidaria,Loranthaceae
16871,Lepidaria oviceps,Lepidaria,Loranthaceae
16872,Lepidaria pulchella,Lepidaria,Loranthaceae
16873,Lepidaria sabaensis,Lepidaria,Loranthaceae
16879,Lepidogyne longifolia,Lepidogyne,Orchidaceae
16890,Lepionurus sylvestris,Lepionurus,Opiliaceae
16891,Lepironia articulata,Lepironia,Cyperaceae
16893,Lepisanthes alata,Lepisanthes,Sapindaceae
16894,Lepisanthes amoena,Lepisanthes,Sapindaceae
16895,Lepisanthes bengalan,Lepisanthes,Sapindaceae
16897,Lepisanthes divaricata,Lepisanthes,Sapindaceae
16899,Lepisanthes falcata subsp. borneensis,Lepisanthes,Sapindaceae
16902,Lepisanthes fruticosa,Lepisanthes,Sapindaceae
16903,Lepisanthes heterolepis,Lepisanthes,Sapindaceae
16905,Lepisanthes kinabaluensis,Lepisanthes,Sapindaceae
16911,Lepisanthes rubiginosa,Lepisanthes,Sapindaceae
16912,Lepisanthes senegalensis,Lepisanthes,Sapindaceae
16913,Lepisanthes tetraphylla,Lepisanthes,Sapindaceae
16914,Lepisanthes unilocularis,Lepisanthes,Sapindaceae
16915,Lepisorus accedens,Lepisorus,Polypodiaceae
16916,Lepisorus annamensis,Lepisorus,Polypodiaceae
16920,Lepisorus longifolius,Lepisorus,Polypodiaceae
16923,Lepisorus mucronatus,Lepisorus,Polypodiaceae
16929,Lepisorus spicatus,Lepisorus,Polypodiaceae
16933,Lepisorus zippelii,Lepisorus,Polypodiaceae
16934,Lepistemon binectarifer,Lepistemon,Convolvulaceae
16935,Lepistemon binectarifer var. borneensis,Lepistemon,Convolvulaceae
16938,Lepistemon owariensis,Lepistemon,Convolvulaceae
16943,Leptaspis zeylanica,Leptaspis,Poaceae
16946,Leptochilus axillaris,Leptochilus,Polypodiaceae
16947,Leptochilus decurrens,Leptochilus,Polypodiaceae
16950,Leptochilus lanceolatus,Leptochilus,Polypodiaceae
16952,Leptochilus macrophyllus,Leptochilus,Polypodiaceae
16954,Leptochilus pedunculatus,Leptochilus,Polypodiaceae
16955,Leptochilus pteropus,Leptochilus,Polypodiaceae
16956,Leptochilus sarawakensis,Leptochilus,Polypodiaceae
16957,Leptochloa malayana,Leptochloa,Poaceae
16963,Leptonychia caudata,Leptonychia,Malvaceae
16980,Leptospermum javanicum,Leptospermum,Myrtaceae
17003,Leucas decemdentata,Leucas,Lamiaceae
17009,Leucas zeylanica,Leucas,Lamiaceae
17014,Leuconotis anceps,Leuconotis,Apocynaceae
17016,Leuconotis eugeniifolia,Leuconotis,Apocynaceae
17017,Leuconotis griffithii,Leuconotis,Apocynaceae
17019,Leucostegia immersa,Leucostegia,Hypodematiaceae
17020,Leucostegia pallida,Leucostegia,Hypodematiaceae
17021,Leucosyke bornensis,Leucosyke,Urticaceae
17022,Leucosyke capitellata,Leucosyke,Urticaceae
17033,Leucosyke rubiginosa,Leucosyke,Urticaceae
17036,Leucosyke winkleri-huberti,Leucosyke,Urticaceae
17048,Licuala bidentata,Licuala,Arecaceae
17058,Licuala flammula,Licuala,Arecaceae
17062,Licuala glabra,Licuala,Arecaceae
17065,Licuala hallieriana,Licuala,Arecaceae
17076,Licuala micholitzii,Licuala,Arecaceae
17077,Licuala micholitzii var. leeana,Licuala,Arecaceae
17083,Licuala olivifera,Licuala,Arecaceae
17084,Licuala oliviformis,Licuala,Arecaceae
17087,Licuala paludosa,Licuala,Arecaceae
17092,Licuala petiolulata,Licuala,Arecaceae
17095,Licuala pseudovalida,Licuala,Arecaceae
17098,Licuala reptans,Licuala,Arecaceae
17099,Licuala rheophytica,Licuala,Arecaceae
17101,Licuala rubiginosa,Licuala,Arecaceae
17108,Licuala triphylla,Licuala,Arecaceae
17129,Lijndenia laurina,Lijndenia,Melastomataceae
17132,Limacia scandens,Limacia,Menispermaceae
17133,Limahlania crenulata,Limahlania,Gentianaceae
17135,Limnophila chinensis,Limnophila,Plantaginaceae
17136,Limnophila erecta,Limnophila,Plantaginaceae
17139,Limnophila heterophylla,Limnophila,Plantaginaceae
17142,Limnophila micrantha,Limnophila,Plantaginaceae
17143,Limnophila repens,Limnophila,Plantaginaceae
17144,Limnophila rugosa,Limnophila,Plantaginaceae
17145,Limnophila sessiliflora,Limnophila,Plantaginaceae
17148,Limnophila villosa,Limnophila,Plantaginaceae
17161,Lindera insignis,Lindera,Lauraceae
17162,Lindera kinabaluensis,Lindera,Lauraceae
17163,Lindera lucida,Lindera,Lauraceae
17166,Lindera montanoides,Lindera,Lauraceae
17168,Lindera pedicellata,Lindera,Lauraceae
17176,Lindera rufa,Lindera,Lauraceae
17179,Lindera turfosa,Lindera,Lauraceae
17182,Lindsaea adiantoides,Lindsaea,Lindsaeaceae
17184,Lindsaea azurea,Lindsaea,Lindsaeaceae
17188,Lindsaea borneensis,Lindsaea,Lindsaeaceae
17189,Lindsaea cambodgensis,Lindsaea,Lindsaeaceae
17190,Lindsaea carvifolia,Lindsaea,Lindsaeaceae
17191,Lindsaea coriacea,Lindsaea,Lindsaeaceae
17192,Lindsaea crispa,Lindsaea,Lindsaeaceae
17193,Lindsaea cultrata,Lindsaea,Lindsaeaceae
17195,Lindsaea divergens,Lindsaea,Lindsaeaceae
17196,Lindsaea doryphora,Lindsaea,Lindsaeaceae
17197,Lindsaea ensifolia,Lindsaea,Lindsaeaceae
17201,Lindsaea gueriniana,Lindsaea,Lindsaeaceae
17202,Lindsaea hemiacroscopica,Lindsaea,Lindsaeaceae
17203,Lindsaea heterophylla,Lindsaea,Lindsaeaceae
17204,Lindsaea integra,Lindsaea,Lindsaeaceae
17205,Lindsaea interrupta,Lindsaea,Lindsaeaceae
17207,Lindsaea javanensis,Lindsaea,Lindsaeaceae
17208,Lindsaea kalimantanensis,Lindsaea,Lindsaeaceae
17209,Lindsaea kingii,Lindsaea,Lindsaeaceae
17212,Lindsaea lobata,Lindsaea,Lindsaeaceae
17213,Lindsaea lucida,Lindsaea,Lindsaeaceae
17216,Lindsaea microstegia,Lindsaea,Lindsaeaceae
17220,Lindsaea napaea,Lindsaea,Lindsaeaceae
17222,Lindsaea oblanceolata,Lindsaea,Lindsaeaceae
17224,Lindsaea obtusa,Lindsaea,Lindsaeaceae
17226,Lindsaea ovata,Lindsaea,Lindsaeaceae
17227,Lindsaea parallelogramma,Lindsaea,Lindsaeaceae
17228,Lindsaea pectinata,Lindsaea,Lindsaeaceae
17229,Lindsaea pellaeiformis,Lindsaea,Lindsaeaceae
17231,Lindsaea pulchella,Lindsaea,Lindsaeaceae
17235,Lindsaea repens,Lindsaea,Lindsaeaceae
17238,Lindsaea rigida,Lindsaea,Lindsaeaceae
17242,Lindsaea sarawakensis,Lindsaea,Lindsaeaceae
17249,Lindsaea trichomanoides,Lindsaea,Lindsaeaceae
17252,Lindsaea walkerae,Lindsaea,Lindsaeaceae
17258,Linostoma pauciflorum,Linostoma,Thymelaeaceae
17259,Liparis acaulis,Liparis,Orchidaceae
17263,Liparis araneola,Liparis,Orchidaceae
17265,Liparis atrosanguinea,Liparis,Orchidaceae
17266,Liparis aurantiorbiculata,Liparis,Orchidaceae
17267,Liparis barbata,Liparis,Orchidaceae
17271,Liparis bicuspidata,Liparis,Orchidaceae
17274,Liparis bootanensis,Liparis,Orchidaceae
17279,Liparis cespitosa,Liparis,Orchidaceae
17284,Liparis condylobulbon,Liparis,Orchidaceae
17289,Liparis dolichostachys,Liparis,Orchidaceae
17290,Liparis elegans,Liparis,Orchidaceae
17301,Liparis genychila,Liparis,Orchidaceae
17303,Liparis gibbsiae,Liparis,Orchidaceae
17305,Liparis glaucescens,Liparis,Orchidaceae
17307,Liparis grandiflora,Liparis,Orchidaceae
17309,Liparis halconensis,Liparis,Orchidaceae
17316,Liparis kamborangensis,Liparis,Orchidaceae
17317,Liparis kemulensis,Liparis,Orchidaceae
17319,Liparis kinabaluensis,Liparis,Orchidaceae
17320,Liparis lacerata,Liparis,Orchidaceae
17323,Liparis latifolia,Liparis,Orchidaceae
17326,Liparis longissima,Liparis,Orchidaceae
17327,Liparis lycopodioides,Liparis,Orchidaceae
17344,Liparis parviflora,Liparis,Orchidaceae
17350,Liparis rheedei,Liparis,Orchidaceae
17352,Liparis rhombea,Liparis,Orchidaceae
17354,Liparis spectabilis,Liparis,Orchidaceae
17355,Liparis tenella,Liparis,Orchidaceae
17359,Liparis tricallosa,Liparis,Orchidaceae
17364,Liparis viridiflora,Liparis,Orchidaceae
17377,Litchi chinensis,Litchi,Sapindaceae
17380,Lithocarpus andersonii,Lithocarpus,Fagaceae
17383,Lithocarpus bancanus,Lithocarpus,Fagaceae
17384,Lithocarpus beccarianus,Lithocarpus,Fagaceae
17385,Lithocarpus bennettii,Lithocarpus,Fagaceae
17387,Lithocarpus blumeanus,Lithocarpus,Fagaceae
17389,Lithocarpus bullatus,Lithocarpus,Fagaceae
17390,Lithocarpus burkillii,Lithocarpus,Fagaceae
17391,Lithocarpus cantleyanus,Lithocarpus,Fagaceae
17392,Lithocarpus caudatifolius,Lithocarpus,Fagaceae
17393,Lithocarpus celebicus,Lithocarpus,Fagaceae
17395,Lithocarpus clementianus,Lithocarpus,Fagaceae
17396,Lithocarpus confertus,Lithocarpus,Fagaceae
17397,Lithocarpus confragosus,Lithocarpus,Fagaceae
17398,Lithocarpus conocarpus,Lithocarpus,Fagaceae
17399,Lithocarpus coopertus,Lithocarpus,Fagaceae
17402,Lithocarpus cyclophorus,Lithocarpus,Fagaceae
17403,Lithocarpus daphnoideus,Lithocarpus,Fagaceae
17404,Lithocarpus dasystachyus,Lithocarpus,Fagaceae
17405,Lithocarpus echinifer,Lithocarpus,Fagaceae
17406,Lithocarpus echinulatus,Lithocarpus,Fagaceae
17408,Lithocarpus elegans,Lithocarpus,Fagaceae
17409,Lithocarpus encleisacarpus,Lithocarpus,Fagaceae
17410,Lithocarpus ewyckii,Lithocarpus,Fagaceae
17411,Lithocarpus ferrugineus,Lithocarpus,Fagaceae
17413,Lithocarpus gracilis,Lithocarpus,Fagaceae
17414,Lithocarpus hallieri,Lithocarpus,Fagaceae
17416,Lithocarpus hatusimae,Lithocarpus,Fagaceae
17417,Lithocarpus havilandii,Lithocarpus,Fagaceae
17419,Lithocarpus hystrix,Lithocarpus,Fagaceae
17422,Lithocarpus jacobsii,Lithocarpus,Fagaceae
17423,Lithocarpus javensis,Lithocarpus,Fagaceae
17424,Lithocarpus kalkmanii,Lithocarpus,Fagaceae
17426,Lithocarpus kostermansii,Lithocarpus,Fagaceae
17427,Lithocarpus kunstleri,Lithocarpus,Fagaceae
17428,Lithocarpus lampadarius,Lithocarpus,Fagaceae
17429,Lithocarpus lappaceus,Lithocarpus,Fagaceae
17431,Lithocarpus leptogyne,Lithocarpus,Fagaceae
17433,Lithocarpus lucidus,Lithocarpus,Fagaceae
17434,Lithocarpus luteus,Lithocarpus,Fagaceae
17436,Lithocarpus maingayi,Lithocarpus,Fagaceae
17437,Lithocarpus mariae,Lithocarpus,Fagaceae
17439,Lithocarpus meijeri,Lithocarpus,Fagaceae
17444,Lithocarpus neorobinsonii,Lithocarpus,Fagaceae
17445,Lithocarpus nieuwenhuisii,Lithocarpus,Fagaceae
17446,Lithocarpus nodosus,Lithocarpus,Fagaceae
17450,Lithocarpus ovalis,Lithocarpus,Fagaceae
17451,Lithocarpus pallidus,Lithocarpus,Fagaceae
17452,Lithocarpus papillifer,Lithocarpus,Fagaceae
17456,Lithocarpus pseudokunstleri,Lithocarpus,Fagaceae
17458,Lithocarpus pseudoreinwardtii,Lithocarpus,Fagaceae
17459,Lithocarpus pulcher,Lithocarpus,Fagaceae
17460,Lithocarpus pulongtauensis,Lithocarpus,Fagaceae
17461,Lithocarpus pusillus,Lithocarpus,Fagaceae
17462,Lithocarpus rassa,Lithocarpus,Fagaceae
17465,Lithocarpus rigidus,Lithocarpus,Fagaceae
17468,Lithocarpus rufus,Lithocarpus,Fagaceae
17469,Lithocarpus ruminatus,Lithocarpus,Fagaceae
17470,Lithocarpus scyphiger,Lithocarpus,Fagaceae
17471,Lithocarpus sericobalanos,Lithocarpus,Fagaceae
17475,Lithocarpus sundaicus,Lithocarpus,Fagaceae
17477,Lithocarpus urceolaris,Lithocarpus,Fagaceae
17479,Lithocarpus wallichianus,Lithocarpus,Fagaceae
17480,Lithocarpus wrayi,Lithocarpus,Fagaceae
17482,Litsea aban-gibotii,Litsea,Lauraceae
17483,Litsea accedens,Litsea,Lauraceae
17484,Litsea accedens var. kinabaluensis,Litsea,Lauraceae
17493,Litsea andreana,Litsea,Lauraceae
17494,Litsea angulata,Litsea,Lauraceae
17496,Litsea artocarpifolia,Litsea,Lauraceae
17499,Litsea barringtonioides,Litsea,Lauraceae
17503,Litsea borneensis,Litsea,Lauraceae
17504,Litsea brachystachya,Litsea,Lauraceae
17511,Litsea calophyllantha,Litsea,Lauraceae
17514,Litsea castanea,Litsea,Lauraceae
17516,Litsea caulocarpa,Litsea,Lauraceae
17519,Litsea chewii,Litsea,Lauraceae
17529,Litsea cordata,Litsea,Lauraceae
17530,Litsea costalis,Litsea,Lauraceae
17531,Litsea crassifolia,Litsea,Lauraceae
17534,Litsea cubeba,Litsea,Lauraceae
17536,Litsea cuprea,Litsea,Lauraceae
17542,Litsea discocalyx,Litsea,Lauraceae
17543,Litsea diversifolia,Litsea,Lauraceae
17545,Litsea elliptica,Litsea,Lauraceae
17546,Litsea ellipticibacca,Litsea,Lauraceae
17547,Litsea elmeri,Litsea,Lauraceae
17550,Litsea erectinervia,Litsea,Lauraceae
17552,Litsea fenestrata,Litsea,Lauraceae
17553,Litsea ferruginea,Litsea,Lauraceae
17554,Litsea ficoidea,Litsea,Lauraceae
17559,Litsea forstenii,Litsea,Lauraceae
17560,Litsea fulva,Litsea,Lauraceae
17562,Litsea garciae,Litsea,Lauraceae
17568,Litsea globosa,Litsea,Lauraceae
17569,Litsea globularia,Litsea,Lauraceae
17571,Litsea gracilipes,Litsea,Lauraceae
17572,Litsea grandis,Litsea,Lauraceae
17573,Litsea grisea,Litsea,Lauraceae
17581,Litsea impressa,Litsea,Lauraceae
17582,Litsea insignis,Litsea,Lauraceae
17586,Litsea johorensis,Litsea,Lauraceae
17589,Litsea lanceolata,Litsea,Lauraceae
17590,Litsea lancifolia,Litsea,Lauraceae
17592,Litsea lancifolia var. rheophytica,Litsea,Lauraceae
17595,Litsea lithocarpoides,Litsea,Lauraceae
17597,Litsea machilifolia,Litsea,Lauraceae
17599,Litsea maingayi,Litsea,Lauraceae
17601,Litsea megalophylla,Litsea,Lauraceae
17604,Litsea micrantha,Litsea,Lauraceae
17609,Litsea montis-dulit,Litsea,Lauraceae
17615,Litsea nervosa,Litsea,Lauraceae
17616,Litsea nigricans,Litsea,Lauraceae
17617,Litsea noronhae,Litsea,Lauraceae
17620,Litsea oppositifolia,Litsea,Lauraceae
17621,Litsea orocola,Litsea,Lauraceae
17625,Litsea pallidifolia,Litsea,Lauraceae
17626,Litsea panamanja,Litsea,Lauraceae
17630,Litsea pentagona,Litsea,Lauraceae
17637,Litsea pruriens,Litsea,Lauraceae
17641,Litsea punctata,Litsea,Lauraceae
17643,Litsea resinosa,Litsea,Lauraceae
17646,Litsea robusta,Litsea,Lauraceae
17649,Litsea rubicunda,Litsea,Lauraceae
17650,Litsea rubiginosa,Litsea,Lauraceae
17652,Litsea sandakanensis,Litsea,Lauraceae
17656,Litsea sessiliflora var. othmanii,Litsea,Lauraceae
17657,Litsea sessilis,Litsea,Lauraceae
17664,Litsea subumbelliflora,Litsea,Lauraceae
17666,Litsea sumatrana,Litsea,Lauraceae
17671,Litsea timoriana,Litsea,Lauraceae
17672,Litsea tomentosa,Litsea,Lauraceae
17675,Litsea turfosa,Litsea,Lauraceae
17676,Litsea umbellata,Litsea,Lauraceae
17677,Litsea unita,Litsea,Lauraceae
17678,Litsea utilis,Litsea,Lauraceae
17679,Litsea varians,Litsea,Lauraceae
17687,Livistona saribus,Livistona,Arecaceae
17688,Lobelia alsinoides,Lobelia,Campanulaceae
17690,Lobelia angulata,Lobelia,Campanulaceae
17691,Lobelia borneensis,Lobelia,Campanulaceae
17701,Lobelia montana,Lobelia,Campanulaceae
17709,Lobelia zeylanica,Lobelia,Campanulaceae
17711,Loeseneriella macrantha,Loeseneriella,Celastraceae
17719,Lomagramma brooksii,Lomagramma,Dryopteridaceae
17722,Lomagramma lomarioides,Lomagramma,Dryopteridaceae
17724,Lomagramma merrillii,Lomagramma,Dryopteridaceae
17728,Lomagramma sinuata,Lomagramma,Dryopteridaceae
17735,Lomariopsis lineata,Lomariopsis,Lomariopsidaceae
17738,Lomariopsis pteridiformis,Lomariopsis,Lomariopsidaceae
17739,Lomariopsis spectabilis,Lomariopsis,Lomariopsidaceae
17747,Lophatherum gracile,Lophatherum,Poaceae
17748,Lophopetalum beccarianum,Lophopetalum,Celastraceae
17750,Lophopetalum glabrum,Lophopetalum,Celastraceae
17751,Lophopetalum javanicum,Lophopetalum,Celastraceae
17755,Lophopetalum multinervium,Lophopetalum,Celastraceae
17757,Lophopetalum pallidum,Lophopetalum,Celastraceae
17758,Lophopetalum rigidum,Lophopetalum,Celastraceae
17759,Lophopetalum sessilifolium,Lophopetalum,Celastraceae
17760,Lophopetalum subobovatum,Lophopetalum,Celastraceae
17762,Lophopetalum torricellense,Lophopetalum,Celastraceae
17763,Lophopetalum wallichii,Lophopetalum,Celastraceae
17764,Lophopetalum wightianum,Lophopetalum,Celastraceae
17768,Lophostemon suaveolens,Lophostemon,Myrtaceae
17769,Loropetalum chinense,Loropetalum,Hamamelidaceae
17772,Loxanthera speciosa,Loxanthera,Loranthaceae
17774,Loxocarpus conicapsularis,Loxocarpus,Gesneriaceae
17776,Loxocarpus repens,Loxocarpus,Gesneriaceae
17777,Loxocarpus rufescens,Loxocarpus,Gesneriaceae
17779,Loxocarpus stapfii,Loxocarpus,Gesneriaceae
17781,Loxogramme antrophyoides,Loxogramme,Polypodiaceae
17782,Loxogramme antrophyoides var. rheophila,Loxogramme,Polypodiaceae
17783,Loxogramme avenia,Loxogramme,Polypodiaceae
17784,Loxogramme carinata,Loxogramme,Polypodiaceae
17788,Loxogramme forbesii,Loxogramme,Polypodiaceae
17789,Loxogramme involuta,Loxogramme,Polypodiaceae
17791,Loxogramme nidiformis,Loxogramme,Polypodiaceae
17796,Loxogramme scolopendrioides,Loxogramme,Polypodiaceae
17799,Loxogramme wallichiana,Loxogramme,Polypodiaceae
17800,Loxonia burttiana,Loxonia,Gesneriaceae
17802,Loxonia hirsuta,Loxonia,Gesneriaceae
17803,Ludekia borneensis,Ludekia,Rubiaceae
17805,Ludwigia adscendens,Ludwigia,Onagraceae
17806,Ludwigia epilobioides,Ludwigia,Onagraceae
17807,Ludwigia hyssopifolia,Ludwigia,Onagraceae
17810,Ludwigia linifolia,Ludwigia,Onagraceae
17816,Luisia antennifera,Luisia,Orchidaceae
17820,Luisia curtisii,Luisia,Orchidaceae
17826,Luisia volucris,Luisia,Orchidaceae
17827,Luisia zollingeri,Luisia,Orchidaceae
17828,Lumnitzera littorea,Lumnitzera,Combretaceae
17829,Lumnitzera racemosa,Lumnitzera,Combretaceae
17831,Lunasia amara,Lunasia,Rutaceae
17833,Luvunga borneensis,Luvunga,Rutaceae
17834,Luvunga crassifolia,Luvunga,Rutaceae
17838,Luvunga sarmentosa,Luvunga,Rutaceae
17847,Lycianthes biflora,Lycianthes,Solanaceae
17857,Lycianthes laevis,Lycianthes,Solanaceae
17860,Lycianthes minutipila,Lycianthes,Solanaceae
17865,Lycianthes parasitica,Lycianthes,Solanaceae
17870,Lycopodiella cernua,Lycopodiella,Lycopodiaceae
17875,Lycopodium casuarinoides,Lycopodium,Lycopodiaceae
17876,Lycopodium clavatum,Lycopodium,Lycopodiaceae
17881,Lycopodium scariosum,Lycopodium,Lycopodiaceae
17884,Lycopodium volubile,Lycopodium,Lycopodiaceae
17888,Lygodium auriculatum,Lygodium,Lygodiaceae
17889,Lygodium borneense,Lygodium,Lygodiaceae
17890,Lygodium circinnatum,Lygodium,Lygodiaceae
17892,Lygodium flexuosum,Lygodium,Lygodiaceae
17893,Lygodium japonicum,Lygodium,Lygodiaceae
17894,Lygodium longifolium,Lygodium,Lygodiaceae
17895,Lygodium merrillii,Lygodium,Lygodiaceae
17896,Lygodium microphyllum,Lygodium,Lygodiaceae
17898,Lygodium radiatum,Lygodium,Lygodiaceae
17899,Lygodium salicifolium,Lygodium,Lygodiaceae
17900,Lygodium trifurcatum,Lygodium,Lygodiaceae
17901,Lygodium versteegii,Lygodium,Lygodiaceae
17908,Lysimachia laxa,Lysimachia,Primulaceae
17917,Maasia glauca,Maasia,Annonaceae
17918,Maasia hypoleuca,Maasia,Annonaceae
17919,Maasia ovalifolia,Maasia,Annonaceae
17920,Maasia sumatrana,Maasia,Annonaceae
17923,Macaranga aetheadenia,Macaranga,Euphorbiaceae
17927,Macaranga amissa,Macaranga,Euphorbiaceae
17928,Macaranga anceps,Macaranga,Euphorbiaceae
17931,Macaranga angulata,Macaranga,Euphorbiaceae
17933,Macaranga baccaureifolia,Macaranga,Euphorbiaceae
17934,Macaranga bancana,Macaranga,Euphorbiaceae
17936,Macaranga beccariana,Macaranga,Euphorbiaceae
17940,Macaranga brachythyrsa,Macaranga,Euphorbiaceae
17941,Macaranga brevipetiolata,Macaranga,Euphorbiaceae
17944,Macaranga caladiifolia,Macaranga,Euphorbiaceae
17945,Macaranga calcicola,Macaranga,Euphorbiaceae
17954,Macaranga conifera,Macaranga,Euphorbiaceae
17956,Macaranga costulata,Macaranga,Euphorbiaceae
17964,Macaranga denticulata,Macaranga,Euphorbiaceae
17965,Macaranga depressa,Macaranga,Euphorbiaceae
17966,Macaranga depressa f. glabra,Macaranga,Euphorbiaceae
17967,Macaranga depressa f. strigosa,Macaranga,Euphorbiaceae
17968,Macaranga didymocarpa,Macaranga,Euphorbiaceae
17969,Macaranga diepenhorstii,Macaranga,Euphorbiaceae
17971,Macaranga eloba,Macaranga,Euphorbiaceae
17972,Macaranga endertii,Macaranga,Euphorbiaceae
17976,Macaranga fulva,Macaranga,Euphorbiaceae
17977,Macaranga gigantea,Macaranga,Euphorbiaceae
17978,Macaranga gigantifolia,Macaranga,Euphorbiaceae
17982,Macaranga glandibracteolata,Macaranga,Euphorbiaceae
17987,Macaranga havilandii,Macaranga,Euphorbiaceae
17991,Macaranga hosei,Macaranga,Euphorbiaceae
17992,Macaranga hullettii,Macaranga,Euphorbiaceae
17993,Macaranga hypoleuca,Macaranga,Euphorbiaceae
17995,Macaranga inamoena,Macaranga,Euphorbiaceae
17997,Macaranga indistincta,Macaranga,Euphorbiaceae
18002,Macaranga javanica,Macaranga,Euphorbiaceae
18003,Macaranga kinabaluensis,Macaranga,Euphorbiaceae
18004,Macaranga kingii,Macaranga,Euphorbiaceae
18007,Macaranga lamellata,Macaranga,Euphorbiaceae
18012,Macaranga lowii,Macaranga,Euphorbiaceae
18020,Macaranga motleyana,Macaranga,Euphorbiaceae
18026,Macaranga pachyphylla,Macaranga,Euphorbiaceae
18031,Macaranga pearsonii,Macaranga,Euphorbiaceae
18033,Macaranga petanostyla,Macaranga,Euphorbiaceae
18040,Macaranga pruinosa,Macaranga,Euphorbiaceae
18041,Macaranga puberula,Macaranga,Euphorbiaceae
18043,Macaranga puncticulata,Macaranga,Euphorbiaceae
18044,Macaranga puncticulata var. tenuiramea,Macaranga,Euphorbiaceae
18047,Macaranga rarispina,Macaranga,Euphorbiaceae
18048,Macaranga recurvata,Macaranga,Euphorbiaceae
18050,Macaranga repandodentata,Macaranga,Euphorbiaceae
18061,Macaranga spathicalyx,Macaranga,Euphorbiaceae
18065,Macaranga strigosissima,Macaranga,Euphorbiaceae
18069,Macaranga tanarius,Macaranga,Euphorbiaceae
18075,Macaranga trichocarpa,Macaranga,Euphorbiaceae
18076,Macaranga triloba,Macaranga,Euphorbiaceae
18078,Macaranga umbrosa,Macaranga,Euphorbiaceae
18080,Macaranga velutina,Macaranga,Euphorbiaceae
18084,Macaranga winkleri,Macaranga,Euphorbiaceae
18086,Machaerina aspericaulis,Machaerina,Cyperaceae
18087,Machaerina disticha,Machaerina,Cyperaceae
18097,Machilus declinatus,Machilus,Lauraceae
18102,Machilus rimosus,Machilus,Lauraceae
18111,Maclura cochinchinensis,Maclura,Moraceae
18114,Maclurodendron porteri,Maclurodendron,Rutaceae
18115,Macodes angustilabris,Macodes,Orchidaceae
18119,Macodes petola,Macodes,Orchidaceae
18125,Macrolenes atrobrunnea,Macrolenes,Melastomataceae
18126,Macrolenes bipulvinata,Macrolenes,Melastomataceae
18130,Macrolenes hirsuta,Macrolenes,Melastomataceae
18131,Macrolenes hirsutoidea,Macrolenes,Melastomataceae
18136,Macrolenes nemorosa,Macrolenes,Melastomataceae
18137,Macrolenes pachygyna,Macrolenes,Melastomataceae
18138,Macrolenes porphyrocarpa,Macrolenes,Melastomataceae
18139,Macrolenes rostrata,Macrolenes,Melastomataceae
18140,Macrolenes stellulata,Macrolenes,Melastomataceae
18142,Macrolenes tuberculata,Macrolenes,Melastomataceae
18143,Macrolenes veldkampii,Macrolenes,Melastomataceae
18155,Macropsychanthus hexander,Macropsychanthus,Fabaceae
18163,Macrosolen beccarii,Macrosolen,Loranthaceae
18165,Macrosolen brevitubus,Macrosolen,Loranthaceae
18166,Macrosolen cochinchinensis,Macrosolen,Loranthaceae
18168,Macrosolen flammeus,Macrosolen,Loranthaceae
18169,Macrosolen formosus,Macrosolen,Loranthaceae
18172,Macrosolen macrophyllus,Macrosolen,Loranthaceae
18173,Macrosolen melintangensis,Macrosolen,Loranthaceae
18174,Macrosolen platyphyllus,Macrosolen,Loranthaceae
18176,Macrosolen retusus,Macrosolen,Loranthaceae
18179,Macrosolen tubiflorus,Macrosolen,Loranthaceae
18180,Macrothelypteris multiseta,Macrothelypteris,Thelypteridaceae
18185,Macrothelypteris torresiana,Macrothelypteris,Thelypteridaceae
18187,Madhuca barbata,Madhuca,Sapotaceae
18188,Madhuca betis,Madhuca,Sapotaceae
18190,Madhuca borneensis,Madhuca,Sapotaceae
18192,Madhuca burckiana,Madhuca,Sapotaceae
18193,Madhuca cheongiana,Madhuca,Sapotaceae
18196,Madhuca crassipes,Madhuca,Sapotaceae
18199,Madhuca curtisii,Madhuca,Sapotaceae
18201,Madhuca dubardii,Madhuca,Sapotaceae
18202,Madhuca elmeri,Madhuca,Sapotaceae
18203,Madhuca endertii,Madhuca,Sapotaceae
18204,Madhuca engkikiana,Madhuca,Sapotaceae
18205,Madhuca engleri,Madhuca,Sapotaceae
18207,Madhuca glabrescens,Madhuca,Sapotaceae
18208,Madhuca heynei,Madhuca,Sapotaceae
18210,Madhuca kingiana,Madhuca,Sapotaceae
18211,Madhuca korthalsii,Madhuca,Sapotaceae
18213,Madhuca kunstleri,Madhuca,Sapotaceae
18215,Madhuca lancifolia,Madhuca,Sapotaceae
18219,Madhuca ligulata,Madhuca,Sapotaceae
18222,Madhuca magnifolia,Madhuca,Sapotaceae
18223,Madhuca malaccensis,Madhuca,Sapotaceae
18224,Madhuca markleeana,Madhuca,Sapotaceae
18226,Madhuca mindanaensis,Madhuca,Sapotaceae
18227,Madhuca montana,Madhuca,Sapotaceae
18228,Madhuca monticola,Madhuca,Sapotaceae
18229,Madhuca motleyana,Madhuca,Sapotaceae
18230,Madhuca multinervia,Madhuca,Sapotaceae
18232,Madhuca ochracea,Madhuca,Sapotaceae
18236,Madhuca palembanica,Madhuca,Sapotaceae
18237,Madhuca pallida,Madhuca,Sapotaceae
18239,Madhuca primoplagensis,Madhuca,Sapotaceae
18241,Madhuca pubicalyx,Madhuca,Sapotaceae
18242,Madhuca sandakanensis,Madhuca,Sapotaceae
18244,Madhuca sepilokensis,Madhuca,Sapotaceae
18245,Madhuca sericea,Madhuca,Sapotaceae
18246,Madhuca sessiliflora,Madhuca,Sapotaceae
18247,Madhuca sessilis,Madhuca,Sapotaceae
18248,Madhuca silamensis,Madhuca,Sapotaceae
18249,Madhuca spectabilis,Madhuca,Sapotaceae
18250,Madhuca stylosa,Madhuca,Sapotaceae
18251,Madhuca utilis,Madhuca,Sapotaceae
18253,Madhuca vulpina,Madhuca,Sapotaceae
18254,Madhuca woodii,Madhuca,Sapotaceae
18273,Maesa impressinervis,Maesa,Primulaceae
18281,Maesa macrocarpa,Maesa,Primulaceae
18282,Maesa macrothyrsa,Maesa,Primulaceae
18301,Maesa ramentacea,Maesa,Primulaceae
18311,Maesa striata,Maesa,Primulaceae
18318,Magnolia acuminata,Magnolia,Magnoliaceae
18320,Magnolia ashtonii,Magnolia,Magnoliaceae
18322,Magnolia beccarii,Magnolia,Magnoliaceae
18323,Magnolia betongensis,Magnolia,Magnoliaceae
18324,Magnolia bintuluensis,Magnolia,Magnoliaceae
18325,Magnolia borneensis,Magnolia,Magnoliaceae
18329,Magnolia carsonii var. drymifolia,Magnolia,Magnoliaceae
18331,Magnolia champaca,Magnolia,Magnoliaceae
18334,Magnolia compressa,Magnolia,Magnoliaceae
18336,Magnolia elegans,Magnolia,Magnoliaceae
18338,Magnolia gigantifolia,Magnolia,Magnoliaceae
18342,Magnolia lasia,Magnolia,Magnoliaceae
18343,Magnolia liliifera,Magnolia,Magnoliaceae
18344,Magnolia macklottii,Magnolia,Magnoliaceae
18346,Magnolia montana,Magnolia,Magnoliaceae
18349,Magnolia sarawakensis,Magnolia,Magnoliaceae
18352,Magnolia singapurensis,Magnolia,Magnoliaceae
18357,Magnolia tsiampacca,Magnolia,Magnoliaceae
18358,Magnolia tsiampacca subsp. mollis,Magnolia,Magnoliaceae
18361,Magnolia villosa,Magnolia,Magnoliaceae
18376,Mallotus brachythyrsus,Mallotus,Euphorbiaceae
18377,Mallotus brevipetiolatus,Mallotus,Euphorbiaceae
18378,Mallotus caudatus,Mallotus,Euphorbiaceae
18381,Mallotus connatus,Mallotus,Euphorbiaceae
18384,Mallotus dispar,Mallotus,Euphorbiaceae
18385,Mallotus eximius,Mallotus,Euphorbiaceae
18386,Mallotus floribundus,Mallotus,Euphorbiaceae
18388,Mallotus korthalsii,Mallotus,Euphorbiaceae
18389,Mallotus lackeyi,Mallotus,Euphorbiaceae
18390,Mallotus lancifolius,Mallotus,Euphorbiaceae
18392,Mallotus leucocalyx,Mallotus,Euphorbiaceae
18393,Mallotus leucodermis,Mallotus,Euphorbiaceae
18394,Mallotus macrostachyus,Mallotus,Euphorbiaceae
18396,Mallotus minimifructus,Mallotus,Euphorbiaceae
18397,Mallotus miquelianus,Mallotus,Euphorbiaceae
18398,Mallotus mollissimus,Mallotus,Euphorbiaceae
18399,Mallotus muticus,Mallotus,Euphorbiaceae
18400,Mallotus nudiflorus,Mallotus,Euphorbiaceae
18402,Mallotus paniculatus,Mallotus,Euphorbiaceae
18403,Mallotus peltatus,Mallotus,Euphorbiaceae
18404,Mallotus philippensis,Mallotus,Euphorbiaceae
18407,Mallotus repandus,Mallotus,Euphorbiaceae
18410,Mallotus rufidulus,Mallotus,Euphorbiaceae
18412,Mallotus spinifructus,Mallotus,Euphorbiaceae
18413,Mallotus sumatranus,Mallotus,Euphorbiaceae
18416,Mallotus tiliifolius,Mallotus,Euphorbiaceae
18418,Mallotus wrayi,Mallotus,Euphorbiaceae
18420,Malus ombrophila,Malus,Rosaceae
18423,Mammea acuminata,Mammea,Calophyllaceae
18424,Mammea anastomosans,Mammea,Calophyllaceae
18426,Mammea brevipetiolata,Mammea,Calophyllaceae
18427,Mammea calciphila,Mammea,Calophyllaceae
18428,Mammea calophylloides,Mammea,Calophyllaceae
18433,Mammea odorata,Mammea,Calophyllaceae
18436,Mammea reticulata,Mammea,Calophyllaceae
18437,Mammea sessiliflora,Mammea,Calophyllaceae
18441,Mammea woodii,Mammea,Calophyllaceae
18444,Mangifera applanata,Mangifera,Anacardiaceae
18445,Mangifera blommesteinii,Mangifera,Anacardiaceae
18448,Mangifera caesia,Mangifera,Anacardiaceae
18449,Mangifera campnospermoides,Mangifera,Anacardiaceae
18451,Mangifera decandra,Mangifera,Anacardiaceae
18453,Mangifera foetida,Mangifera,Anacardiaceae
18454,Mangifera gedebe,Mangifera,Anacardiaceae
18455,Mangifera gracilipes,Mangifera,Anacardiaceae
18456,Mangifera griffithii,Mangifera,Anacardiaceae
18457,Mangifera havilandii,Mangifera,Anacardiaceae
18461,Mangifera laurina,Mangifera,Anacardiaceae
18463,Mangifera macrocarpa,Mangifera,Anacardiaceae
18464,Mangifera magnifica,Mangifera,Anacardiaceae
18466,Mangifera odorata,Mangifera,Anacardiaceae
18468,Mangifera pajang,Mangifera,Anacardiaceae
18470,Mangifera parvifolia,Mangifera,Anacardiaceae
18472,Mangifera quadrifida,Mangifera,Anacardiaceae
18473,Mangifera rubropetala,Mangifera,Anacardiaceae
18474,Mangifera rufocostata,Mangifera,Anacardiaceae
18475,Mangifera similis,Mangifera,Anacardiaceae
18480,Mangifera swintonioides,Mangifera,Anacardiaceae
18487,Manilkara fasciculata,Manilkara,Sapotaceae
18489,Manilkara kauki,Manilkara,Sapotaceae
18493,Maoutia australis,Maoutia,Urticaceae
18503,Mapania bancana,Mapania,Cyperaceae
18504,Mapania borneensis,Mapania,Cyperaceae
18505,Mapania caudata,Mapania,Cyperaceae
18507,Mapania cuspidata,Mapania,Cyperaceae
18508,Mapania cuspidata var. angustifolia,Mapania,Cyperaceae
18509,Mapania debilis,Mapania,Cyperaceae
18510,Mapania enodis,Mapania,Cyperaceae
18511,Mapania foxworthyi,Mapania,Cyperaceae
18512,Mapania graminea,Mapania,Cyperaceae
18513,Mapania hispida,Mapania,Cyperaceae
18516,Mapania latifolia,Mapania,Cyperaceae
18517,Mapania longiflora,Mapania,Cyperaceae
18518,Mapania lorea,Mapania,Cyperaceae
18520,Mapania macrocephala subsp. longifolia,Mapania,Cyperaceae
18522,Mapania meditensis,Mapania,Cyperaceae
18523,Mapania monostachya,Mapania,Cyperaceae
18525,Mapania obscuriflora,Mapania,Cyperaceae
18526,Mapania palustris,Mapania,Cyperaceae
18527,Mapania richardsii,Mapania,Cyperaceae
18528,Mapania sessilis,Mapania,Cyperaceae
18529,Mapania spadicea,Mapania,Cyperaceae
18530,Mapania squamata,Mapania,Cyperaceae
18531,Mapania sumatrana,Mapania,Cyperaceae
18533,Mapania tenuiscapa,Mapania,Cyperaceae
18534,Mapania wallichii,Mapania,Cyperaceae
18535,Mapania zeylanica,Mapania,Cyperaceae
18539,Maranthes corymbosa,Maranthes,Chrysobalanaceae
18541,Margaritaria indica,Margaritaria,Phyllanthaceae
18554,Marsdenia sultanis,Marsdenia,Apocynaceae
18555,Marsdenia tinctoria,Marsdenia,Apocynaceae
18557,Marsilea coromandeliana,Marsilea,Marsileaceae
18562,Marsypopetalum pallidum,Marsypopetalum,Annonaceae
18565,Mastersia bakeri,Mastersia,Fabaceae
18566,Mastixia arborea,Mastixia,Nyssaceae
18567,Mastixia cuspidata,Mastixia,Nyssaceae
18571,Mastixia macrocarpa,Mastixia,Nyssaceae
18573,Mastixia pentandra,Mastixia,Nyssaceae
18575,Mastixia pentandra subsp. scortechinii,Mastixia,Nyssaceae
18576,Mastixia rostrata,Mastixia,Nyssaceae
18577,Mastixia rostrata subsp. caudatifolia,Mastixia,Nyssaceae
18580,Mastixia trichotoma,Mastixia,Nyssaceae
18581,Mastixia trichotoma var. clarkeana,Mastixia,Nyssaceae
18582,Mastixia trichotoma var. korthalsiana,Mastixia,Nyssaceae
18583,Mastixia trichotoma var. maingayi,Mastixia,Nyssaceae
18584,Mastixia trichotoma var. rhynchocarpa,Mastixia,Nyssaceae
18589,Matonia foxworthyi,Matonia,Matoniaceae
18590,Matonia pectinata,Matonia,Matoniaceae
18593,Matthaea sancta,Matthaea,Monimiaceae
18594,Maytenus boaria,Maytenus,Celastraceae
18599,Medinilla aggregata,Medinilla,Melastomataceae
18603,Medinilla amplectens,Medinilla,Melastomataceae
18610,Medinilla atroviridis,Medinilla,Melastomataceae
18613,Medinilla beamanii,Medinilla,Melastomataceae
18615,Medinilla botryocarpa,Medinilla,Melastomataceae
18622,Medinilla clemensiana,Medinilla,Melastomataceae
18625,Medinilla corallina,Medinilla,Melastomataceae
18626,Medinilla crassifolia,Medinilla,Melastomataceae
18636,Medinilla endertii,Medinilla,Melastomataceae
18640,Medinilla eximia,Medinilla,Melastomataceae
18650,Medinilla homoeandra,Medinilla,Melastomataceae
18656,Medinilla kinabaluensis,Medinilla,Melastomataceae
18659,Medinilla lasioclados,Medinilla,Melastomataceae
18662,Medinilla laxiflora,Medinilla,Melastomataceae
18667,Medinilla macrophylla,Medinilla,Melastomataceae
18679,Medinilla muricata,Medinilla,Melastomataceae
18681,Medinilla myrtiformis,Medinilla,Melastomataceae
18690,Medinilla pedunculosa,Medinilla,Melastomataceae
18695,Medinilla pterocaula,Medinilla,Melastomataceae
18697,Medinilla quadrialata,Medinilla,Melastomataceae
18705,Medinilla rubicunda,Medinilla,Melastomataceae
18708,Medinilla rubrifrons,Medinilla,Melastomataceae
18711,Medinilla rufescens,Medinilla,Melastomataceae
18712,Medinilla rufopilosa,Medinilla,Melastomataceae
18714,Medinilla salicina,Medinilla,Melastomataceae
18718,Medinilla sessiliflora,Medinilla,Melastomataceae
18719,Medinilla sessilifolia,Medinilla,Melastomataceae
18720,Medinilla setigera,Medinilla,Melastomataceae
18724,Medinilla subauriculata,Medinilla,Melastomataceae
18725,Medinilla suberosa,Medinilla,Melastomataceae
18726,Medinilla succulenta,Medinilla,Melastomataceae
18740,Medinilla verrucosa,Medinilla,Melastomataceae
18765,Megistostigma glabratum,Megistostigma,Euphorbiaceae
18767,Meiogyne beccarii,Meiogyne,Annonaceae
18768,Meiogyne cylindrocarpa,Meiogyne,Annonaceae
18770,Meiogyne insularis,Meiogyne,Annonaceae
18774,Meiogyne virgata,Meiogyne,Annonaceae
18776,Meistera cerasina,Meistera,Zingiberaceae
18778,Meistera gyrolophos,Meistera,Zingiberaceae
18789,Melaleuca leucadendra,Melaleuca,Myrtaceae
18796,Melanochyla angustifolia,Melanochyla,Anacardiaceae
18797,Melanochyla auriculata,Melanochyla,Anacardiaceae
18798,Melanochyla beccariana,Melanochyla,Anacardiaceae
18799,Melanochyla borneensis,Melanochyla,Anacardiaceae
18800,Melanochyla bracteata,Melanochyla,Anacardiaceae
18801,Melanochyla bullata,Melanochyla,Anacardiaceae
18802,Melanochyla caesia,Melanochyla,Anacardiaceae
18803,Melanochyla castaneifolia,Melanochyla,Anacardiaceae
18804,Melanochyla densiflora,Melanochyla,Anacardiaceae
18805,Melanochyla elmeri,Melanochyla,Anacardiaceae
18806,Melanochyla fulvinervis,Melanochyla,Anacardiaceae
18807,Melanochyla minutiflora,Melanochyla,Anacardiaceae
18810,Melanolepis multiglandulosa,Melanolepis,Euphorbiaceae
18813,Melastoma ariffinii,Melastoma,Melastomataceae
18815,Melastoma barioense,Melastoma,Melastomataceae
18818,Melastoma borijanum,Melastoma,Melastomataceae
18819,Melastoma borijanum var. nitidum,Melastoma,Melastomataceae
18820,Melastoma borneense,Melastoma,Melastomataceae
18821,Melastoma botryanthum,Melastoma,Melastomataceae
18823,Melastoma bukitrayense,Melastoma,Melastomataceae
18826,Melastoma collinum,Melastoma,Melastomataceae
18828,Melastoma cyanoides,Melastoma,Melastomataceae
18831,Melastoma hansenii,Melastoma,Melastomataceae
18833,Melastoma imbricatum,Melastoma,Melastomataceae
18834,Melastoma impressinervium,Melastoma,Melastomataceae
18835,Melastoma kahayanense,Melastoma,Melastomataceae
18837,Melastoma kostermansii,Melastoma,Melastomataceae
18838,Melastoma kuchingense,Melastoma,Melastomataceae
18840,Melastoma longiramense,Melastoma,Melastomataceae
18842,Melastoma malabathricum,Melastoma,Melastomataceae
18843,Melastoma malabathricum subsp. normale,Melastoma,Melastomataceae
18847,Melastoma oresbium,Melastoma,Melastomataceae
18850,Melastoma palungense,Melastoma,Melastomataceae
18857,Melastoma sanguineum,Melastoma,Melastomataceae
18859,Melastoma sugaui,Melastoma,Melastomataceae
18867,Melastoma zollingeri,Melastoma,Melastomataceae
18870,Melia azedarach,Melia,Meliaceae
18872,Melicope accedens,Melicope,Rutaceae
18876,Melicope bonwickii,Melicope,Rutaceae
18883,Melicope denhamii,Melicope,Rutaceae
18892,Melicope glabra,Melicope,Rutaceae
18894,Melicope hookeri,Melicope,Rutaceae
18896,Melicope incana,Melicope,Rutaceae
18897,Melicope jugosa,Melicope,Rutaceae
18902,Melicope lunu-ankenda,Melicope,Rutaceae
18925,Melicope sororia,Melicope,Rutaceae
18928,Melicope subunifoliolata,Melicope,Rutaceae
18932,Melicope triphylla,Melicope,Rutaceae
18936,Melientha suavis,Melientha,Opiliaceae
18937,Melientha suavis subsp. macrocarpa,Melientha,Opiliaceae
18940,Meliosma lanceolata,Meliosma,Sabiaceae
18944,Meliosma pinnata,Meliosma,Sabiaceae
18947,Meliosma pinnata subsp. macrophylla,Meliosma,Sabiaceae
18948,Meliosma pinnata subsp. ridleyi,Meliosma,Sabiaceae
18951,Meliosma sarawakensis,Meliosma,Sabiaceae
18952,Meliosma simplicifolia,Meliosma,Sabiaceae
18953,Meliosma simplicifolia subsp. fruticosa,Meliosma,Sabiaceae
18955,Meliosma sumatrana,Meliosma,Sabiaceae
18959,Melochia corchorifolia,Melochia,Malvaceae
18962,Melochia umbellata,Melochia,Malvaceae
18965,Melodinus orientalis,Melodinus,Apocynaceae
18967,Memecylon acrocarpum,Memecylon,Melastomataceae
18968,Memecylon acuminatissimum,Memecylon,Melastomataceae
18969,Memecylon amplexicaule,Memecylon,Melastomataceae
18970,Memecylon bakerianum,Memecylon,Melastomataceae
18971,Memecylon borneense,Memecylon,Melastomataceae
18973,Memecylon calyptratum,Memecylon,Melastomataceae
18974,Memecylon campanulatum,Memecylon,Melastomataceae
18975,Memecylon cantleyi,Memecylon,Melastomataceae
18979,Memecylon confertiflorum,Memecylon,Melastomataceae
18981,Memecylon corticosum,Memecylon,Melastomataceae
18985,Memecylon durum,Memecylon,Melastomataceae
18986,Memecylon edule,Memecylon,Melastomataceae
18987,Memecylon excelsum,Memecylon,Melastomataceae
18988,Memecylon floridum,Memecylon,Melastomataceae
18990,Memecylon garcinioides,Memecylon,Melastomataceae
18996,Memecylon kunstleri,Memecylon,Melastomataceae
18999,Memecylon lilacinum,Memecylon,Melastomataceae
19000,Memecylon longifolium,Memecylon,Melastomataceae
19009,Memecylon oleifolium,Memecylon,Melastomataceae
19010,Memecylon oleifolium var. laurinum,Memecylon,Melastomataceae
19011,Memecylon ovatum,Memecylon,Melastomataceae
19012,Memecylon paniculatum,Memecylon,Melastomataceae
19014,Memecylon pergamentaceum,Memecylon,Melastomataceae
19015,Memecylon perplexum,Memecylon,Melastomataceae
19017,Memecylon pubescens,Memecylon,Melastomataceae
19019,Memecylon ruptile,Memecylon,Melastomataceae
19021,Memecylon scolopacinum,Memecylon,Melastomataceae
19023,Memecylon subcordifolium,Memecylon,Melastomataceae
19033,Merremia clemensiana,Merremia,Convolvulaceae
19034,Merremia crassinervia,Merremia,Convolvulaceae
19036,Merremia emarginata,Merremia,Convolvulaceae
19037,Merremia gemella,Merremia,Convolvulaceae
19038,Merremia gracilis,Merremia,Convolvulaceae
19039,Merremia hederacea,Merremia,Convolvulaceae
19040,Merremia hirta,Merremia,Convolvulaceae
19045,Mesophlebion beccarianum,Mesophlebion,Thelypteridaceae
19046,Mesophlebion trichopodum,Mesophlebion,Thelypteridaceae
19048,Mesua planigemma,Mesua,Calophyllaceae
19049,Mesua pustulata,Mesua,Calophyllaceae
19065,Mezoneuron cucullatum,Mezoneuron,Fabaceae
19069,Mezoneuron latisiliquum,Mezoneuron,Fabaceae
19071,Mezoneuron sumatranum,Mezoneuron,Fabaceae
19072,Mezzettia havilandii,Mezzettia,Annonaceae
19073,Mezzettia macrocarpa,Mezzettia,Annonaceae
19074,Mezzettia parviflora,Mezzettia,Annonaceae
19075,Mezzettia umbellata,Mezzettia,Annonaceae
19077,Mickelia nicotianifolia,Mickelia,Dryopteridaceae
19087,Micrechites lancifolius,Micrechites,Apocynaceae
19088,Micrechites polyanthus,Micrechites,Apocynaceae
19090,Micrechites serpyllifolius,Micrechites,Apocynaceae
19095,Microcos antidesmifolia,Microcos,Malvaceae
19096,Microcos antidesmifolia var. hirsuta,Microcos,Malvaceae
19099,Microcos borneensis,Microcos,Malvaceae
19104,Microcos cinnamomifolia,Microcos,Malvaceae
19105,Microcos crassifolia,Microcos,Malvaceae
19106,Microcos dulitensis,Microcos,Malvaceae
19107,Microcos fibrocarpa,Microcos,Malvaceae
19110,Microcos gracilis,Microcos,Malvaceae
19113,Microcos havilandii,Microcos,Malvaceae
19114,Microcos henrici,Microcos,Malvaceae
19115,Microcos henrici subsp. acuta,Microcos,Malvaceae
19116,Microcos hirsuta,Microcos,Malvaceae
19118,Microcos lanceolata,Microcos,Malvaceae
19122,Microcos laurifolia,Microcos,Malvaceae
19124,Microcos loerzingii,Microcos,Malvaceae
19125,Microcos opaca,Microcos,Malvaceae
19126,Microcos ossea,Microcos,Malvaceae
19127,Microcos pachyphylla,Microcos,Malvaceae
19128,Microcos paniculata,Microcos,Malvaceae
19129,Microcos paucicostata,Microcos,Malvaceae
19130,Microcos pearsonii,Microcos,Malvaceae
19132,Microcos phaneroneura,Microcos,Malvaceae
19133,Microcos reticulata,Microcos,Malvaceae
19134,Microcos riparia,Microcos,Malvaceae
19138,Microcos stylocarpoides,Microcos,Malvaceae
19139,Microcos subepetala,Microcos,Malvaceae
19140,Microcos sumatrana,Microcos,Malvaceae
19142,Microcos tomentosa,Microcos,Malvaceae
19143,Microcos triflora,Microcos,Malvaceae
19145,Microdesmis caseariifolia,Microdesmis,Pandaceae
19148,Microgramma percussa,Microgramma,Polypodiaceae
19149,Microgramma tobagensis,Microgramma,Polypodiaceae
19155,Microlepia hookeriana,Microlepia,Dennstaedtiaceae
19157,Microlepia manilensis,Microlepia,Dennstaedtiaceae
19162,Microlepia platyphylla,Microlepia,Dennstaedtiaceae
19163,Microlepia proxima,Microlepia,Dennstaedtiaceae
19165,Microlepia puberula,Microlepia,Dennstaedtiaceae
19166,Microlepia rheophila,Microlepia,Dennstaedtiaceae
19168,Microlepia ridleyi,Microlepia,Dennstaedtiaceae
19170,Microlepia speluncae,Microlepia,Dennstaedtiaceae
19171,Microlepia strigosa,Microlepia,Dennstaedtiaceae
19176,Micromelum minutum,Micromelum,Rutaceae
19177,Micropera callosa,Micropera,Orchidaceae
19180,Micropera fuscolutea,Micropera,Orchidaceae
19181,Micropera pallida,Micropera,Orchidaceae
19190,Microsaccus borneensis,Microsaccus,Orchidaceae
19193,Microsaccus griffithii,Microsaccus,Orchidaceae
19201,Microsorum heterocarpum,Microsorum,Polypodiaceae
19204,Microsorum krayanense,Microsorum,Polypodiaceae
19206,Microsorum membranifolium,Microsorum,Polypodiaceae
19207,Microsorum monstrosum,Microsorum,Polypodiaceae
19209,Microsorum punctatum,Microsorum,Polypodiaceae
19211,Microsorum sarawakense,Microsorum,Polypodiaceae
19214,Microsorum submarginale,Microsorum,Polypodiaceae
19217,Microstegium biaristatum,Microstegium,Poaceae
19225,Microstegium nudum,Microstegium,Poaceae
19227,Microstegium spectabile,Microstegium,Poaceae
19229,Microstegium tenue,Microstegium,Poaceae
19230,Microstegium vimineum,Microstegium,Poaceae
19237,Microtropis grandifolia,Microtropis,Celastraceae
19238,Microtropis kinabaluensis,Microtropis,Celastraceae
19240,Microtropis ovata,Microtropis,Celastraceae
19241,Microtropis platyphylla,Microtropis,Celastraceae
19245,Microtropis tetrameris,Microtropis,Celastraceae
19246,Microtropis valida,Microtropis,Celastraceae
19254,Miliusa macropoda,Miliusa,Annonaceae
19260,Millettia borneensis,Millettia,Fabaceae
19267,Millettia puerarioides,Millettia,Fabaceae
19269,Millettia sericea,Millettia,Fabaceae
19270,Millettia xylocarpa,Millettia,Fabaceae
19274,Mimosa natans,Mimosa,Fabaceae
19284,Mimusops elengi,Mimusops,Sapotaceae
19286,Miquelia caudata,Miquelia,Icacinaceae
19287,Miquelia celebica,Miquelia,Icacinaceae
19288,Miscanthus floridulus,Miscanthus,Poaceae
19289,Miscanthus sinensis,Miscanthus,Poaceae
19295,Mischocarpus pentapetalus,Mischocarpus,Sapindaceae
19298,Mischocarpus sundaicus,Mischocarpus,Sapindaceae
19301,Mitragyna parvifolia,Mitragyna,Rubiaceae
19302,Mitragyna speciosa,Mitragyna,Rubiaceae
19310,Mitrasacme prolifera,Mitrasacme,Loganiaceae
19311,Mitrasacme pygmaea,Mitrasacme,Loganiaceae
19315,Mitreola sphaerocarpa,Mitreola,Loganiaceae
19316,Mitrephora amdjahii,Mitrephora,Annonaceae
19317,Mitrephora clemensiorum,Mitrephora,Annonaceae
19319,Mitrephora endertii,Mitrephora,Annonaceae
19321,Mitrephora fragrans,Mitrephora,Annonaceae
19322,Mitrephora glabra,Mitrephora,Annonaceae
19323,Mitrephora imbricatarum-apicum,Mitrephora,Annonaceae
19324,Mitrephora korthalsiana,Mitrephora,Annonaceae
19325,Mitrephora kostermansii,Mitrephora,Annonaceae
19326,Mitrephora longipetala,Mitrephora,Annonaceae
19328,Mitrephora maingayi,Mitrephora,Annonaceae
19329,Mitrephora obtusa,Mitrephora,Annonaceae
19330,Mitrephora polypyrena,Mitrephora,Annonaceae
19342,Momordica cochinchinensis,Momordica,Cucurbitaceae
19343,Momordica denticulata,Momordica,Cucurbitaceae
19353,Monanthotaxis enghiana,Monanthotaxis,Annonaceae
19356,Monocarpia euneura,Monocarpia,Annonaceae
19357,Monocarpia kalimantanensis,Monocarpia,Annonaceae
19358,Monocarpia maingayi,Monocarpia,Annonaceae
19360,Monoon amischocarpum,Monoon,Annonaceae
19361,Monoon anomalum,Monoon,Annonaceae
19363,Monoon borneense,Monoon,Annonaceae
19366,Monoon clavigerum,Monoon,Annonaceae
19367,Monoon congestum,Monoon,Annonaceae
19368,Monoon congregatum,Monoon,Annonaceae
19369,Monoon coriaceum,Monoon,Annonaceae
19371,Monoon elongatum,Monoon,Annonaceae
19372,Monoon erianthoides,Monoon,Annonaceae
19373,Monoon fuscum,Monoon,Annonaceae
19374,Monoon gigantifolium,Monoon,Annonaceae
19376,Monoon grandiflorum,Monoon,Annonaceae
19377,Monoon grandifolium,Monoon,Annonaceae
19378,Monoon hookerianum,Monoon,Annonaceae
19379,Monoon hypogaeum,Monoon,Annonaceae
19381,Monoon klemmei,Monoon,Annonaceae
19382,Monoon lateriflorum,Monoon,Annonaceae
19384,Monoon macranthum,Monoon,Annonaceae
19391,Monoon paradoxum,Monoon,Annonaceae
19394,Monoon sclerophyllum,Monoon,Annonaceae
19396,Monoon sublanceolatum,Monoon,Annonaceae
19397,Monoon sympetalum,Monoon,Annonaceae
19398,Monoon xanthopetalum,Monoon,Annonaceae
19405,Monophyllaea glauca,Monophyllaea,Gesneriaceae
19409,Monophyllaea kostermansii,Monophyllaea,Gesneriaceae
19411,Monophyllaea merrilliana,Monophyllaea,Gesneriaceae
19414,Monophyllaea singularis,Monophyllaea,Gesneriaceae
19415,Monophyllaea stellata,Monophyllaea,Gesneriaceae
19418,Monosis conferta,Monosis,Asteraceae
19425,Morinda citrifolia,Morinda,Rubiaceae
19437,Moullava tortuosa,Moullava,Fabaceae
19438,Moultonianthus leembruggianus,Moultonianthus,Euphorbiaceae
19445,Mucuna elmeri,Mucuna,Fabaceae
19446,Mucuna gigantea,Mucuna,Fabaceae
19460,Mucuna pruriens,Mucuna,Fabaceae
19463,Mucuna revoluta,Mucuna,Fabaceae
19469,Mucuna toppingii,Mucuna,Fabaceae
19477,Muhlenbergia microsperma,Muhlenbergia,Poaceae
19487,Murdannia gigantea,Murdannia,Commelinaceae
19488,Murdannia japonica,Murdannia,Commelinaceae
19491,Murdannia nudiflora,Murdannia,Commelinaceae
19499,Murraya paniculata,Murraya,Rutaceae
19511,Musa borneensis,Musa,Musaceae
19518,Musa lawitiensis,Musa,Musaceae
19527,Musa tuberculata,Musa,Musaceae
19530,Mussaenda acuminata,Mussaenda,Rubiaceae
19538,Mussaenda elmeri,Mussaenda,Rubiaceae
19540,Mussaenda fissibractea,Mussaenda,Rubiaceae
19544,Mussaenda glabra,Mussaenda,Rubiaceae
19546,Mussaenda johannis-winkleri,Mussaenda,Rubiaceae
19547,Mussaenda lanuginosa,Mussaenda,Rubiaceae
19548,Mussaenda laxiflora,Mussaenda,Rubiaceae
19559,Mussaenda pubescens,Mussaenda,Rubiaceae
19565,Mussaenda sabahensis,Mussaenda,Rubiaceae
19571,Mussaenda villosa,Mussaenda,Rubiaceae
19572,Mussaendopsis beccariana,Mussaendopsis,Rubiaceae
19574,Mycaranthes citrina,Mycaranthes,Orchidaceae
19575,Mycaranthes farinosa,Mycaranthes,Orchidaceae
19578,Mycaranthes latifolia,Mycaranthes,Orchidaceae
19580,Mycaranthes lobata,Mycaranthes,Orchidaceae
19581,Mycaranthes magnicallosa,Mycaranthes,Orchidaceae
19583,Mycaranthes nieuwenhuisii,Mycaranthes,Orchidaceae
19584,Mycaranthes obliqua,Mycaranthes,Orchidaceae
19585,Mycaranthes oblitterata,Mycaranthes,Orchidaceae
19589,Mycaranthes sonkaris,Mycaranthes,Orchidaceae
19595,Mycetia cauliflora,Mycetia,Rubiaceae
19596,Mycetia fasciculata,Mycetia,Rubiaceae
19598,Mycetia javanica,Mycetia,Rubiaceae
19611,Myrcia chytraculia var. zuzygium,Myrcia,Myrtaceae
19614,Myrcia splendens,Myrcia,Myrtaceae
19632,Myriophyllum tuberculatum,Myriophyllum,Haloragaceae
19642,Myristica beccarii,Myristica,Myristicaceae
19645,Myristica borneensis,Myristica,Myristicaceae
19646,Myristica brassii,Myristica,Myristicaceae
19648,Myristica cinnamomea,Myristica,Myristicaceae
19652,Myristica crassa,Myristica,Myristicaceae
19657,Myristica depressa,Myristica,Myristicaceae
19661,Myristica elliptica,Myristica,Myristicaceae
19662,Myristica extensa,Myristica,Myristicaceae
19663,Myristica fallax,Myristica,Myristicaceae
19676,Myristica gigantea,Myristica,Myristicaceae
19680,Myristica guatteriifolia,Myristica,Myristicaceae
19686,Myristica iners,Myristica,Myristicaceae
19695,Myristica lancifolia,Myristica,Myristicaceae
19700,Myristica longipes,Myristica,Myristicaceae
19701,Myristica lowiana,Myristica,Myristicaceae
19704,Myristica malaccensis,Myristica,Myristicaceae
19706,Myristica maxima,Myristica,Myristicaceae
19714,Myristica pachyphylla,Myristica,Myristicaceae
19716,Myristica papyracea,Myristica,Myristicaceae
19727,Myristica simiarum,Myristica,Myristicaceae
19728,Myristica simiarum subsp. calcarea,Myristica,Myristicaceae
19730,Myristica smythiesii,Myristica,Myristicaceae
19753,Myristica villosa,Myristica,Myristicaceae
19757,Myristica wyatt-smithii,Myristica,Myristicaceae
19772,Myrmecodia tuberosa,Myrmecodia,Rubiaceae
19774,Myrmeconauclea stipulacea,Myrmeconauclea,Rubiaceae
19775,Myrmeconauclea strigosa,Myrmeconauclea,Rubiaceae
19776,Myrmeconauclea strigosa var. fluviatilis,Myrmeconauclea,Rubiaceae
19777,Myrmeconauclea surianii,Myrmeconauclea,Rubiaceae
19785,Myrsine aralioides,Myrsine,Primulaceae
19788,Myrsine avenis,Myrsine,Primulaceae
19789,Myrsine borneensis,Myrsine,Primulaceae
19796,Myrsine cruciata,Myrsine,Primulaceae
19797,Myrsine dasyphylla,Myrsine,Primulaceae
19798,Myrsine densiflora,Myrsine,Primulaceae
19800,Myrsine forbesii,Myrsine,Primulaceae
19813,Myrsine penibukana,Myrsine,Primulaceae
19815,Myrsine porteriana,Myrsine,Primulaceae
19821,Myrsine umbellata,Myrsine,Primulaceae
19827,Myxochlamys amphiloxa,Myxochlamys,Zingiberaceae
19828,Myxochlamys mullerensis,Myxochlamys,Zingiberaceae
19829,Myxopyrum nervosum,Myxopyrum,Oleaceae
19830,Myxopyrum nervosum subsp. coriaceum,Myxopyrum,Oleaceae
19832,Myxopyrum pierrei,Myxopyrum,Oleaceae
19835,Nageia motleyi,Nageia,Podocarpaceae
19837,Nageia wallichiana,Nageia,Podocarpaceae
19838,Naiadia zygoseta,Naiadia,Araceae
19840,Najas graminea,Najas,Hydrocharitaceae
19845,Najas malesiana,Najas,Hydrocharitaceae
19858,Narenga fallax,Narenga,Poaceae
19861,Nauclea officinalis,Nauclea,Rubiaceae
19862,Nauclea orientalis,Nauclea,Rubiaceae
19863,Nauclea parva,Nauclea,Rubiaceae
19865,Nauclea subdita,Nauclea,Rubiaceae
19874,Neckia serrata,Neckia,Ochnaceae
19878,Neesia altissima,Neesia,Malvaceae
19880,Neesia glabra,Neesia,Malvaceae
19882,Neesia malayana,Neesia,Malvaceae
19883,Neesia piluliflora,Neesia,Malvaceae
19884,Neesia purpurascens,Neesia,Malvaceae
19885,Neesia strigosa,Neesia,Malvaceae
19886,Neesia synandra,Neesia,Malvaceae
19890,Nekemias cantoniensis,Nekemias,Vitaceae
19896,Nenga pumila var. pachystachya,Nenga,Arecaceae
19905,Neodriessenia candelabra,Neodriessenia,Melastomataceae
19906,Neodriessenia hirta,Neodriessenia,Melastomataceae
19907,Neodriessenia scorpioidea,Neodriessenia,Melastomataceae
19908,Neohopea isoptera,Neohopea,Dipterocarpaceae
19909,Neolamarckia cadamba,Neolamarckia,Rubiaceae
19910,Neolamarckia macrophylla,Neolamarckia,Rubiaceae
19913,Neolitsea amabilis,Neolitsea,Lauraceae
19917,Neolitsea auricolor,Neolitsea,Lauraceae
19929,Neolitsea latifolia,Neolitsea,Lauraceae
19946,Neomussaenda kostermansiana,Neomussaenda,Rubiaceae
19947,Neomussaenda xanthophytoides,Neomussaenda,Rubiaceae
19949,Neonauclea angustifolia,Neonauclea,Rubiaceae
19951,Neonauclea artocarpoides,Neonauclea,Rubiaceae
19953,Neonauclea bartlingii var. cumingiana,Neonauclea,Rubiaceae
19955,Neonauclea borneensis,Neonauclea,Rubiaceae
19958,Neonauclea calycina,Neonauclea,Rubiaceae
19965,Neonauclea cyrtopoda,Neonauclea,Rubiaceae
19966,Neonauclea endertii,Neonauclea,Rubiaceae
19967,Neonauclea excelsa,Neonauclea,Rubiaceae
19968,Neonauclea excelsioides,Neonauclea,Rubiaceae
19969,Neonauclea gigantea,Neonauclea,Rubiaceae
19980,Neonauclea longipedunculata,Neonauclea,Rubiaceae
19985,Neonauclea paracyrtopoda,Neonauclea,Rubiaceae
19988,Neonauclea pseudoborneensis,Neonauclea,Rubiaceae
19989,Neonauclea pseudocalycina,Neonauclea,Rubiaceae
19991,Neonauclea purpurea,Neonauclea,Rubiaceae
20001,Neoscortechinia angustifolia,Neoscortechinia,Euphorbiaceae
20002,Neoscortechinia forbesii,Neoscortechinia,Euphorbiaceae
20003,Neoscortechinia kingii,Neoscortechinia,Euphorbiaceae
20004,Neoscortechinia nicobarica,Neoscortechinia,Euphorbiaceae
20005,Neoscortechinia philippinensis,Neoscortechinia,Euphorbiaceae
20006,Neoscortechinia sumatrensis,Neoscortechinia,Euphorbiaceae
20011,Neo-Uvaria acuminatissima,Neo-uvaria,Annonaceae
20012,Neo-Uvaria merrillii,Neo-uvaria,Annonaceae
20013,Neo-Uvaria parallelivenia,Neo-uvaria,Annonaceae
20015,Nepenthes × neglecta,Nepenthes,Nepenthaceae
20018,Nepenthes albomarginata,Nepenthes,Nepenthaceae
20019,Nepenthes ampullaria,Nepenthes,Nepenthaceae
20023,Nepenthes bicalcarata,Nepenthes,Nepenthaceae
20025,Nepenthes boschiana,Nepenthes,Nepenthaceae
20026,Nepenthes campanulata,Nepenthes,Nepenthaceae
20027,Nepenthes chaniana,Nepenthes,Nepenthaceae
20028,Nepenthes clipeata,Nepenthes,Nepenthaceae
20029,Nepenthes dactylifera,Nepenthes,Nepenthaceae
20035,Nepenthes ephippiata,Nepenthes,Nepenthaceae
20036,Nepenthes epiphytica,Nepenthes,Nepenthaceae
20037,Nepenthes eustachya,Nepenthes,Nepenthaceae
20040,Nepenthes fractiflexa,Nepenthes,Nepenthaceae
20041,Nepenthes fusca,Nepenthes,Nepenthaceae
20043,Nepenthes gracilis,Nepenthes,Nepenthaceae
20044,Nepenthes gymnamphora,Nepenthes,Nepenthaceae
20047,Nepenthes hirsuta,Nepenthes,Nepenthaceae
20048,Nepenthes hispida,Nepenthes,Nepenthaceae
20058,Nepenthes lowii,Nepenthes,Nepenthaceae
20059,Nepenthes mapuluensis,Nepenthes,Nepenthaceae
20061,Nepenthes maxima,Nepenthes,Nepenthaceae
20065,Nepenthes mollis,Nepenthes,Nepenthaceae
20074,Nepenthes pilosa,Nepenthes,Nepenthaceae
20076,Nepenthes pudica,Nepenthes,Nepenthaceae
20078,Nepenthes rafflesiana,Nepenthes,Nepenthaceae
20079,Nepenthes reinwardtiana,Nepenthes,Nepenthaceae
20087,Nepenthes tentaculata,Nepenthes,Nepenthaceae
20092,Nepenthes veitchii,Nepenthes,Nepenthaceae
20095,Nephelaphyllum gracile,Nephelaphyllum,Orchidaceae
20097,Nephelaphyllum pulchrum,Nephelaphyllum,Orchidaceae
20098,Nephelaphyllum tenuiflorum,Nephelaphyllum,Orchidaceae
20099,Nephelaphyllum trapoides,Nephelaphyllum,Orchidaceae
20100,Nephelium compressum,Nephelium,Sapindaceae
20102,Nephelium cuspidatum,Nephelium,Sapindaceae
20103,Nephelium cuspidatum subvar. beccarianum,Nephelium,Sapindaceae
20105,Nephelium cuspidatum var. eriopetalum,Nephelium,Sapindaceae
20106,Nephelium cuspidatum var. ophiodes,Nephelium,Sapindaceae
20107,Nephelium cuspidatum var. robustum,Nephelium,Sapindaceae
20108,Nephelium daedaleum,Nephelium,Sapindaceae
20109,Nephelium hamulatum,Nephelium,Sapindaceae
20110,Nephelium havilandii,Nephelium,Sapindaceae
20111,Nephelium juglandifolium,Nephelium,Sapindaceae
20112,Nephelium lappaceum,Nephelium,Sapindaceae
20113,Nephelium lappaceum var. pallens,Nephelium,Sapindaceae
20114,Nephelium lappaceum var. xanthioides,Nephelium,Sapindaceae
20115,Nephelium laurinum,Nephelium,Sapindaceae
20116,Nephelium macrophyllum,Nephelium,Sapindaceae
20117,Nephelium maingayi,Nephelium,Sapindaceae
20118,Nephelium meduseum,Nephelium,Sapindaceae
20119,Nephelium melanomiscum,Nephelium,Sapindaceae
20120,Nephelium ramboutan-ake,Nephelium,Sapindaceae
20121,Nephelium reticulatum,Nephelium,Sapindaceae
20123,Nephelium uncinatum,Nephelium,Sapindaceae
20125,Nephrolepis abrupta,Nephrolepis,Nephrolepidaceae
20126,Nephrolepis acutifolia,Nephrolepis,Nephrolepidaceae
20127,Nephrolepis biserrata,Nephrolepis,Nephrolepidaceae
20128,Nephrolepis brownii,Nephrolepis,Nephrolepidaceae
20129,Nephrolepis cordifolia,Nephrolepis,Nephrolepidaceae
20131,Nephrolepis davallioides,Nephrolepis,Nephrolepidaceae
20132,Nephrolepis dicksonioides,Nephrolepis,Nephrolepidaceae
20133,Nephrolepis falcata,Nephrolepis,Nephrolepidaceae
20134,Nephrolepis falciformis,Nephrolepis,Nephrolepidaceae
20135,Nephrolepis hirsutula,Nephrolepis,Nephrolepidaceae
20136,Nephrolepis lauterbachii,Nephrolepis,Nephrolepidaceae
20138,Nephrolepis radicans,Nephrolepis,Nephrolepidaceae
20140,Neptunia gracilis,Neptunia,Fabaceae
20144,Nertera granadensis,Nertera,Rubiaceae
20148,Nervilia borneensis,Nervilia,Orchidaceae
20149,Nervilia concolor,Nervilia,Orchidaceae
20150,Nervilia dilatata,Nervilia,Orchidaceae
20154,Nervilia plicata,Nervilia,Orchidaceae
20160,Nesolindsaea caudata,Nesolindsaea,Lindsaeaceae
20168,Neuropeltis racemosa,Neuropeltis,Convolvulaceae
20169,Neuropeltopsis alba,Neuropeltopsis,Convolvulaceae
20170,Neustanthus phaseoloides,Neustanthus,Fabaceae
20173,Neuwiedia borneensis,Neuwiedia,Orchidaceae
20174,Neuwiedia elongata,Neuwiedia,Orchidaceae
20176,Neuwiedia inae,Neuwiedia,Orchidaceae
20177,Neuwiedia veratrifolia,Neuwiedia,Orchidaceae
20178,Neuwiedia zollingeri,Neuwiedia,Orchidaceae
20182,Neyraudia curvipes,Neyraudia,Poaceae
20185,Norrisia major,Norrisia,Loganiaceae
20187,Nostolachma densiflora,Nostolachma,Rubiaceae
20189,Nothaphoebe coriacea,Nothaphoebe,Lauraceae
20193,Nothaphoebe foetida,Nothaphoebe,Lauraceae
20197,Nothaphoebe heterophylla,Nothaphoebe,Lauraceae
20199,Nothaphoebe macrocarpa,Nothaphoebe,Lauraceae
20202,Nothaphoebe pachyphylla,Nothaphoebe,Lauraceae
20203,Nothaphoebe sarawacensis,Nothaphoebe,Lauraceae
20204,Nothaphoebe umbelliflora,Nothaphoebe,Lauraceae
20205,Nothobaccaurea stylaris,Nothobaccaurea,Phyllanthaceae
20209,Nothocnide repanda,Nothocnide,Urticaceae
20214,Nothosaerva brachiata,Nothosaerva,Amaranthaceae
20219,Notothixos leiophyllus,Notothixos,Santalaceae
20221,Notothixos sulphureus,Notothixos,Santalaceae
20229,Nymphaea candida,Nymphaea,Nymphaeaceae
20231,Nymphaea nouchali,Nymphaea,Nymphaeaceae
20233,Nymphaea pubescens,Nymphaea,Nymphaeaceae
20234,Nymphaea rubra,Nymphaea,Nymphaeaceae
20240,Nypa fruticans,Nypa,Arecaceae
20241,Nyssa javanica,Nyssa,Nyssaceae
20247,Oberonia betongensis,Oberonia,Orchidaceae
20251,Oberonia costeriana,Oberonia,Orchidaceae
20256,Oberonia djongkongensis,Oberonia,Orchidaceae
20261,Oberonia ensiformis,Oberonia,Orchidaceae
20262,Oberonia equitans,Oberonia,Orchidaceae
20273,Oberonia insectifera,Oberonia,Orchidaceae
20280,Oberonia lobbiana,Oberonia,Orchidaceae
20281,Oberonia longhutensis,Oberonia,Orchidaceae
20287,Oberonia lycopodioides,Oberonia,Orchidaceae
20292,Oberonia melinantha,Oberonia,Orchidaceae
20298,Oberonia mucronata,Oberonia,Orchidaceae
20301,Oberonia padangensis,Oberonia,Orchidaceae
20318,Oberonia rubra,Oberonia,Orchidaceae
20327,Oberonia spiralis,Oberonia,Orchidaceae
20328,Oberonia stenophylla,Oberonia,Orchidaceae
20345,Ochanostachys amentacea,Ochanostachys,Coulaceae
20347,Ochreinauclea maingayi,Ochreinauclea,Rubiaceae
20360,Ochthocharis bornensis,Ochthocharis,Melastomataceae
20361,Ochthocharis decumbens,Ochthocharis,Melastomataceae
20362,Ochthocharis javanica,Ochthocharis,Melastomataceae
20364,Ochthocharis ovata,Ochthocharis,Melastomataceae
20365,Ochthocharis paniculata,Ochthocharis,Melastomataceae
20371,Ocimum tenuiflorum,Ocimum,Lamiaceae
20385,Octarrhena angraecoides,Octarrhena,Orchidaceae
20409,Octomeles sumatrana,Octomeles,Tetramelaceae
20417,Odontochilus hasseltii,Odontochilus,Orchidaceae
20419,Odontochilus hydrocephalus,Odontochilus,Orchidaceae
20427,Odontochilus rajanus,Odontochilus,Orchidaceae
20429,Odontochilus serriformis,Odontochilus,Orchidaceae
20431,Odontochilus spicatus,Odontochilus,Orchidaceae
20433,Odontosoria chinensis,Odontosoria,Lindsaeaceae
20436,Odontosoria retusa,Odontosoria,Lindsaeaceae
20437,Odontosoria veitchii,Odontosoria,Lindsaeaceae
20438,Oenanthe javanica,Oenanthe,Apiaceae
20439,Oenanthe linearis,Oenanthe,Apiaceae
20443,Olax imbricata,Olax,Olacaceae
20450,Oldenlandia ciliolata,Oldenlandia,Rubiaceae
20462,Oldenlandia pumila,Oldenlandia,Rubiaceae
20463,Oldenlandia recurva,Oldenlandia,Rubiaceae
20468,Oleandra coriacea,Oleandra,Oleandraceae
20471,Oleandra neriiformis,Oleandra,Oleandraceae
20473,Oleandra pistillaris,Oleandra,Oleandraceae
20490,Omphalea bracteata,Omphalea,Euphorbiaceae
20491,Omphalea malayana,Omphalea,Euphorbiaceae
20493,Omphalea sargentii,Omphalea,Euphorbiaceae
20494,Oncosperma horridum,Oncosperma,Arecaceae
20495,Oncosperma tigillarium,Oncosperma,Arecaceae
20496,Onychium japonicum,Onychium,Pteridaceae
20497,Onychium siliculosum,Onychium,Pteridaceae
20498,Ooia altar,Ooia,Araceae
20499,Ooia basalticola,Ooia,Araceae
20500,Ooia grabowskii,Ooia,Araceae
20501,Ooia manduensis,Ooia,Araceae
20502,Ooia paxilla,Ooia,Araceae
20503,Ooia secta,Ooia,Araceae
20504,Ooia suavis,Ooia,Araceae
20507,Operculina turpethum,Operculina,Convolvulaceae
20512,Ophioglossum gramineum,Ophioglossum,Ophioglossaceae
20514,Ophioglossum lusitanicum,Ophioglossum,Ophioglossaceae
20515,Ophioglossum nudicaule,Ophioglossum,Ophioglossaceae
20516,Ophioglossum parvifolium,Ophioglossum,Ophioglossaceae
20517,Ophioglossum pendulum,Ophioglossum,Ophioglossaceae
20518,Ophioglossum petiolatum,Ophioglossum,Ophioglossaceae
20519,Ophioglossum reticulatum,Ophioglossum,Ophioglossaceae
20520,Ophioglossum simplex,Ophioglossum,Ophioglossaceae
20521,Ophiopogon caulescens,Ophiopogon,Asparagaceae
20534,Ophiorrhiza caespitosa,Ophiorrhiza,Rubiaceae
20545,Ophiorrhiza ferruginea,Ophiorrhiza,Rubiaceae
20551,Ophiorrhiza hallieri,Ophiorrhiza,Rubiaceae
20566,Ophiorrhiza longipedunculata,Ophiorrhiza,Rubiaceae
20570,Ophiorrhiza mungos,Ophiorrhiza,Rubiaceae
20583,Ophiorrhiza puberula,Ophiorrhiza,Rubiaceae
20591,Ophiorrhiza rubella,Ophiorrhiza,Rubiaceae
20600,Ophiorrhiza subserrulata,Ophiorrhiza,Rubiaceae
20607,Ophiorrhiza winkleri,Ophiorrhiza,Rubiaceae
20612,Oplismenus compositus,Oplismenus,Poaceae
20614,Oplismenus undulatifolius,Oplismenus,Poaceae
20640,Oreobolus ambiguus,Oreobolus,Cyperaceae
20650,Oreocnide rubescens,Oreocnide,Urticaceae
20652,Oreocnide trinervis,Oreocnide,Urticaceae
20654,Oreorhamnus serrulata,Oreorhamnus,Rhamnaceae
20658,Ormosia bancana,Ormosia,Fabaceae
20659,Ormosia calavensis,Ormosia,Fabaceae
20660,Ormosia macrodisca,Ormosia,Fabaceae
20661,Ormosia paniculata,Ormosia,Fabaceae
20663,Ormosia stipulacea,Ormosia,Fabaceae
20664,Ormosia sumatrana,Ormosia,Fabaceae
20671,Orophea corymbosa,Orophea,Annonaceae
20672,Orophea creaghii,Orophea,Annonaceae
20674,Orophea dodecandra,Orophea,Annonaceae
20675,Orophea enneandra,Orophea,Annonaceae
20677,Orophea flagellaris,Orophea,Annonaceae
20679,Orophea hexandra,Orophea,Annonaceae
20680,Orophea kostermansiana,Orophea,Annonaceae
20684,Orophea merrillii,Orophea,Annonaceae
20685,Orophea myriantha,Orophea,Annonaceae
20689,Orophea rubra,Orophea,Annonaceae
20690,Orophea sagittalis,Orophea,Annonaceae
20692,Orophea trigyna,Orophea,Annonaceae
20693,Oroxylum indicum,Oroxylum,Bignoniaceae
20694,Orthiopteris campylura var. kingii,Orthiopteris,Saccolomataceae
20695,Orthosiphon aristatus,Orthosiphon,Lamiaceae
20701,Oryza meyeriana,Oryza,Poaceae
20702,Oryza minuta,Oryza,Poaceae
20703,Oryza officinalis,Oryza,Poaceae
20704,Oryza ridleyi,Oryza,Poaceae
20705,Oryza rufipogon,Oryza,Poaceae
20706,Oryza sativa,Oryza,Poaceae
20717,Osbornia octodonta,Osbornia,Myrtaceae
20719,Osmelia grandistipulata,Osmelia,Salicaceae
20720,Osmelia maingayi,Osmelia,Salicaceae
20721,Osmelia philippina,Osmelia,Salicaceae
20722,Osmolindsaea odorata,Osmolindsaea,Lindsaeaceae
20726,Osmoxylon borneense,Osmoxylon,Araliaceae
20732,Osmoxylon kostermansii,Osmoxylon,Araliaceae
20733,Osmoxylon lineare,Osmoxylon,Araliaceae
20746,Osmunda angustifolia,Osmunda,Osmundaceae
20749,Osmunda javanica,Osmunda,Osmundaceae
20755,Ottelia alismoides,Ottelia,Hydrocharitaceae
20760,Ottochloa nodosa,Ottochloa,Poaceae
20764,Oxalis corniculata,Oxalis,Oxalidaceae
20774,Oxyceros bispinosus,Oxyceros,Rubiaceae
20775,Oxyceros drupaceus,Oxyceros,Rubiaceae
20777,Oxyceros kesslerianus,Oxyceros,Rubiaceae
20779,Oxyceros longiflorus,Oxyceros,Rubiaceae
20780,Oxyceros patulus,Oxyceros,Rubiaceae
20782,Oxyspora auriculata,Oxyspora,Melastomataceae
20783,Oxyspora beccarii,Oxyspora,Melastomataceae
20785,Oxyspora cordata,Oxyspora,Melastomataceae
20789,Oxyspora microflora,Oxyspora,Melastomataceae
20799,Oxystophyllum atrorubens,Oxystophyllum,Orchidaceae
20802,Oxystophyllum carnosum,Oxystophyllum,Orchidaceae
20806,Oxystophyllum excavatum,Oxystophyllum,Orchidaceae
20808,Oxystophyllum helvolum,Oxystophyllum,Orchidaceae
20817,Oxystophyllum oblongum,Oxystophyllum,Orchidaceae
20820,Oxystophyllum sinuatum,Oxystophyllum,Orchidaceae
20827,Pachycentria constricta,Pachycentria,Melastomataceae
20828,Pachycentria glauca,Pachycentria,Melastomataceae
20830,Pachycentria hanseniana,Pachycentria,Melastomataceae
20831,Pachycentria microsperma,Pachycentria,Melastomataceae
20832,Pachycentria pulverulenta,Pachycentria,Melastomataceae
20835,Pachygone ovata,Pachygone,Menispermaceae
20837,Pachystoma pubescens,Pachystoma,Orchidaceae
20841,Padbruggea dasyphylla,Padbruggea,Fabaceae
20843,Paederia foetida,Paederia,Rubiaceae
20844,Paederia verticillata,Paederia,Rubiaceae
20853,Palaquium amboinense,Palaquium,Sapotaceae
20855,Palaquium beccarianum,Palaquium,Sapotaceae
20858,Palaquium calophyllum,Palaquium,Sapotaceae
20860,Palaquium cochleariifolium,Palaquium,Sapotaceae
20863,Palaquium cryptocariifolium,Palaquium,Sapotaceae
20864,Palaquium dasyphyllum,Palaquium,Sapotaceae
20865,Palaquium decurrens,Palaquium,Sapotaceae
20867,Palaquium dubardii,Palaquium,Sapotaceae
20870,Palaquium eriocalyx,Palaquium,Sapotaceae
20873,Palaquium gutta,Palaquium,Sapotaceae
20875,Palaquium heterosepalum,Palaquium,Sapotaceae
20876,Palaquium hexandrum,Palaquium,Sapotaceae
20877,Palaquium hispidum,Palaquium,Sapotaceae
20878,Palaquium kinabaluense,Palaquium,Sapotaceae
20879,Palaquium leiocarpum,Palaquium,Sapotaceae
20884,Palaquium majas,Palaquium,Sapotaceae
20886,Palaquium microphyllum,Palaquium,Sapotaceae
20889,Palaquium obovatum,Palaquium,Sapotaceae
20891,Palaquium obtusifolium,Palaquium,Sapotaceae
20893,Palaquium ottolanderi,Palaquium,Sapotaceae
20895,Palaquium pierrei,Palaquium,Sapotaceae
20897,Palaquium pseudocuneatum,Palaquium,Sapotaceae
20898,Palaquium pseudorostratum,Palaquium,Sapotaceae
20899,Palaquium quercifolium,Palaquium,Sapotaceae
20901,Palaquium ridleyi,Palaquium,Sapotaceae
20902,Palaquium rioense,Palaquium,Sapotaceae
20903,Palaquium rivulare,Palaquium,Sapotaceae
20904,Palaquium rostratum,Palaquium,Sapotaceae
20905,Palaquium sambasense,Palaquium,Sapotaceae
20907,Palaquium sericeum,Palaquium,Sapotaceae
20908,Palaquium sericeum var. obtusocalyx,Palaquium,Sapotaceae
20909,Palaquium stellatum,Palaquium,Sapotaceae
20910,Palaquium sumatranum,Palaquium,Sapotaceae
20914,Palaquium vexillatum,Palaquium,Sapotaceae
20915,Palaquium walsurifolium,Palaquium,Sapotaceae
20917,Palaquium xanthochymum,Palaquium,Sapotaceae
20920,Palhinhaea pungens,Palhinhaea,Lycopodiaceae
20921,Palhinhaea salakensis,Palhinhaea,Lycopodiaceae
20927,Palicourea stipulosa,Palicourea,Rubiaceae
20933,Panax ginseng,Panax,Araliaceae
20942,Pandanus antaresensis,Pandanus,Pandanaceae
20946,Pandanus aristatus,Pandanus,Pandanaceae
20951,Pandanus basilocularis,Pandanus,Pandanaceae
20957,Pandanus borneensis,Pandanus,Pandanaceae
20960,Pandanus brachyspathus,Pandanus,Pandanaceae
20961,Pandanus bracteosus,Pandanus,Pandanaceae
20963,Pandanus brosimos,Pandanus,Pandanaceae
20970,Pandanus concavus,Pandanus,Pandanaceae
20971,Pandanus concinnus,Pandanus,Pandanaceae
20974,Pandanus dasystigma,Pandanus,Pandanaceae
20975,Pandanus discostigma,Pandanus,Pandanaceae
20978,Pandanus dubius,Pandanus,Pandanaceae
20979,Pandanus durio,Pandanus,Pandanaceae
20985,Pandanus furcatus,Pandanus,Pandanaceae
20986,Pandanus fusinus,Pandanus,Pandanaceae
20991,Pandanus helicopus,Pandanus,Pandanaceae
21007,Pandanus krauelianus,Pandanus,Pandanaceae
21008,Pandanus labyrinthicus,Pandanus,Pandanaceae
21043,Pandanus rostratus,Pandanus,Pandanaceae
21044,Pandanus sandakanensis,Pandanus,Pandanaceae
21051,Pandanus stelliger,Pandanus,Pandanaceae
21053,Pandanus sulcatus,Pandanus,Pandanaceae
21056,Pandanus tectorius,Pandanus,Pandanaceae
21057,Pandanus vinaceus,Pandanus,Pandanaceae
21059,Pandanus yvanii,Pandanus,Pandanaceae
21065,Panicum brevifolium,Panicum,Poaceae
21072,Panicum humidorum,Panicum,Poaceae
21077,Panicum luzonense,Panicum,Poaceae
21080,Panicum notatum,Panicum,Poaceae
21083,Panicum repens,Panicum,Poaceae
21084,Panicum sarmentosum,Panicum,Poaceae
21096,Paphiopedilum bullenianum,Paphiopedilum,Orchidaceae
21106,Paphiopedilum javanicum,Paphiopedilum,Orchidaceae
21107,Paphiopedilum kolopakingii,Paphiopedilum,Orchidaceae
21109,Paphiopedilum lowii,Paphiopedilum,Orchidaceae
21122,Paphiopedilum rothschildianum,Paphiopedilum,Orchidaceae
21125,Paphiopedilum stonei,Paphiopedilum,Orchidaceae
21126,Paphiopedilum supardii,Paphiopedilum,Orchidaceae
21131,Paphiopedilum villosum,Paphiopedilum,Orchidaceae
21135,Papilionanthe hookeriana,Papilionanthe,Orchidaceae
21162,Parabaena megalocarpa,Parabaena,Menispermaceae
21165,Paraboea berouwensis,Paraboea,Gesneriaceae
21169,Paraboea kalimantanensis,Paraboea,Gesneriaceae
21174,Paraboea minuta,Paraboea,Gesneriaceae
21179,Paraboea schefferi,Paraboea,Gesneriaceae
21183,Paracroton pendulus,Paracroton,Euphorbiaceae
21187,Parahellenia globosa,Parahellenia,Costaceae
21192,Paramapania gracillima,Paramapania,Cyperaceae
21195,Paramapania radians,Paramapania,Cyperaceae
21197,Paramignya andamanica,Paramignya,Rutaceae
21200,Paramignya scandens,Paramignya,Rutaceae
21202,Paranephelium joannis,Paranephelium,Sapindaceae
21204,Paranephelium xestophyllum,Paranephelium,Sapindaceae
21206,Paraphalaenopsis laycockii,Paraphalaenopsis,Orchidaceae
21207,Paraphalaenopsis serpentilingua,Paraphalaenopsis,Orchidaceae
21208,Paraphlomis javanica,Paraphlomis,Lamiaceae
21215,Parartocarpus bracteatus,Parartocarpus,Moraceae
21216,Parartocarpus venenosus,Parartocarpus,Moraceae
21222,Paraserianthes lophantha subsp. montana,Paraserianthes,Fabaceae
21226,Parashorea lucida,Parashorea,Dipterocarpaceae
21227,Parashorea macrophylla,Parashorea,Dipterocarpaceae
21228,Parashorea malaanonan,Parashorea,Dipterocarpaceae
21229,Parashorea parvifolia,Parashorea,Dipterocarpaceae
21230,Parashorea smythiesii,Parashorea,Dipterocarpaceae
21232,Parashorea tomentella,Parashorea,Dipterocarpaceae
21233,Parasponia rigida,Parasponia,Cannabaceae
21234,Parastemon urophyllus,Parastemon,Chrysobalanaceae
21239,Parinari canarioides,Parinari,Chrysobalanaceae
21240,Parinari costata,Parinari,Chrysobalanaceae
21241,Parinari costata subsp. polyneura,Parinari,Chrysobalanaceae
21242,Parinari costata subsp. rubiginosa,Parinari,Chrysobalanaceae
21243,Parinari elmeri,Parinari,Chrysobalanaceae
21244,Parinari gigantea,Parinari,Chrysobalanaceae
21245,Parinari metallica,Parinari,Chrysobalanaceae
21247,Parinari oblongifolia,Parinari,Chrysobalanaceae
21250,Parinari parva,Parinari,Chrysobalanaceae
21251,Parinari rigida,Parinari,Chrysobalanaceae
21252,Parinari sumatrana,Parinari,Chrysobalanaceae
21253,Parishia insignis,Parishia,Anacardiaceae
21254,Parishia maingayi,Parishia,Anacardiaceae
21255,Parishia paucijuga,Parishia,Anacardiaceae
21256,Parishia sericea,Parishia,Anacardiaceae
21257,Parkia biglobosa,Parkia,Fabaceae
21258,Parkia intermedia,Parkia,Fabaceae
21259,Parkia paya,Parkia,Fabaceae
21260,Parkia singularis,Parkia,Fabaceae
21261,Parkia singularis subsp. borneensis,Parkia,Fabaceae
21262,Parkia speciosa,Parkia,Fabaceae
21263,Parkia sumatrana,Parkia,Fabaceae
21264,Parkia sumatrana subsp. streptocarpa,Parkia,Fabaceae
21265,Parkia timoriana,Parkia,Fabaceae
21272,Parsonsia alboflavescens,Parsonsia,Apocynaceae
21275,Parsonsia celebica,Parsonsia,Apocynaceae
21285,Parsonsia philippinensis,Parsonsia,Apocynaceae
21303,Paspalum scrobiculatum,Paspalum,Poaceae
21308,Passiflora moluccana,Passiflora,Passifloraceae
21314,Passiflora vesicaria,Passiflora,Passifloraceae
21317,Patersonia novoguineensis,Patersonia,Iridaceae
21321,Pavetta axillaris,Pavetta,Rubiaceae
21330,Pavetta coronifera,Pavetta,Rubiaceae
21333,Pavetta indica,Pavetta,Rubiaceae
21335,Pavetta laevifolia,Pavetta,Rubiaceae
21337,Pavetta lasiocalyx,Pavetta,Rubiaceae
21341,Pavetta montana,Pavetta,Rubiaceae
21342,Pavetta multiflora,Pavetta,Rubiaceae
21346,Pavetta oligantha,Pavetta,Rubiaceae
21354,Pavetta sylvatica,Pavetta,Rubiaceae
21357,Pavetta wallichiana,Pavetta,Rubiaceae
21362,Payena acuminata,Payena,Sapotaceae
21366,Payena endertii,Payena,Sapotaceae
21367,Payena ferruginea,Payena,Sapotaceae
21368,Payena gigas,Payena,Sapotaceae
21369,Payena grandistipula,Payena,Sapotaceae
21370,Payena khoonmengiana,Payena,Sapotaceae
21371,Payena leerii,Payena,Sapotaceae
21373,Payena lucida,Payena,Sapotaceae
21374,Payena maingayi,Payena,Sapotaceae
21375,Payena microphylla,Payena,Sapotaceae
21376,Payena obscura,Payena,Sapotaceae
21381,Pegia sarmentosa,Pegia,Anacardiaceae
21383,Peliosanthes teta,Peliosanthes,Asparagaceae
21384,Peliosanthes teta subsp. humilis,Peliosanthes,Asparagaceae
21385,Pellacalyx axillaris,Pellacalyx,Rhizophoraceae
21386,Pellacalyx cristatus,Pellacalyx,Rhizophoraceae
21387,Pellacalyx lobbii,Pellacalyx,Rhizophoraceae
21389,Pellacalyx saccardianus,Pellacalyx,Rhizophoraceae
21390,Pellacalyx symphiodiscus,Pellacalyx,Rhizophoraceae
21395,Pellionia sumatrana,Pellionia,Urticaceae
21396,Peltophorum dasyrhachis,Peltophorum,Fabaceae
21397,Peltophorum grande,Peltophorum,Fabaceae
21398,Peltophorum pterocarpum,Peltophorum,Fabaceae
21399,Peltophorum racemosum,Peltophorum,Fabaceae
21400,Pemphis acidula,Pemphis,Lythraceae
21401,Pennilabium angraecoides,Pennilabium,Orchidaceae
21407,Pentace adenophora,Pentace,Malvaceae
21408,Pentace borneensis,Pentace,Malvaceae
21409,Pentace chartacea,Pentace,Malvaceae
21410,Pentace concolor,Pentace,Malvaceae
21411,Pentace cordifolia,Pentace,Malvaceae
21412,Pentace corneri,Pentace,Malvaceae
21413,Pentace curtisii,Pentace,Malvaceae
21414,Pentace discolor,Pentace,Malvaceae
21415,Pentace erectinervia,Pentace,Malvaceae
21416,Pentace floribunda,Pentace,Malvaceae
21418,Pentace laxiflora,Pentace,Malvaceae
21420,Pentace oligoneura,Pentace,Malvaceae
21421,Pentace polyantha,Pentace,Malvaceae
21422,Pentace rigida,Pentace,Malvaceae
21424,Pentace triptera,Pentace,Malvaceae
21427,Pentaphragma acuminatum,Pentaphragma,Pentaphragmataceae
21428,Pentaphragma albiflorum,Pentaphragma,Pentaphragmataceae
21429,Pentaphragma aurantiacum,Pentaphragma,Pentaphragmataceae
21433,Pentaphragma cyrtandriforme,Pentaphragma,Pentaphragmataceae
21437,Pentaphragma insigne,Pentaphragma,Pentaphragmataceae
21438,Pentaphragma jaheri,Pentaphragma,Pentaphragmataceae
21440,Pentaphragma viride,Pentaphragma,Pentaphragmataceae
21446,Pentaspadon motleyi,Pentaspadon,Anacardiaceae
21456,Peperomia candida,Peperomia,Piperaceae
21460,Peperomia convexa,Peperomia,Piperaceae
21489,Peperomia parvibacca,Peperomia,Piperaceae
21496,Peperomia recurvata,Peperomia,Piperaceae
21512,Pericampylus glaucus,Pericampylus,Menispermaceae
21513,Perilla frutescens,Perilla,Lamiaceae
21524,Peristylus goodyeroides,Peristylus,Orchidaceae
21525,Peristylus gracilis,Peristylus,Orchidaceae
21527,Peristylus hallieri,Peristylus,Orchidaceae
21533,Peristylus maingayi,Peristylus,Orchidaceae
21540,Peristylus spathulatus,Peristylus,Orchidaceae
21547,Peristylus unguiculatus,Peristylus,Orchidaceae
21549,Peronema canescens,Peronema,Lamiaceae
21555,Perrottetia alpestris subsp. philippinensis,Perrottetia,Dipentodontaceae
21557,Persicaria attenuata,Persicaria,Polygonaceae
21561,Persicaria borneensis,Persicaria,Polygonaceae
21563,Persicaria celebica,Persicaria,Polygonaceae
21565,Persicaria chinensis,Persicaria,Polygonaceae
21568,Persicaria dichotoma,Persicaria,Polygonaceae
21572,Persicaria hydropiper,Persicaria,Polygonaceae
21574,Persicaria kawagoeana,Persicaria,Polygonaceae
21582,Persicaria nepalensis,Persicaria,Polygonaceae
21583,Persicaria orientalis,Persicaria,Polygonaceae
21587,Persicaria pubescens,Persicaria,Polygonaceae
21588,Persicaria pulchra,Persicaria,Polygonaceae
21594,Persicaria tomentosa,Persicaria,Polygonaceae
21596,Petraeovitex kinabaluensis,Petraeovitex,Lamiaceae
21597,Petraeovitex membranacea,Petraeovitex,Lamiaceae
21598,Petraeovitex multiflora,Petraeovitex,Lamiaceae
21599,Petraeovitex scortechinii,Petraeovitex,Lamiaceae
21600,Petraeovitex sumatrana,Petraeovitex,Lamiaceae
21601,Petraeovitex trifoliata,Petraeovitex,Lamiaceae
21610,Phaeanthus ophthalmicus,Phaeanthus,Annonaceae
21611,Phaeanthus splendens,Phaeanthus,Annonaceae
21613,Phaeanthus tephrocarpus,Phaeanthus,Annonaceae
21617,Phaius baconii,Phaius,Orchidaceae
21618,Phaius borneensis,Phaius,Orchidaceae
21619,Phaius callosus,Phaius,Orchidaceae
21628,Phaius pauciflorus,Phaius,Orchidaceae
21631,Phaius reflexipetalus,Phaius,Orchidaceae
21633,Phaius tankervilleae,Phaius,Orchidaceae
21638,Phalaenopsis × gersenii,Phalaenopsis,Orchidaceae
21641,Phalaenopsis amabilis,Phalaenopsis,Orchidaceae
21645,Phalaenopsis bellina,Phalaenopsis,Orchidaceae
21647,Phalaenopsis cornu-cervi,Phalaenopsis,Orchidaceae
21648,Phalaenopsis deliciosa,Phalaenopsis,Orchidaceae
21649,Phalaenopsis difformis,Phalaenopsis,Orchidaceae
21650,Phalaenopsis fimbriata,Phalaenopsis,Orchidaceae
21652,Phalaenopsis fuscata,Phalaenopsis,Orchidaceae
21655,Phalaenopsis kapuasensis,Phalaenopsis,Orchidaceae
21656,Phalaenopsis maculata,Phalaenopsis,Orchidaceae
21657,Phalaenopsis mariae,Phalaenopsis,Orchidaceae
21659,Phalaenopsis modesta,Phalaenopsis,Orchidaceae
21660,Phalaenopsis pantherina,Phalaenopsis,Orchidaceae
21664,Phalaenopsis sumatrana,Phalaenopsis,Orchidaceae
21670,Phaleria capitata,Phaleria,Thymelaeaceae
21675,Phaleria octandra,Phaleria,Thymelaeaceae
21680,Phanera argentea,Phanera,Fabaceae
21682,Phanera bassacensis var. backeri,Phanera,Fabaceae
21685,Phanera brevipedicellata,Phanera,Fabaceae
21688,Phanera elmeri,Phanera,Fabaceae
21689,Phanera excelsa,Phanera,Fabaceae
21692,Phanera finlaysoniana,Phanera,Fabaceae
21693,Phanera finlaysoniana var. amoena,Phanera,Fabaceae
21694,Phanera finlaysoniana var. leptopus,Phanera,Fabaceae
21697,Phanera glabrifolia,Phanera,Fabaceae
21698,Phanera glabristipes,Phanera,Fabaceae
21702,Phanera kockiana,Phanera,Fabaceae
21703,Phanera kockiana var. bakoensis,Phanera,Fabaceae
21704,Phanera kockiana var. brevipedicellata,Phanera,Fabaceae
21705,Phanera kockiana var. scarlatina,Phanera,Fabaceae
21707,Phanera kockiana var. velutina,Phanera,Fabaceae
21708,Phanera kostermansii,Phanera,Fabaceae
21713,Phanera menispermacea,Phanera,Fabaceae
21719,Phanera semibifida,Phanera,Fabaceae
21720,Phanera semibifida var. acuminata,Phanera,Fabaceae
21721,Phanera semibifida var. longebracteata,Phanera,Fabaceae
21724,Phanera sylvani,Phanera,Fabaceae
21725,Phanera wrayi,Phanera,Fabaceae
21727,Phanera wrayi var. borneensis,Phanera,Fabaceae
21728,Phanera wrayi var. cardiophylla,Phanera,Fabaceae
21729,Phanera wrayi var. moultonii,Phanera,Fabaceae
21731,Phanera yunnanensis,Phanera,Fabaceae
21739,Phegopteris paludosa,Phegopteris,Thelypteridaceae
21747,Philydrum lanuginosum,Philydrum,Philydraceae
21750,Phlegmariurus nummulariifolius,Phlegmariurus,Lycopodiaceae
21751,Phlegmariurus pinifolius,Phlegmariurus,Lycopodiaceae
21760,Phoebe canescens,Phoebe,Lauraceae
21764,Phoebe cuneata,Phoebe,Lauraceae
21767,Phoebe elliptica,Phoebe,Lauraceae
21771,Phoebe grandis,Phoebe,Lauraceae
21776,Phoebe kunstleri,Phoebe,Lauraceae
21777,Phoebe laevis,Phoebe,Lauraceae
21781,Phoebe lucida,Phoebe,Lauraceae
21782,Phoebe macrophylla,Phoebe,Lauraceae
21789,Phoenix roebelenii,Phoenix,Arecaceae
21793,Pholidocarpus majadum,Pholidocarpus,Arecaceae
21796,Photinia davidiana,Photinia,Rosaceae
21797,Photinia glabra,Photinia,Rosaceae
21803,Phragmites karka,Phragmites,Poaceae
21806,Phreatia amesii,Phreatia,Orchidaceae
21820,Phreatia densiflora,Phreatia,Orchidaceae
21825,Phreatia epimonticola,Phreatia,Orchidaceae
21845,Phreatia listrophora,Phreatia,Orchidaceae
21854,Phreatia monticola,Phreatia,Orchidaceae
21855,Phreatia muscicola,Phreatia,Orchidaceae
21863,Phreatia plantaginifolia,Phreatia,Orchidaceae
21892,Phreatia sulcata,Phreatia,Orchidaceae
21899,Phrynium fissifolium,Phrynium,Marantaceae
21901,Phrynium grandibracteatum,Phrynium,Marantaceae
21902,Phrynium hirtum,Phrynium,Marantaceae
21906,Phrynium laxum,Phrynium,Marantaceae
21910,Phrynium maximum,Phrynium,Marantaceae
21914,Phrynium pubinerve,Phrynium,Marantaceae
21918,Phrynium stenophyllum,Phrynium,Marantaceae
21922,Phylacium bracteosum,Phylacium,Fabaceae
21923,Phyllagathis atroviolacea,Phyllagathis,Melastomataceae
21924,Phyllagathis gigantifolia,Phyllagathis,Melastomataceae
21925,Phyllagathis guttata,Phyllagathis,Melastomataceae
21926,Phyllagathis gymnantha,Phyllagathis,Melastomataceae
21928,Phyllagathis longifolius,Phyllagathis,Melastomataceae
21929,Phyllagathis peltata,Phyllagathis,Melastomataceae
21931,Phyllagathis steenisii,Phyllagathis,Melastomataceae
21932,Phyllanthera bifida,Phyllanthera,Apocynaceae
21939,Phyllanthus acutissimus,Phyllanthus,Phyllanthaceae
21948,Phyllanthus buxifolius,Phyllanthus,Phyllanthaceae
21954,Phyllanthus chamaepeuce,Phyllanthus,Phyllanthaceae
21966,Phyllanthus emblica,Phyllanthus,Phyllanthaceae
21974,Phyllanthus gracilipes,Phyllanthus,Phyllanthaceae
21980,Phyllanthus kinabaluicus,Phyllanthus,Phyllanthaceae
21988,Phyllanthus microcarpus,Phyllanthus,Phyllanthaceae
21996,Phyllanthus oxyphyllus,Phyllanthus,Phyllanthaceae
21997,Phyllanthus pachyphyllus,Phyllanthus,Phyllanthaceae
22005,Phyllanthus reticulatus,Phyllanthus,Phyllanthaceae
22022,Phyllanthus urinaria,Phyllanthus,Phyllanthaceae
22023,Phyllanthus urinaria subsp. nudicarpus,Phyllanthus,Phyllanthaceae
22028,Phyllanthus virgatus,Phyllanthus,Phyllanthaceae
22033,Phyllocladus hypophyllus,Phyllocladus,Podocarpaceae
22035,Phyllodium pulchellum,Phyllodium,Fabaceae
22043,Phymatosorus nigrescens,Phymatosorus,Polypodiaceae
22044,Phymatosorus papuanus,Phymatosorus,Polypodiaceae
22045,Phymatosorus scolopendria,Phymatosorus,Polypodiaceae
22048,Phytocrene anomala,Phytocrene,Icacinaceae
22049,Phytocrene borneensis,Phytocrene,Icacinaceae
22052,Phytocrene macrophylla,Phytocrene,Icacinaceae
22053,Phytocrene macrophylla var. caudigera,Phytocrene,Icacinaceae
22057,Phytocrene racemosa,Phytocrene,Icacinaceae
22064,Picria fel-terrae,Picria,Linderniaceae
22065,Picrophloeus belukar,Picrophloeus,Gentianaceae
22066,Picrophloeus javanensis,Picrophloeus,Gentianaceae
22069,Pigea enneasperma,Pigea,Violaceae
22072,Pilea angulata,Pilea,Urticaceae
22073,Pilea apoensis,Pilea,Urticaceae
22084,Pilea glaberrima,Pilea,Urticaceae
22109,Pilea pterocaulis,Pilea,Urticaceae
22114,Pilea rigidiuscula,Pilea,Urticaceae
22120,Pilea stapfiana,Pilea,Urticaceae
22130,Pilophyllum villosum,Pilophyllum,Orchidaceae
22137,Pimelodendron griffithianum,Pimelodendron,Euphorbiaceae
22138,Pimelodendron macrocarpum,Pimelodendron,Euphorbiaceae
22139,Pimelodendron zoanthogyne,Pimelodendron,Euphorbiaceae
22148,Pinalia biglandulosa,Pinalia,Orchidaceae
22149,Pinalia bogoriensis,Pinalia,Orchidaceae
22150,Pinalia bractescens,Pinalia,Orchidaceae
22151,Pinalia braddonii,Pinalia,Orchidaceae
22154,Pinalia cepifolia,Pinalia,Orchidaceae
22156,Pinalia consanguinea,Pinalia,Orchidaceae
22167,Pinalia flavescens,Pinalia,Orchidaceae
22168,Pinalia floribunda,Pinalia,Orchidaceae
22171,Pinalia hosei,Pinalia,Orchidaceae
22173,Pinalia latiuscula,Pinalia,Orchidaceae
22178,Pinalia moluccana,Pinalia,Orchidaceae
22179,Pinalia multiflora,Pinalia,Orchidaceae
22185,Pinalia pachystachya,Pinalia,Orchidaceae
22194,Pinalia saccifera,Pinalia,Orchidaceae
22203,Pinalia tenuiflora,Pinalia,Orchidaceae
22205,Pinalia triloba,Pinalia,Orchidaceae
22209,Pinalia versicolor,Pinalia,Orchidaceae
22211,Pinalia xanthocheila,Pinalia,Orchidaceae
22212,Pinanga albescens,Pinanga,Arecaceae
22213,Pinanga angustisecta,Pinanga,Arecaceae
22215,Pinanga aristata,Pinanga,Arecaceae
22216,Pinanga arundinacea,Pinanga,Arecaceae
22217,Pinanga auriculata,Pinanga,Arecaceae
22218,Pinanga borneensis,Pinanga,Arecaceae
22219,Pinanga brevipes,Pinanga,Arecaceae
22221,Pinanga capitata,Pinanga,Arecaceae
22224,Pinanga crassipes,Pinanga,Arecaceae
22225,Pinanga decora,Pinanga,Arecaceae
22237,Pinanga keahii,Pinanga,Arecaceae
22239,Pinanga lepidota,Pinanga,Arecaceae
22240,Pinanga ligulata,Pinanga,Arecaceae
22243,Pinanga malaiana,Pinanga,Arecaceae
22247,Pinanga minuta,Pinanga,Arecaceae
22248,Pinanga mirabilis,Pinanga,Arecaceae
22249,Pinanga mooreana,Pinanga,Arecaceae
22254,Pinanga pilosa,Pinanga,Arecaceae
22258,Pinanga ridleyana,Pinanga,Arecaceae
22261,Pinanga salicifolia,Pinanga,Arecaceae
22262,Pinanga schwanerensis,Pinanga,Arecaceae
22263,Pinanga sessilifolia,Pinanga,Arecaceae
22264,Pinanga sibuyanensis,Pinanga,Arecaceae
22265,Pinanga simplicifrons,Pinanga,Arecaceae
22266,Pinanga stricta,Pinanga,Arecaceae
22271,Pinanga tenella,Pinanga,Arecaceae
22272,Pinanga tenella var. tenuissima,Pinanga,Arecaceae
22273,Pinanga tomentella,Pinanga,Arecaceae
22274,Pinanga trichoneura,Pinanga,Arecaceae
22276,Pinanga variegata,Pinanga,Arecaceae
22277,Pinanga variegata var. hallieriana,Pinanga,Arecaceae
22295,Piper anisotrichum,Piper,Piperaceae
22296,Piper arcuatum,Piper,Piperaceae
22298,Piper argyroneurum,Piper,Piperaceae
22301,Piper baccatum,Piper,Piperaceae
22304,Piper baramense,Piper,Piperaceae
22305,Piper barbispicum,Piper,Piperaceae
22307,Piper beccarii,Piper,Piperaceae
22309,Piper betle,Piper,Piperaceae
22317,Piper borneense,Piper,Piperaceae
22323,Piper caninum,Piper,Piperaceae
22337,Piper cubeba,Piper,Piperaceae
22345,Piper elatostema,Piper,Piperaceae
22348,Piper filipedunculum,Piper,Piperaceae
22351,Piper fragile,Piper,Piperaceae
22355,Piper gibbiflorum,Piper,Piperaceae
22361,Piper havilandii,Piper,Piperaceae
22363,Piper hispidiramum,Piper,Piperaceae
22365,Piper hosei,Piper,Piperaceae
22372,Piper jacquemontianum,Piper,Piperaceae
22378,Piper kurzii,Piper,Piperaceae
22382,Piper landakanum,Piper,Piperaceae
22390,Piper longum,Piper,Piperaceae
22391,Piper lutescens,Piper,Piperaceae
22393,Piper macropiper,Piper,Piperaceae
22396,Piper majusculum,Piper,Piperaceae
22398,Piper matanganum,Piper,Piperaceae
22400,Piper metallicum,Piper,Piperaceae
22408,Piper muluense,Piper,Piperaceae
22409,Piper muricatum,Piper,Piperaceae
22417,Piper obatense,Piper,Piperaceae
22419,Piper opizianum,Piper,Piperaceae
22426,Piper parvantherum,Piper,Piperaceae
22431,Piper perbarbatum,Piper,Piperaceae
22432,Piper perpilosum,Piper,Piperaceae
22436,Piper porphyrophyllum,Piper,Piperaceae
22444,Piper pubipedunculum,Piper,Piperaceae
22455,Piper retrofractum,Piper,Piperaceae
22457,Piper ridleyi,Piper,Piperaceae
22470,Piper sarawakanum,Piper,Piperaceae
22471,Piper sarmentosum,Piper,Piperaceae
22474,Piper semangkoanum,Piper,Piperaceae
22492,Piper theobromifolium,Piper,Piperaceae
22493,Piper tjambae,Piper,Piperaceae
22500,Piper umbellatum,Piper,Piperaceae
22505,Piper vestitum,Piper,Piperaceae
22506,Piper villipedunculum,Piper,Piperaceae
22508,Piper wallichii,Piper,Piperaceae
22510,Piper winkleri,Piper,Piperaceae
22512,Piptospatha repens,Piptospatha,Araceae
22513,Pipturus argenteus,Pipturus,Urticaceae
22529,Pistacia chinensis,Pistacia,Anacardiaceae
22530,Pistia stratiotes,Pistia,Araceae
22537,Pittosporum ferrugineum,Pittosporum,Pittosporaceae
22539,Pittosporum longisepalum,Pittosporum,Pittosporaceae
22552,Pityrogramma ebenea,Pityrogramma,Pteridaceae
22555,Plagiogyria egenolfioides,Plagiogyria,Plagiogyriaceae
22556,Plagiogyria egenolfioides var. decrescens,Plagiogyria,Plagiogyriaceae
22557,Plagiogyria egenolfioides var. latipinna,Plagiogyria,Plagiogyriaceae
22559,Plagiogyria glauca,Plagiogyria,Plagiogyriaceae
22562,Plagiostachys albiflora,Plagiostachys,Zingiberaceae
22563,Plagiostachys brevicalcarata,Plagiostachys,Zingiberaceae
22564,Plagiostachys breviramosa,Plagiostachys,Zingiberaceae
22565,Plagiostachys crocydocalyx,Plagiostachys,Zingiberaceae
22566,Plagiostachys lateralis,Plagiostachys,Zingiberaceae
22567,Plagiostachys longicaudata,Plagiostachys,Zingiberaceae
22568,Plagiostachys megacarpa,Plagiostachys,Zingiberaceae
22570,Plagiostachys oblanceolata,Plagiostachys,Zingiberaceae
22571,Plagiostachys strobilifera,Plagiostachys,Zingiberaceae
22574,Plagiostachys viridisepala,Plagiostachys,Zingiberaceae
22577,Planchonella chartacea,Planchonella,Sapotaceae
22579,Planchonella duclitan,Planchonella,Sapotaceae
22587,Planchonella maingayi,Planchonella,Sapotaceae
22588,Planchonella malaccensis,Planchonella,Sapotaceae
22593,Planchonella obovata,Planchonella,Sapotaceae
22599,Planchonella stellibacca,Planchonella,Sapotaceae
22603,Planchonella vrieseana,Planchonella,Sapotaceae
22606,Planchonia brevistipitata,Planchonia,Lecythidaceae
22608,Planchonia grandis,Planchonia,Lecythidaceae
22612,Planchonia valida,Planchonia,Lecythidaceae
22630,Platanthera kinabaluensis,Platanthera,Orchidaceae
22634,Platanthera saprophytica,Platanthera,Orchidaceae
22635,Platanthera stapfii,Platanthera,Orchidaceae
22636,Platea excelsa,Platea,Metteniusaceae
22637,Platea excelsa var. borneensis,Platea,Metteniusaceae
22640,Platea latifolia,Platea,Metteniusaceae
22641,Platea sclerophylla,Platea,Metteniusaceae
22644,Platostoma hispidum,Platostoma,Lamiaceae
22646,Platostoma palustre,Platostoma,Lamiaceae
22647,Platycerium bifurcatum,Platycerium,Polypodiaceae
22656,Plectocomia elongata,Plectocomia,Arecaceae
22659,Plectocomia mulleri,Plectocomia,Arecaceae
22660,Plectocomia pygmaea,Plectocomia,Arecaceae
22662,Plectocomiopsis geminiflora,Plectocomiopsis,Arecaceae
22663,Plectocomiopsis mira,Plectocomiopsis,Arecaceae
22664,Plectocomiopsis triquetra,Plectocomiopsis,Arecaceae
22673,Pleioluma firma,Pleioluma,Sapotaceae
22674,Pleioluma foxworthyi,Pleioluma,Sapotaceae
22683,Pleiospermium dubium,Pleiospermium,Rutaceae
22684,Pleiospermium latialatum,Pleiospermium,Rutaceae
22686,Pleiospermium longisepalum,Pleiospermium,Rutaceae
22691,Pleocnemia conjugata,Pleocnemia,Dryopteridaceae
22692,Pleocnemia cumingiana,Pleocnemia,Dryopteridaceae
22694,Pleocnemia hemiteliiformis,Pleocnemia,Dryopteridaceae
22696,Pleocnemia irregularis,Pleocnemia,Dryopteridaceae
22699,Pleocnemia olivacea,Pleocnemia,Dryopteridaceae
22700,Pleocnemia pleiotricha,Pleocnemia,Dryopteridaceae
22701,Pleocnemia presliana,Pleocnemia,Dryopteridaceae
22709,Plethiandra beccariana,Plethiandra,Melastomataceae
22710,Plethiandra cuneata,Plethiandra,Melastomataceae
22711,Plethiandra hookeri,Plethiandra,Melastomataceae
22712,Plethiandra robusta,Plethiandra,Melastomataceae
22724,Pleurolobus gangeticus,Pleurolobus,Fabaceae
22729,Plocoglottis angulata,Plocoglottis,Orchidaceae
22731,Plocoglottis dilatata,Plocoglottis,Orchidaceae
22732,Plocoglottis gigantea,Plocoglottis,Orchidaceae
22735,Plocoglottis javanica,Plocoglottis,Orchidaceae
22742,Plocoglottis lowii,Plocoglottis,Orchidaceae
22746,Plocoglottis plicata,Plocoglottis,Orchidaceae
22754,Ploiarium elegans,Ploiarium,Bonnetiaceae
22757,Pluchea indica,Pluchea,Asteraceae
22759,Plukenetia corniculata,Plukenetia,Euphorbiaceae
22763,Poa borneensis,Poa,Poaceae
22804,Poaephyllum pauciflorum,Poaephyllum,Orchidaceae
22805,Poaephyllum podochiloides,Poaephyllum,Orchidaceae
22811,Podocarpus borneensis,Podocarpus,Podocarpaceae
22815,Podocarpus brevifolius,Podocarpus,Podocarpaceae
22819,Podocarpus gibbsiae,Podocarpus,Podocarpaceae
22824,Podocarpus laubenfelsii,Podocarpus,Podocarpaceae
22826,Podocarpus levis,Podocarpus,Podocarpaceae
22831,Podocarpus neriifolius,Podocarpus,Podocarpaceae
22836,Podocarpus polystachyus,Podocarpus,Podocarpaceae
22838,Podocarpus ramosii,Podocarpus,Podocarpaceae
22839,Podocarpus rubens,Podocarpus,Podocarpaceae
22840,Podocarpus rumphii,Podocarpus,Podocarpaceae
22847,Podochilus bilabiatus,Podochilus,Orchidaceae
22848,Podochilus cucullatus,Podochilus,Orchidaceae
22852,Podochilus gracilis,Podochilus,Orchidaceae
22859,Podochilus lucescens,Podochilus,Orchidaceae
22860,Podochilus marsupialis,Podochilus,Orchidaceae
22862,Podochilus microphyllus,Podochilus,Orchidaceae
22865,Podochilus obovatipetalus,Podochilus,Orchidaceae
22866,Podochilus oxyphyllus,Podochilus,Orchidaceae
22871,Podochilus scalpelliformis,Podochilus,Orchidaceae
22873,Podochilus sciuroides,Podochilus,Orchidaceae
22874,Podochilus serpyllifolius,Podochilus,Orchidaceae
22875,Podochilus similis,Podochilus,Orchidaceae
22876,Podochilus spathulatus,Podochilus,Orchidaceae
22880,Podochilus tenuis,Podochilus,Orchidaceae
22884,Pogonatherum crinitum,Pogonatherum,Poaceae
22885,Pogonatherum paniceum,Pogonatherum,Poaceae
22887,Pogostemon auricularius,Pogostemon,Lamiaceae
22889,Pogostemon cablin,Pogostemon,Lamiaceae
22892,Pogostemon heyneanus,Pogostemon,Lamiaceae
22906,Poikilogyne biporosa,Poikilogyne,Melastomataceae
22920,Poikilospermum borneense,Poikilospermum,Urticaceae
22921,Poikilospermum cordifolium,Poikilospermum,Urticaceae
22922,Poikilospermum dubium,Poikilospermum,Urticaceae
22927,Poikilospermum intermedium,Poikilospermum,Urticaceae
22929,Poikilospermum longifolium,Poikilospermum,Urticaceae
22930,Poikilospermum micranthum,Poikilospermum,Urticaceae
22931,Poikilospermum microstachys,Poikilospermum,Urticaceae
22934,Poikilospermum oblongifolium,Poikilospermum,Urticaceae
22936,Poikilospermum peltatum,Poikilospermum,Urticaceae
22937,Poikilospermum scabrinervium,Poikilospermum,Urticaceae
22938,Poikilospermum scortechinii,Poikilospermum,Urticaceae
22940,Poikilospermum suaveolens,Poikilospermum,Urticaceae
22941,Poikilospermum subtrinervium,Poikilospermum,Urticaceae
22942,Poikilospermum tangaum,Poikilospermum,Urticaceae
22943,Polhillides velutina,Polhillides,Fabaceae
22952,Pollia secundiflora,Pollia,Commelinaceae
22953,Pollia subumbellata,Pollia,Commelinaceae
22955,Pollia thyrsiflora,Pollia,Commelinaceae
22957,Polyalthia borneensis,Polyalthia,Annonaceae
22958,Polyalthia bromantha,Polyalthia,Annonaceae
22959,Polyalthia bullata,Polyalthia,Annonaceae
22961,Polyalthia cauliflora,Polyalthia,Annonaceae
22963,Polyalthia chrysotricha,Polyalthia,Annonaceae
22965,Polyalthia dictyoneura,Polyalthia,Annonaceae
22967,Polyalthia elliptica,Polyalthia,Annonaceae
22968,Polyalthia endertii,Polyalthia,Annonaceae
22969,Polyalthia flagellaris,Polyalthia,Annonaceae
22971,Polyalthia ichthyosma,Polyalthia,Annonaceae
22972,Polyalthia igniflora,Polyalthia,Annonaceae
22973,Polyalthia insignis,Polyalthia,Annonaceae
22975,Polyalthia lasioclada,Polyalthia,Annonaceae
22977,Polyalthia microsepala,Polyalthia,Annonaceae
22978,Polyalthia microtus,Polyalthia,Annonaceae
22980,Polyalthia monocarpioides,Polyalthia,Annonaceae
22982,Polyalthia motleyana,Polyalthia,Annonaceae
22983,Polyalthia myristica,Polyalthia,Annonaceae
22984,Polyalthia obliqua,Polyalthia,Annonaceae
22985,Polyalthia oblonga,Polyalthia,Annonaceae
22987,Polyalthia saprosma,Polyalthia,Annonaceae
22988,Polyalthia spathulata,Polyalthia,Annonaceae
22990,Polyalthia stenophylla,Polyalthia,Annonaceae
22991,Polyalthia subcordata,Polyalthia,Annonaceae
22993,Polyalthia tipuliflora,Polyalthia,Annonaceae
22994,Polyalthia trochilia,Polyalthia,Annonaceae
23020,Polygala venenosa,Polygala,Polygalaceae
23028,Polyosma borneensis,Polyosma,Escalloniaceae
23029,Polyosma bracteosa,Polyosma,Escalloniaceae
23033,Polyosma dewildei,Polyosma,Escalloniaceae
23035,Polyosma fragrans,Polyosma,Escalloniaceae
23036,Polyosma grandiflora,Polyosma,Escalloniaceae
23043,Polyosma integrifolia,Polyosma,Escalloniaceae
23044,Polyosma kingiana,Polyosma,Escalloniaceae
23046,Polyosma latifolia,Polyosma,Escalloniaceae
23048,Polyosma longepedicellata,Polyosma,Escalloniaceae
23057,Polyosma ridleyi,Polyosma,Escalloniaceae
23071,Polyscias aherniana,Polyscias,Araliaceae
23072,Polyscias ashtonii,Polyscias,Araliaceae
23074,Polyscias balfouriana,Polyscias,Araliaceae
23076,Polyscias biformis,Polyscias,Araliaceae
23078,Polyscias borneensis,Polyscias,Araliaceae
23079,Polyscias collina,Polyscias,Araliaceae
23083,Polyscias elliptica,Polyscias,Araliaceae
23106,Polyscias revoluta,Polyscias,Araliaceae
23111,Polyscias serratifolia,Polyscias,Araliaceae
23116,Polyscias winkleri,Polyscias,Araliaceae
23119,Polyspora borneensis,Polyspora,Theaceae
23120,Polyspora excelsa,Polyspora,Theaceae
23121,Polyspora havilandii,Polyspora,Theaceae
23122,Polyspora imbricata,Polyspora,Theaceae
23123,Polyspora integerrima,Polyspora,Theaceae
23124,Polyspora lanceifolia,Polyspora,Theaceae
23125,Polyspora maingayi,Polyspora,Theaceae
23126,Polyspora marginata,Polyspora,Theaceae
23127,Polyspora multinervis,Polyspora,Theaceae
23129,Polyspora ovalis,Polyspora,Theaceae
23134,Polystachya concreta,Polystachya,Orchidaceae
23136,Polystichum aculeatum,Polystichum,Dryopteridaceae
23140,Polystichum biaristatum,Polystichum,Dryopteridaceae
23158,Polystichum mucronifolium,Polystichum,Dryopteridaceae
23165,Polystichum scariosum,Polystichum,Dryopteridaceae
23167,Polytaenium cajenense,Polytaenium,Pteridaceae
23169,Polytoca digitata,Polytoca,Poaceae
23173,Polytrias indica,Polytrias,Poaceae
23174,Pomatocalpa bicolor,Pomatocalpa,Orchidaceae
23175,Pomatocalpa diffusum,Pomatocalpa,Orchidaceae
23177,Pomatocalpa fuscum,Pomatocalpa,Orchidaceae
23179,Pomatocalpa kunstleri,Pomatocalpa,Orchidaceae
23182,Pomatocalpa maculosum,Pomatocalpa,Orchidaceae
23186,Pomatocalpa sphaetophorum,Pomatocalpa,Orchidaceae
23187,Pomatocalpa spicatum,Pomatocalpa,Orchidaceae
23188,Pomatocalpa truncatum,Pomatocalpa,Orchidaceae
23190,Pometia pinnata,Pometia,Sapindaceae
23191,Pometia ridleyi,Pometia,Sapindaceae
23192,Pongamia pinnata,Pongamia,Fabaceae
23198,Popowia alata,Popowia,Annonaceae
23199,Popowia bancana,Popowia,Annonaceae
23201,Popowia beddomeana,Popowia,Annonaceae
23205,Popowia fusca,Popowia,Annonaceae
23206,Popowia hirta,Popowia,Annonaceae
23208,Popowia odoardi,Popowia,Annonaceae
23210,Popowia pisocarpa,Popowia,Annonaceae
23212,Popowia tomentosa,Popowia,Annonaceae
23213,Porana volubilis,Porana,Convolvulaceae
23217,Porphyroglottis maxwelliae,Porphyroglottis,Orchidaceae
23218,Porrorhachis galbina,Porrorhachis,Orchidaceae
23220,Porterandia anisophylla,Porterandia,Rubiaceae
23221,Porterandia catappifolia,Porterandia,Rubiaceae
23223,Porterandia chanii,Porterandia,Rubiaceae
23224,Porterandia congestiflora,Porterandia,Rubiaceae
23225,Porterandia glabrifolia,Porterandia,Rubiaceae
23226,Porterandia grandifolia,Porterandia,Rubiaceae
23227,Porterandia kalimantanensis,Porterandia,Rubiaceae
23228,Porterandia macroptera,Porterandia,Rubiaceae
23229,Porterandia subsessilis,Porterandia,Rubiaceae
23234,Portulaca quadrifida,Portulaca,Portulacaceae
23254,Potentilla hebiichigo,Potentilla,Rosaceae
23255,Potentilla indica,Potentilla,Rosaceae
23256,Potentilla kleiniana,Potentilla,Rosaceae
23263,Pothos atropurpurascens,Pothos,Araceae
23264,Pothos barberianus,Pothos,Araceae
23265,Pothos beccarianus,Pothos,Araceae
23266,Pothos brevistylus,Pothos,Araceae
23278,Pothos insignis,Pothos,Araceae
23280,Pothos latifolius,Pothos,Araceae
23281,Pothos leptostachyus,Pothos,Araceae
23282,Pothos longivaginatus,Pothos,Araceae
23284,Pothos mirabilis,Pothos,Araceae
23285,Pothos motleyanus,Pothos,Araceae
23287,Pothos oxyphyllus,Pothos,Araceae
23288,Pothos paiei,Pothos,Araceae
23292,Pothos scandens,Pothos,Araceae
23294,Pothos tener,Pothos,Araceae
23296,Pothos wallichii,Pothos,Araceae
23298,Potoxylon melagangai,Potoxylon,Lauraceae
23315,Pouzolzia sanguinea,Pouzolzia,Urticaceae
23319,Pouzolzia zeylanica,Pouzolzia,Urticaceae
23321,Prainea limpato,Prainea,Moraceae
23323,Prainea scandens,Prainea,Moraceae
23325,Praravinia borneensis,Praravinia,Rubiaceae
23326,Praravinia bullata,Praravinia,Rubiaceae
23329,Praravinia chalcotricha,Praravinia,Rubiaceae
23330,Praravinia coriacea,Praravinia,Rubiaceae
23331,Praravinia densiflora,Praravinia,Rubiaceae
23332,Praravinia hallieri,Praravinia,Rubiaceae
23333,Praravinia hexamera,Praravinia,Rubiaceae
23335,Praravinia megistocalyx,Praravinia,Rubiaceae
23338,Praravinia parviflora,Praravinia,Rubiaceae
23339,Praravinia polymera,Praravinia,Rubiaceae
23341,Praravinia sericotricha,Praravinia,Rubiaceae
23342,Praravinia suberosa,Praravinia,Rubiaceae
23343,Praravinia subtomentosa,Praravinia,Rubiaceae
23345,Praravinia urophylloides,Praravinia,Rubiaceae
23346,Praravinia verruculosa,Praravinia,Rubiaceae
23347,Prasoxylon alliaceum,Prasoxylon,Meliaceae
23351,Premna corymbosa,Premna,Lamiaceae
23355,Premna oblongata,Premna,Lamiaceae
23356,Premna odorata,Premna,Lamiaceae
23357,Premna pallescens,Premna,Lamiaceae
23363,Premna serratifolia,Premna,Lamiaceae
23366,Premna trichostoma,Premna,Lamiaceae
23384,Prismatomeris beccariana,Prismatomeris,Rubiaceae
23385,Prismatomeris glabra,Prismatomeris,Rubiaceae
23389,Prismatomeris tetrandra,Prismatomeris,Rubiaceae
23390,Prismatomeris tetrandra subsp. malayana,Prismatomeris,Rubiaceae
23392,Pristimera glaga,Pristimera,Celastraceae
23396,Procris frutescens,Procris,Urticaceae
23412,Pronephrium peltatum var. persetiferum,Pronephrium,Thelypteridaceae
23413,Prosaptia alata,Prosaptia,Polypodiaceae
23420,Prunus arborea,Prunus,Rosaceae
23422,Prunus arborea var. densa,Prunus,Rosaceae
23425,Prunus arborea var. stipulacea,Prunus,Rosaceae
23428,Prunus beccarii,Prunus,Rosaceae
23441,Prunus grisea,Prunus,Rosaceae
23443,Prunus grisea var. tomentosa,Prunus,Rosaceae
23444,Prunus javanica,Prunus,Rosaceae
23445,Prunus kinabaluensis,Prunus,Rosaceae
23446,Prunus lamponga,Prunus,Rosaceae
23447,Prunus laxinervis,Prunus,Rosaceae
23448,Prunus mirabilis,Prunus,Rosaceae
23452,Prunus oocarpa,Prunus,Rosaceae
23453,Prunus polystachya,Prunus,Rosaceae
23458,Prunus spicata,Prunus,Rosaceae
23461,Prunus turfosa,Prunus,Rosaceae
23463,Prunus undulata,Prunus,Rosaceae
23471,Pseuderanthemum acuminatissimum,Pseuderanthemum,Acanthaceae
23478,Pseuderanthemum diversifolium,Pseuderanthemum,Acanthaceae
23482,Pseuderanthemum latifolium,Pseuderanthemum,Acanthaceae
23509,Pseudoclausena chrysogyne,Pseudoclausena,Meliaceae
23518,Pseudopogonatherum quadrinerve,Pseudopogonatherum,Poaceae
23521,Pseudoraphis spinescens,Pseudoraphis,Poaceae
23528,Pseudovanilla foliata,Pseudovanilla,Orchidaceae
23534,Pseuduvaria borneensis,Pseuduvaria,Annonaceae
23540,Pseuduvaria hyadena,Pseuduvaria,Annonaceae
23545,Pseuduvaria obliqua,Pseuduvaria,Annonaceae
23547,Pseuduvaria pamattonis,Pseuduvaria,Annonaceae
23548,Pseuduvaria parvipetala,Pseuduvaria,Annonaceae
23549,Pseuduvaria reticulata,Pseuduvaria,Annonaceae
23550,Pseuduvaria rugosa,Pseuduvaria,Annonaceae
23554,Psilotrichum ferrugineum,Psilotrichum,Amaranthaceae
23555,Psilotum complanatum,Psilotum,Psilotaceae
23556,Psilotum nudum,Psilotum,Psilotaceae
23558,Psophocarpus tetragonolobus,Psophocarpus,Fabaceae
23560,Psychotria alba,Psychotria,Rubiaceae
23561,Psychotria albomarginata,Psychotria,Rubiaceae
23563,Psychotria angulata,Psychotria,Rubiaceae
23590,Psychotria connata,Psychotria,Rubiaceae
23591,Psychotria crassifolia,Psychotria,Rubiaceae
23595,Psychotria cuspidella,Psychotria,Rubiaceae
23599,Psychotria divergens,Psychotria,Rubiaceae
23603,Psychotria euneura,Psychotria,Rubiaceae
23619,Psychotria iteophylla,Psychotria,Rubiaceae
23628,Psychotria laxiflora,Psychotria,Rubiaceae
23646,Psychotria malayana,Psychotria,Rubiaceae
23649,Psychotria megacoma,Psychotria,Rubiaceae
23652,Psychotria microcephala,Psychotria,Rubiaceae
23653,Psychotria micrococca,Psychotria,Rubiaceae
23656,Psychotria montensis,Psychotria,Rubiaceae
23666,Psychotria nieuwenhuizii,Psychotria,Rubiaceae
23668,Psychotria ovoidea,Psychotria,Rubiaceae
23680,Psychotria polytricha,Psychotria,Rubiaceae
23693,Psychotria robusta,Psychotria,Rubiaceae
23697,Psychotria sarmentosa,Psychotria,Rubiaceae
23698,Psychotria sarmentosoides,Psychotria,Rubiaceae
23702,Psychotria serpens,Psychotria,Rubiaceae
23713,Psychotria undulata,Psychotria,Rubiaceae
23721,Psychotria viridiflora,Psychotria,Rubiaceae
23727,Psychotria winkleri,Psychotria,Rubiaceae
23730,Psydrax approximatus,Psydrax,Rubiaceae
23731,Psydrax dicoccos,Psydrax,Rubiaceae
23732,Psydrax fasciculatus,Psydrax,Rubiaceae
23735,Psydrax lucidulus,Psydrax,Rubiaceae
23738,Psydrax umbellatus,Psydrax,Rubiaceae
23739,Pteleocarpa lamponga,Pteleocarpa,Gelsemiaceae
23740,Pteridium aquilinum,Pteridium,Dennstaedtiaceae
23741,Pteridium caudatum,Pteridium,Dennstaedtiaceae
23742,Pteridium esculentum,Pteridium,Dennstaedtiaceae
23745,Pteridium rostratum,Pteridium,Dennstaedtiaceae
23748,Pteridrys microthecia,Pteridrys,Pteridryaceae
23750,Pteridrys syrmatica,Pteridrys,Pteridryaceae
23761,Pteris christensenii,Pteris,Pteridaceae
23768,Pteris dayakorum,Pteris,Pteridaceae
23774,Pteris ensiformis,Pteris,Pteridaceae
23776,Pteris grevilleana,Pteris,Pteridaceae
23780,Pteris holttumii,Pteris,Pteridaceae
23784,Pteris ligulata,Pteris,Pteridaceae
23786,Pteris longipinnula,Pteris,Pteridaceae
23795,Pteris opaca,Pteris,Pteridaceae
23796,Pteris oppositipinnata,Pteris,Pteridaceae
23799,Pteris pediformis,Pteris,Pteridaceae
23800,Pteris pellucens,Pteris,Pteridaceae
23801,Pteris pellucida,Pteris,Pteridaceae
23802,Pteris platysora,Pteris,Pteridaceae
23803,Pteris plumieri,Pteris,Pteridaceae
23804,Pteris quadriaurita,Pteris,Pteridaceae
23809,Pteris semipinnata,Pteris,Pteridaceae
23815,Pteris terminalis,Pteris,Pteridaceae
23817,Pteris tripartita,Pteris,Pteridaceae
23818,Pteris venulosa,Pteris,Pteridaceae
23820,Pteris vittata,Pteris,Pteridaceae
23824,Pteris woodwardioides,Pteris,Pteridaceae
23826,Pterisanthes beccariana,Pterisanthes,Vitaceae
23828,Pterisanthes caudigera,Pterisanthes,Vitaceae
23829,Pterisanthes cissioides,Pterisanthes,Vitaceae
23831,Pterisanthes grandis,Pterisanthes,Vitaceae
23832,Pterisanthes heterantha,Pterisanthes,Vitaceae
23834,Pterisanthes quinquefoliolata,Pterisanthes,Vitaceae
23835,Pterisanthes rufula,Pterisanthes,Vitaceae
23838,Pternandra azurea,Pternandra,Melastomataceae
23839,Pternandra azurea var. cordata,Pternandra,Melastomataceae
23840,Pternandra caerulescens,Pternandra,Melastomataceae
23841,Pternandra coerulescens,Pternandra,Melastomataceae
23842,Pternandra cogniauxii,Pternandra,Melastomataceae
23843,Pternandra coriacea,Pternandra,Melastomataceae
23844,Pternandra crassicalyx,Pternandra,Melastomataceae
23845,Pternandra echinata,Pternandra,Melastomataceae
23846,Pternandra galeata,Pternandra,Melastomataceae
23847,Pternandra galeata var. elmeri,Pternandra,Melastomataceae
23848,Pternandra gracilis,Pternandra,Melastomataceae
23849,Pternandra hirtella,Pternandra,Melastomataceae
23851,Pternandra multiflora,Pternandra,Melastomataceae
23852,Pternandra rostrata,Pternandra,Melastomataceae
23853,Pternandra tessellata,Pternandra,Melastomataceae
23854,Pternandra teysmanniana,Pternandra,Melastomataceae
23855,Pternandra tuberculata,Pternandra,Melastomataceae
23856,Pterocarpus dalbergioides,Pterocarpus,Fabaceae
23857,Pterocarpus indicus,Pterocarpus,Fabaceae
23866,Pteroceras biserratum,Pteroceras,Orchidaceae
23868,Pteroceras fragrans,Pteroceras,Orchidaceae
23872,Pteroceras spathibrachiatum,Pteroceras,Orchidaceae
23873,Pteroceras teres,Pteroceras,Orchidaceae
23874,Pteroceras vriesii,Pteroceras,Orchidaceae
23876,Pterocymbium parviflorum,Pterocymbium,Malvaceae
23877,Pterocymbium splendens,Pterocymbium,Malvaceae
23879,Pterocymbium tinctorium,Pterocymbium,Malvaceae
23880,Pterocymbium tinctorium var. javanicum,Pterocymbium,Malvaceae
23881,Pterocymbium tubulatum,Pterocymbium,Malvaceae
23883,Pterolobium borneense,Pterolobium,Fabaceae
23890,Pterospermum acerifolium,Pterospermum,Malvaceae
23892,Pterospermum borneense,Pterospermum,Malvaceae
23894,Pterospermum celebicum,Pterospermum,Malvaceae
23895,Pterospermum diversifolium,Pterospermum,Malvaceae
23897,Pterospermum elongatum,Pterospermum,Malvaceae
23898,Pterospermum fuscum,Pterospermum,Malvaceae
23899,Pterospermum glabrum,Pterospermum,Malvaceae
23900,Pterospermum javanicum,Pterospermum,Malvaceae
23902,Pterospermum merrillianum,Pterospermum,Malvaceae
23906,Pterospermum stapfianum,Pterospermum,Malvaceae
23916,Pterygota alata,Pterygota,Malvaceae
23917,Pterygota bureavii,Pterygota,Malvaceae
23919,Pterygota horsfieldii,Pterygota,Malvaceae
23921,Pterygota trinervia,Pterygota,Malvaceae
23930,Ptisana koordersii,Ptisana,Marattiaceae
23940,Ptisana sambucina,Ptisana,Marattiaceae
23943,Ptisana sylvatica,Ptisana,Marattiaceae
23944,Ptisana ternatea,Ptisana,Marattiaceae
23947,Ptychopyxis arborea,Ptychopyxis,Euphorbiaceae
23948,Ptychopyxis bacciformis,Ptychopyxis,Euphorbiaceae
23952,Ptychopyxis glochidiifolia,Ptychopyxis,Euphorbiaceae
23953,Ptychopyxis grandis,Ptychopyxis,Euphorbiaceae
23954,Ptychopyxis javanica,Ptychopyxis,Euphorbiaceae
23955,Ptychopyxis kingii,Ptychopyxis,Euphorbiaceae
23971,Ptyssiglottis auriculata,Ptyssiglottis,Acanthaceae
23973,Ptyssiglottis caudata,Ptyssiglottis,Acanthaceae
23974,Ptyssiglottis creaghii,Ptyssiglottis,Acanthaceae
23975,Ptyssiglottis dulcamarioides,Ptyssiglottis,Acanthaceae
23976,Ptyssiglottis gibbsiae,Ptyssiglottis,Acanthaceae
23978,Ptyssiglottis granulata,Ptyssiglottis,Acanthaceae
23979,Ptyssiglottis hallieri,Ptyssiglottis,Acanthaceae
23980,Ptyssiglottis hirsuta,Ptyssiglottis,Acanthaceae
23982,Ptyssiglottis lanceolata,Ptyssiglottis,Acanthaceae
23983,Ptyssiglottis maxima,Ptyssiglottis,Acanthaceae
23985,Ptyssiglottis nigrescens,Ptyssiglottis,Acanthaceae
23986,Ptyssiglottis peranthera,Ptyssiglottis,Acanthaceae
23988,Ptyssiglottis psychotriifolia,Ptyssiglottis,Acanthaceae
23989,Ptyssiglottis pubescens,Ptyssiglottis,Acanthaceae
23991,Pueraria montana,Pueraria,Fabaceae
23994,Pueraria pulcherrima,Pueraria,Fabaceae
24001,Pupalia lappacea,Pupalia,Amaranthaceae
24002,Pursegloveia burttii,Pursegloveia,Araceae
24003,Pursegloveia kazuyae,Pursegloveia,Araceae
24004,Pursegloveia minima,Pursegloveia,Araceae
24005,Pursegloveia orientalis,Pursegloveia,Araceae
24006,Putranjiva roxburghii,Putranjiva,Putranjivaceae
24008,Pycnarrhena longifolia,Pycnarrhena,Menispermaceae
24013,Pycnarrhena tumefacta,Pycnarrhena,Menispermaceae
24018,Pyramidanthe kentii,Pyramidanthe,Annonaceae
24019,Pyramidanthe prismatica,Pyramidanthe,Annonaceae
24021,Pyrenaria pahangensis,Pyrenaria,Theaceae
24022,Pyrenaria serrata,Pyrenaria,Theaceae
24023,Pyrenaria serrata var. masocarpa,Pyrenaria,Theaceae
24024,Pyrenaria tawauensis,Pyrenaria,Theaceae
24028,Pyrrosia adnascens,Pyrrosia,Polypodiaceae
24030,Pyrrosia angustata,Pyrrosia,Polypodiaceae
24033,Pyrrosia christii,Pyrrosia,Polypodiaceae
24034,Pyrrosia costata,Pyrrosia,Polypodiaceae
24043,Pyrrosia heterophylla,Pyrrosia,Polypodiaceae
24044,Pyrrosia kinabaluensis,Pyrrosia,Polypodiaceae
24045,Pyrrosia lanceolata,Pyrrosia,Polypodiaceae
24047,Pyrrosia longifolia,Pyrrosia,Polypodiaceae
24050,Pyrrosia nummulariifolia,Pyrrosia,Polypodiaceae
24054,Pyrrosia piloselloides,Pyrrosia,Polypodiaceae
24055,Pyrrosia platyphylla,Pyrrosia,Polypodiaceae
24058,Pyrrosia sphaerosticha,Pyrrosia,Polypodiaceae
24060,Pyrrosia stigmosa,Pyrrosia,Polypodiaceae
24066,Quercus argentata,Quercus,Fagaceae
24069,Quercus elmeri,Quercus,Fagaceae
24070,Quercus gaharuensis,Quercus,Fagaceae
24071,Quercus gemelliflora,Quercus,Fagaceae
24074,Quercus kerangasensis,Quercus,Fagaceae
24077,Quercus lowii,Quercus,Fagaceae
24078,Quercus merrillii,Quercus,Fagaceae
24080,Quercus oidocarpa,Quercus,Fagaceae
24085,Quercus subsericea,Quercus,Fagaceae
24086,Quercus sumatrana,Quercus,Fagaceae
24087,Quercus treubiana,Quercus,Fagaceae
24088,Quercus valdinervosa,Quercus,Fagaceae
24096,Racemobambos gibbsiae,Racemobambos,Poaceae
24097,Racemobambos glabra,Racemobambos,Poaceae
24099,Racemobambos kutaiensis,Racemobambos,Poaceae
24108,Radermachera quadripinnata,Radermachera,Bignoniaceae
24109,Radermachera ramiflora,Radermachera,Bignoniaceae
24110,Rafflesia arnoldi,Rafflesia,Rafflesiaceae
24117,Rafflesia keithii,Rafflesia,Rafflesiaceae
24122,Rafflesia pricei,Rafflesia,Rafflesiaceae
24177,Rauvolfia kamarora,Rauvolfia,Apocynaceae
24183,Rauvolfia sumatrana,Rauvolfia,Apocynaceae
24184,Rauvolfia verticillata,Rauvolfia,Apocynaceae
24189,Reinwardtiodendron celebicum,Reinwardtiodendron,Meliaceae
24190,Reinwardtiodendron cinereum,Reinwardtiodendron,Meliaceae
24191,Reinwardtiodendron humile,Reinwardtiodendron,Meliaceae
24192,Reinwardtiodendron kinabaluense,Reinwardtiodendron,Meliaceae
24196,Reissantia indica,Reissantia,Celastraceae
24202,Renanthera elongata,Renanthera,Orchidaceae
24204,Renanthera matutina,Renanthera,Orchidaceae
24206,Renanthera porphyrodesme,Renanthera,Orchidaceae
24209,Rennellia elliptica,Rennellia,Rubiaceae
24210,Rennellia elongata,Rennellia,Rubiaceae
24212,Rennellia speciosa,Rennellia,Rubiaceae
24216,Reynoutria sachalinensis,Reynoutria,Polygonaceae
24220,Rhamnus napalensis,Rhamnus,Rhamnaceae
24233,Rhaphidophora beccarii,Rhaphidophora,Araceae
24236,Rhaphidophora conocephala,Rhaphidophora,Araceae
24237,Rhaphidophora cylindrosperma,Rhaphidophora,Araceae
24238,Rhaphidophora decursiva,Rhaphidophora,Araceae
24240,Rhaphidophora elliptica,Rhaphidophora,Araceae
24241,Rhaphidophora elliptifolia,Rhaphidophora,Araceae
24249,Rhaphidophora korthalsii,Rhaphidophora,Araceae
24250,Rhaphidophora latevaginata,Rhaphidophora,Araceae
24251,Rhaphidophora lobbii,Rhaphidophora,Araceae
24253,Rhaphidophora megasperma,Rhaphidophora,Araceae
24256,Rhaphidophora minor,Rhaphidophora,Araceae
24265,Rhaphidophora peeploides,Rhaphidophora,Araceae
24268,Rhaphidophora puberula,Rhaphidophora,Araceae
24272,Rhaphidophora spathacea,Rhaphidophora,Araceae
24273,Rhaphidophora sylvestris,Rhaphidophora,Araceae
24275,Rhaphidophora tenuis,Rhaphidophora,Araceae
24279,Rhaphidophora typha,Rhaphidophora,Araceae
24288,Rhaphidura lowii,Rhaphidura,Rubiaceae
24302,Rhizanthes lowii,Rhizanthes,Rafflesiaceae
24303,Rhizanthes zippelii,Rhizanthes,Rafflesiaceae
24306,Rhizophora apiculata,Rhizophora,Rhizophoraceae
24308,Rhizophora mucronata,Rhizophora,Rhizophoraceae
24311,Rhodamnia cinerea,Rhodamnia,Myrtaceae
24316,Rhodamnia mulleri,Rhodamnia,Myrtaceae
24337,Rhododendron × variolosum var. andersonii,Rhododendron,Ericaceae
24342,Rhododendron alborugosum,Rhododendron,Ericaceae
24358,Rhododendron bagobonum,Rhododendron,Ericaceae
24364,Rhododendron borneense,Rhododendron,Ericaceae
24365,Rhododendron borneense subsp. villosum,Rhododendron,Ericaceae
24392,Rhododendron crassifolium,Rhododendron,Ericaceae
24393,Rhododendron crassifolium var. pseudomurudense,Rhododendron,Ericaceae
24408,Rhododendron edanoi subsp. pneumonanthum,Rhododendron,Ericaceae
24416,Rhododendron fortunans,Rhododendron,Ericaceae
24431,Rhododendron himantodes var. lavandulifolium,Rhododendron,Ericaceae
24441,Rhododendron jasminiflorum,Rhododendron,Ericaceae
24442,Rhododendron jasminiflorum subsp. chamaepitys,Rhododendron,Ericaceae
24444,Rhododendron jasminiflorum subsp. oblongifolium,Rhododendron,Ericaceae
24445,Rhododendron javanicum,Rhododendron,Ericaceae
24446,Rhododendron javanicum subsp. brookeanum,Rhododendron,Ericaceae
24447,Rhododendron javanicum subsp. cladotrichum,Rhododendron,Ericaceae
24448,Rhododendron javanicum subsp. gracile,Rhododendron,Ericaceae
24449,Rhododendron javanicum subsp. moultonii,Rhododendron,Ericaceae
24451,Rhododendron javanicum subsp. teysmannii,Rhododendron,Ericaceae
24453,Rhododendron kemulense,Rhododendron,Ericaceae
24470,Rhododendron longiflorum,Rhododendron,Ericaceae
24474,Rhododendron maddenii,Rhododendron,Ericaceae
24477,Rhododendron malayanum,Rhododendron,Ericaceae
24484,Rhododendron mogeanum,Rhododendron,Ericaceae
24495,Rhododendron nervulosum,Rhododendron,Ericaceae
24496,Rhododendron nieuwenhuisii,Rhododendron,Ericaceae
24500,Rhododendron orbiculatum,Rhododendron,Ericaceae
24522,Rhododendron pseudotrichanthum,Rhododendron,Ericaceae
24555,Rhododendron rugosum,Rhododendron,Ericaceae
24557,Rhododendron salicifolium,Rhododendron,Ericaceae
24571,Rhododendron stapfianum,Rhododendron,Ericaceae
24574,Rhododendron stenophyllum,Rhododendron,Ericaceae
24575,Rhododendron stenophyllum subsp. angustifolium,Rhododendron,Ericaceae
24577,Rhododendron suaveolens,Rhododendron,Ericaceae
24593,Rhododendron trichanthum,Rhododendron,Ericaceae
24601,Rhododendron verticillatum,Rhododendron,Ericaceae
24602,Rhododendron verticillatum subsp. carinatum,Rhododendron,Ericaceae
24644,Rhus chinensis,Rhus,Anacardiaceae
24648,Rhynchoglossum borneense,Rhynchoglossum,Gesneriaceae
24651,Rhynchoglossum notonianum,Rhynchoglossum,Gesneriaceae
24652,Rhynchoglossum obliquum,Rhynchoglossum,Gesneriaceae
24653,Rhynchopyle elongata,Rhynchopyle,Araceae
24654,Rhynchopyle marginata,Rhynchopyle,Araceae
24655,Rhynchopyle nivea,Rhynchopyle,Araceae
24656,Rhynchopyle pileata,Rhynchopyle,Araceae
24657,Rhynchopyle viridistigma,Rhynchopyle,Araceae
24663,Rhynchosia minima,Rhynchosia,Fabaceae
24667,Rhynchosia rufescens,Rhynchosia,Fabaceae
24673,Rhynchospora corymbosa,Rhynchospora,Cyperaceae
24677,Rhynchospora hookeri,Rhynchospora,Cyperaceae
24680,Rhynchospora rubra,Rhynchospora,Cyperaceae
24688,Rhynchostylis retusa,Rhynchostylis,Orchidaceae
24694,Rhynchotechum parviflorum,Rhynchotechum,Gesneriaceae
24697,Rhysotoechia grandifolia,Rhysotoechia,Sapindaceae
24698,Rhysotoechia koordersii,Rhysotoechia,Sapindaceae
24701,Rhysotoechia ramiflora,Rhysotoechia,Sapindaceae
24704,Richetia hopeifolia,Richetia,Dipterocarpaceae
24705,Richetia multiflora,Richetia,Dipterocarpaceae
24707,Ridleyandra ornata,Ridleyandra,Gesneriaceae
24708,Ridleyandra rufa,Ridleyandra,Gesneriaceae
24709,Ridleyandra synaptica,Ridleyandra,Gesneriaceae
24711,Ridsdalea forsteniana,Ridsdalea,Rubiaceae
24712,Ridsdalea grandis,Ridsdalea,Rubiaceae
24715,Ridsdalea puffiana,Ridsdalea,Rubiaceae
24716,Ridsdalea schoemannii,Ridsdalea,Rubiaceae
24738,Riedelia exalata,Riedelia,Zingiberaceae
24759,Riedelia montana,Riedelia,Zingiberaceae
24775,Rigiolepis adenopoda,Rigiolepis,Ericaceae
24776,Rigiolepis balgooyi,Rigiolepis,Ericaceae
24777,Rigiolepis bigibba,Rigiolepis,Ericaceae
24778,Rigiolepis borneensis,Rigiolepis,Ericaceae
24780,Rigiolepis irawatiae,Rigiolepis,Ericaceae
24782,Rigiolepis leptantha,Rigiolepis,Ericaceae
24783,Rigiolepis lobbii,Rigiolepis,Ericaceae
24784,Rigiolepis macrophylla,Rigiolepis,Ericaceae
24785,Rigiolepis moultonii,Rigiolepis,Ericaceae
24786,Rigiolepis piperifolia,Rigiolepis,Ericaceae
24787,Rigiolepis salicifolia,Rigiolepis,Ericaceae
24788,Rigiolepis suberosa,Rigiolepis,Ericaceae
24789,Rigiolepis sulcata,Rigiolepis,Ericaceae
24790,Rigiolepis tenax,Rigiolepis,Ericaceae
24791,Rigiolepis uniflora,Rigiolepis,Ericaceae
24793,Rigiolepis winkleri,Rigiolepis,Ericaceae
24794,Rinorea anguifera,Rinorea,Violaceae
24795,Rinorea belalongii,Rinorea,Violaceae
24796,Rinorea bengalensis,Rinorea,Violaceae
24797,Rinorea cinerea,Rinorea,Violaceae
24798,Rinorea cinerea subsp. mahayarii,Rinorea,Violaceae
24799,Rinorea congesta,Rinorea,Violaceae
24800,Rinorea crassa,Rinorea,Violaceae
24802,Rinorea horneri,Rinorea,Violaceae
24803,Rinorea javanica,Rinorea,Violaceae
24804,Rinorea lanceolata,Rinorea,Violaceae
24805,Rinorea longiracemosa,Rinorea,Violaceae
24806,Rinorea macrantha,Rinorea,Violaceae
24807,Rinorea macrophylla,Rinorea,Violaceae
24808,Rinorea sclerocarpa,Rinorea,Violaceae
24821,Robiquetia crockerensis,Robiquetia,Orchidaceae
24829,Robiquetia insectifera,Robiquetia,Orchidaceae
24834,Robiquetia minimiflora,Robiquetia,Orchidaceae
24837,Robiquetia pinosukensis,Robiquetia,Orchidaceae
24839,Robiquetia serpentina,Robiquetia,Orchidaceae
24840,Robiquetia spathulata,Robiquetia,Orchidaceae
24843,Robiquetia transversisaccata,Robiquetia,Orchidaceae
24844,Robiquetia vietnamensis,Robiquetia,Orchidaceae
24847,Robiquetia witteana,Robiquetia,Orchidaceae
24861,Rosa chinensis,Rosa,Rosaceae
24890,Rottboellia geminata,Rottboellia,Poaceae
24891,Rottboellia glandulosa,Rottboellia,Poaceae
24895,Rourea acutipetala,Rourea,Connaraceae
24896,Rourea aspleniifolia,Rourea,Connaraceae
24898,Rourea emarginata,Rourea,Connaraceae
24902,Rourea mimosoides,Rourea,Connaraceae
24903,Rourea minor,Rourea,Connaraceae
24905,Rourea pinnata,Rourea,Connaraceae
24907,Rourea rugosa,Rourea,Connaraceae
24912,Rubroshorea balangeran,Rubroshorea,Dipterocarpaceae
24913,Rubroshorea johorensis,Rubroshorea,Dipterocarpaceae
24916,Rubroshorea macrophylla,Rubroshorea,Dipterocarpaceae
24917,Rubroshorea macroptera,Rubroshorea,Dipterocarpaceae
24919,Rubroshorea palembanica,Rubroshorea,Dipterocarpaceae
24920,Rubroshorea pinanga,Rubroshorea,Dipterocarpaceae
24922,Rubroshorea splendida,Rubroshorea,Dipterocarpaceae
24923,Rubroshorea stenoptera,Rubroshorea,Dipterocarpaceae
24928,Rubus alpestris,Rubus,Rosaceae
24934,Rubus benguetensis,Rubus,Rosaceae
24936,Rubus calycinus,Rubus,Rosaceae
24939,Rubus clementis,Rubus,Rosaceae
24945,Rubus efferatus,Rubus,Rosaceae
24946,Rubus elongatus,Rubus,Rosaceae
24953,Rubus hallieri,Rubus,Rosaceae
24960,Rubus lineatus,Rubus,Rosaceae
24961,Rubus lineatus var. angustifolius,Rubus,Rosaceae
24963,Rubus lowii,Rubus,Rosaceae
24970,Rubus moluccanus,Rubus,Rosaceae
24971,Rubus moluccanus var. angulosus,Rubus,Rosaceae
24972,Rubus moluccanus var. discolor,Rubus,Rosaceae
24973,Rubus moluccanus var. obtusangulus,Rubus,Rosaceae
24978,Rubus niveus,Rubus,Rosaceae
24988,Rubus rosifolius,Rubus,Rosaceae
24994,Rubus sumatranus,Rubus,Rosaceae
25000,Ruellia borneensis,Ruellia,Acanthaceae
25026,Rungia blumeana,Rungia,Acanthaceae
25048,Ryparosa acuminata,Ryparosa,Achariaceae
25049,Ryparosa anterides,Ryparosa,Achariaceae
25050,Ryparosa baccaureoides,Ryparosa,Achariaceae
25051,Ryparosa caesia,Ryparosa,Achariaceae
25054,Ryparosa fasciculata,Ryparosa,Achariaceae
25055,Ryparosa glauca,Ryparosa,Achariaceae
25056,Ryparosa hirsuta,Ryparosa,Achariaceae
25057,Ryparosa hullettii,Ryparosa,Achariaceae
25058,Ryparosa javanica,Ryparosa,Achariaceae
25059,Ryparosa kostermansii,Ryparosa,Achariaceae
25060,Ryparosa kunstleri,Ryparosa,Achariaceae
25064,Ryparosa minor,Ryparosa,Achariaceae
25066,Ryparosa porcata,Ryparosa,Achariaceae
25084,Rytidosperma oreoboloides,Rytidosperma,Poaceae
25088,Sabia javanica,Sabia,Sabiaceae
25090,Sabia parviflora,Sabia,Sabiaceae
25092,Sabia racemosa,Sabia,Sabiaceae
25096,Saccharum officinarum,Saccharum,Poaceae
25098,Saccharum spontaneum,Saccharum,Poaceae
25099,Sacciolepis indica,Sacciolepis,Poaceae
25100,Sacciolepis interrupta,Sacciolepis,Poaceae
25101,Sacciolepis myosuroides,Sacciolepis,Poaceae
25115,Sageraea lanceolata,Sageraea,Annonaceae
25120,Sageretia thea,Sageretia,Rhamnaceae
25131,Sagittaria trifolia,Sagittaria,Alismataceae
25133,Salacca affinis,Salacca,Arecaceae
25134,Salacca clemensiana,Salacca,Arecaceae
25135,Salacca dolicholepis,Salacca,Arecaceae
25136,Salacca dransfieldiana,Salacca,Arecaceae
25138,Salacca ramosiana,Salacca,Arecaceae
25141,Salacca vermicularis,Salacca,Arecaceae
25143,Salacca zalacca,Salacca,Arecaceae
25146,Salacia castaneifolia,Salacia,Celastraceae
25148,Salacia chinensis,Salacia,Celastraceae
25151,Salacia euphlebia,Salacia,Celastraceae
25154,Salacia grandiflora,Salacia,Celastraceae
25156,Salacia kalahiensis,Salacia,Celastraceae
25157,Salacia korthalsiana,Salacia,Celastraceae
25158,Salacia laurifolia,Salacia,Celastraceae
25160,Salacia leucoclada,Salacia,Celastraceae
25161,Salacia longipedicellata,Salacia,Celastraceae
25162,Salacia macrophylla,Salacia,Celastraceae
25163,Salacia maingayi,Salacia,Celastraceae
25164,Salacia marginata,Salacia,Celastraceae
25165,Salacia minutiflora,Salacia,Celastraceae
25166,Salacia nitidissima,Salacia,Celastraceae
25167,Salacia oblongifolia,Salacia,Celastraceae
25170,Salacia polyantha,Salacia,Celastraceae
25174,Salacia verrucosa,Salacia,Celastraceae
25179,Salix tetrasperma,Salix,Salicaceae
25180,Salomonia cantoniensis,Salomonia,Polygalaceae
25190,Samadera indica,Samadera,Simaroubaceae
25194,Sandoricum beccarianum,Sandoricum,Meliaceae
25195,Sandoricum borneense,Sandoricum,Meliaceae
25196,Sandoricum dasyneuron,Sandoricum,Meliaceae
25197,Sandoricum koetjape,Sandoricum,Meliaceae
25198,Sanicula elata,Sanicula,Apiaceae
25206,Santiria apiculata,Santiria,Burseraceae
25207,Santiria conferta,Santiria,Burseraceae
25208,Santiria grandiflora,Santiria,Burseraceae
25209,Santiria griffithii,Santiria,Burseraceae
25210,Santiria laevigata,Santiria,Burseraceae
25211,Santiria megaphylla,Santiria,Burseraceae
25212,Santiria mollis,Santiria,Burseraceae
25213,Santiria oblongifolia,Santiria,Burseraceae
25214,Santiria rubiginosa,Santiria,Burseraceae
25216,Santiria rubiginosa var. pedicellata,Santiria,Burseraceae
25217,Santiria tomentosa,Santiria,Burseraceae
25222,Saprosma anisophylla,Saprosma,Rubiaceae
25223,Saprosma arborea,Saprosma,Rubiaceae
25225,Saprosma elegans,Saprosma,Rubiaceae
25227,Saprosma glomerata,Saprosma,Rubiaceae
25228,Saprosma glomerulata,Saprosma,Rubiaceae
25230,Saprosma membranacea,Saprosma,Rubiaceae
25242,Saraca hullettii,Saraca,Fabaceae
25243,Saraca indica,Saraca,Fabaceae
25245,Saraca thaipingensis,Saraca,Fabaceae
25248,Sarawakodendron filamentosum,Sarawakodendron,Celastraceae
25249,Sarcandra glabra,Sarcandra,Chloranthaceae
25250,Sarcandra glabra subsp. brachystachys,Sarcandra,Chloranthaceae
25260,Sarcoglyphis comberi,Sarcoglyphis,Orchidaceae
25262,Sarcoglyphis potamophila,Sarcoglyphis,Orchidaceae
25263,Sarcolobus borneensis,Sarcolobus,Apocynaceae
25265,Sarcolobus globosus,Sarcolobus,Apocynaceae
25266,Sarcolobus globosus subsp. peregrinus,Sarcolobus,Apocynaceae
25277,Sarcopyramis gracilis,Sarcopyramis,Melastomataceae
25278,Sarcopyramis napalensis,Sarcopyramis,Melastomataceae
25279,Sarcosperma paniculatum,Sarcosperma,Sapotaceae
25281,Sarcostigma kleinii,Sarcostigma,Icacinaceae
25282,Sarcostigma paniculatum,Sarcostigma,Icacinaceae
25284,Sarcotheca diversifolia,Sarcotheca,Oxalidaceae
25286,Sarcotheca glauca,Sarcotheca,Oxalidaceae
25291,Sarcotheca macrophylla,Sarcotheca,Oxalidaceae
25293,Sarcotheca ochracea,Sarcotheca,Oxalidaceae
25294,Sarcotheca rubrinervis,Sarcotheca,Oxalidaceae
25300,Saribus rotundifolius,Saribus,Arecaceae
25303,Saurauia actinidiifolia,Saurauia,Actinidiaceae
25305,Saurauia acuminata,Saurauia,Actinidiaceae
25307,Saurauia agamae,Saurauia,Actinidiaceae
25312,Saurauia amdjahii,Saurauia,Actinidiaceae
25313,Saurauia amoena,Saurauia,Actinidiaceae
25314,Saurauia amplifolia,Saurauia,Actinidiaceae
25321,Saurauia aurea,Saurauia,Actinidiaceae
25323,Saurauia bakaraya,Saurauia,Actinidiaceae
25325,Saurauia bentuangensis,Saurauia,Actinidiaceae
25347,Saurauia darikalteng,Saurauia,Actinidiaceae
25354,Saurauia excavata,Saurauia,Actinidiaceae
25357,Saurauia ferox,Saurauia,Actinidiaceae
25360,Saurauia geensinkii,Saurauia,Actinidiaceae
25363,Saurauia glabra,Saurauia,Actinidiaceae
25372,Saurauia isosepala,Saurauia,Actinidiaceae
25373,Saurauia jaswirii,Saurauia,Actinidiaceae
25374,Saurauia javanica,Saurauia,Actinidiaceae
25376,Saurauia kessleri,Saurauia,Actinidiaceae
25378,Saurauia kuswatae,Saurauia,Actinidiaceae
25384,Saurauia longipetiolata var. melegritoi,Saurauia,Actinidiaceae
25385,Saurauia longistyla,Saurauia,Actinidiaceae
25398,Saurauia myrmecoidea,Saurauia,Actinidiaceae
25401,Saurauia nigrescens,Saurauia,Actinidiaceae
25402,Saurauia njapaensis,Saurauia,Actinidiaceae
25403,Saurauia nooteboomii,Saurauia,Actinidiaceae
25405,Saurauia nudiflora,Saurauia,Actinidiaceae
25407,Saurauia oblancifolia,Saurauia,Actinidiaceae
25411,Saurauia othmanii,Saurauia,Actinidiaceae
25412,Saurauia pachyphylla,Saurauia,Actinidiaceae
25417,Saurauia pentapetala,Saurauia,Actinidiaceae
25418,Saurauia planchonii,Saurauia,Actinidiaceae
25419,Saurauia platyphylla,Saurauia,Actinidiaceae
25427,Saurauia reinwardtiana,Saurauia,Actinidiaceae
25428,Saurauia ridleyi,Saurauia,Actinidiaceae
25436,Saurauia sakoembangensis,Saurauia,Actinidiaceae
25441,Saurauia setigera,Saurauia,Actinidiaceae
25442,Saurauia sidiyasae,Saurauia,Actinidiaceae
25450,Saurauia strigosa,Saurauia,Actinidiaceae
25451,Saurauia subcordata,Saurauia,Actinidiaceae
25454,Saurauia tenuicyma,Saurauia,Actinidiaceae
25455,Saurauia tewensis,Saurauia,Actinidiaceae
25456,Saurauia tomentocalyx,Saurauia,Actinidiaceae
25461,Saurauia tristyla,Saurauia,Actinidiaceae
25466,Saurauia vulcani,Saurauia,Actinidiaceae
25471,Saurauia winkleri,Saurauia,Actinidiaceae
25477,Scabiosa lucida,Scabiosa,Caprifoliaceae
25486,Scaevola taccada,Scaevola,Goodeniaceae
25487,Scaphium affine,Scaphium,Malvaceae
25488,Scaphium linearicarpum,Scaphium,Malvaceae
25489,Scaphium longiflorum,Scaphium,Malvaceae
25490,Scaphium longipetiolatum,Scaphium,Malvaceae
25491,Scaphium macropodum,Scaphium,Malvaceae
25492,Scaphocalyx spathacea,Scaphocalyx,Achariaceae
25493,Scaphochlamys anomala,Scaphochlamys,Zingiberaceae
25495,Scaphochlamys calcicola,Scaphochlamys,Zingiberaceae
25496,Scaphochlamys gracilipes,Scaphochlamys,Zingiberaceae
25501,Scaphochlamys polyphylla,Scaphochlamys,Zingiberaceae
25506,Schima brevifolia,Schima,Theaceae
25507,Schima crenata,Schima,Theaceae
25508,Schima lobbii,Schima,Theaceae
25509,Schima noronhae,Schima,Theaceae
25510,Schima superba,Schima,Theaceae
25511,Schima wallichii,Schima,Theaceae
25515,Schismatoglottis acutifolia,Schismatoglottis,Araceae
25516,Schismatoglottis ahmadii,Schismatoglottis,Araceae
25517,Schismatoglottis asperata,Schismatoglottis,Araceae
25518,Schismatoglottis bauensis,Schismatoglottis,Araceae
25519,Schismatoglottis bifasciata,Schismatoglottis,Araceae
25521,Schismatoglottis calyptrata,Schismatoglottis,Araceae
25522,Schismatoglottis camera-lucida,Schismatoglottis,Araceae
25523,Schismatoglottis canaliculata,Schismatoglottis,Araceae
25524,Schismatoglottis crinitissima,Schismatoglottis,Araceae
25526,Schismatoglottis elegans,Schismatoglottis,Araceae
25527,Schismatoglottis evelyniae,Schismatoglottis,Araceae
25532,Schismatoglottis grabowskii,Schismatoglottis,Araceae
25533,Schismatoglottis gui,Schismatoglottis,Araceae
25534,Schismatoglottis hendrikii,Schismatoglottis,Araceae
25536,Schismatoglottis latevaginata,Schismatoglottis,Araceae
25537,Schismatoglottis modesta,Schismatoglottis,Araceae
25538,Schismatoglottis motleyana,Schismatoglottis,Araceae
25539,Schismatoglottis multiflora,Schismatoglottis,Araceae
25540,Schismatoglottis nieuwenhuisii,Schismatoglottis,Araceae
25541,Schismatoglottis patentinervia,Schismatoglottis,Araceae
25542,Schismatoglottis petradoxa,Schismatoglottis,Araceae
25544,Schismatoglottis pocong,Schismatoglottis,Araceae
25546,Schismatoglottis pumila,Schismatoglottis,Araceae
25547,Schismatoglottis pusilla,Schismatoglottis,Araceae
25548,Schismatoglottis schottii,Schismatoglottis,Araceae
25550,Schismatoglottis trifasciata,Schismatoglottis,Araceae
25551,Schismatoglottis trivittata,Schismatoglottis,Araceae
25552,Schismatoglottis venusta,Schismatoglottis,Araceae
25554,Schismatoglottis wallichii,Schismatoglottis,Araceae
25555,Schismatoglottis zonata,Schismatoglottis,Araceae
25556,Schizachyrium brevifolium,Schizachyrium,Poaceae
25560,Schizaea dichotoma,Schizaea,Schizaeaceae
25563,Schizaea malaccana,Schizaea,Schizaeaceae
25564,Schizaea malaccana var. robustior,Schizaea,Schizaeaceae
25571,Schizostachyum aciculare,Schizostachyum,Poaceae
25577,Schizostachyum blumei,Schizostachyum,Poaceae
25578,Schizostachyum brachycladum,Schizostachyum,Poaceae
25586,Schizostachyum flexuosum,Schizostachyum,Poaceae
25588,Schizostachyum glaucocladum,Schizostachyum,Poaceae
25591,Schizostachyum hantu,Schizostachyum,Poaceae
25592,Schizostachyum iraten,Schizostachyum,Poaceae
25594,Schizostachyum latifolium,Schizostachyum,Poaceae
25596,Schizostachyum lima,Schizostachyum,Poaceae
25599,Schizostachyum pilosum,Schizostachyum,Poaceae
25603,Schizostachyum terminale,Schizostachyum,Poaceae
25619,Schoenoplectiella lateriflora,Schoenoplectiella,Cyperaceae
25621,Schoenoplectiella supina,Schoenoplectiella,Cyperaceae
25629,Schoenorchis endertii,Schoenorchis,Orchidaceae
25630,Schoenorchis juncifolia,Schoenorchis,Orchidaceae
25631,Schoenorchis micrantha,Schoenorchis,Orchidaceae
25638,Schoenus calostachyus,Schoenus,Cyperaceae
25642,Schoenus longibracteatus,Schoenus,Cyperaceae
25650,Schoutenia accrescens,Schoutenia,Malvaceae
25651,Schoutenia glomerata,Schoutenia,Malvaceae
25654,Schoutenia ovata,Schoutenia,Malvaceae
25656,Schradera korthalsiana,Schradera,Rubiaceae
25658,Schradera membranacea,Schradera,Rubiaceae
25660,Schradera montana,Schradera,Rubiaceae
25661,Schradera nervulosa,Schradera,Rubiaceae
25663,Schradera polysperma,Schradera,Rubiaceae
25666,Schrebera kusnotoi,Schrebera,Oleaceae
25667,Schumannianthus benthamianus,Schumannianthus,Marantaceae
25668,Schuurmansia elegans,Schuurmansia,Ochnaceae
25671,Sciaphila arfakiana,Sciaphila,Triuridaceae
25672,Sciaphila betung-kerihunensis,Sciaphila,Triuridaceae
25673,Sciaphila brevistyla,Sciaphila,Triuridaceae
25675,Sciaphila densiflora,Sciaphila,Triuridaceae
25676,Sciaphila micranthera,Sciaphila,Triuridaceae
25680,Sciaphila secundiflora,Sciaphila,Triuridaceae
25681,Sciaphila tenella,Sciaphila,Triuridaceae
25682,Sciaphila winkleri,Sciaphila,Triuridaceae
25685,Scindapsus beccarii,Scindapsus,Araceae
25686,Scindapsus coriaceus,Scindapsus,Araceae
25687,Scindapsus crassipes,Scindapsus,Araceae
25688,Scindapsus curranii,Scindapsus,Araceae
25692,Scindapsus glaucescens,Scindapsus,Araceae
25694,Scindapsus hederaceus,Scindapsus,Araceae
25696,Scindapsus latifolius,Scindapsus,Araceae
25697,Scindapsus longistipitatus,Scindapsus,Araceae
25703,Scindapsus perakensis,Scindapsus,Araceae
25704,Scindapsus pictus,Scindapsus,Araceae
25707,Scindapsus scortechinii,Scindapsus,Araceae
25713,Scirpodendron ghaeri,Scirpodendron,Cyperaceae
25720,Scleria biflora,Scleria,Cyperaceae
25723,Scleria ciliaris,Scleria,Cyperaceae
25725,Scleria cyathophora,Scleria,Cyperaceae
25729,Scleria levis,Scleria,Cyperaceae
25730,Scleria lithosperma,Scleria,Cyperaceae
25734,Scleria motleyi,Scleria,Cyperaceae
25735,Scleria neesii,Scleria,Cyperaceae
25737,Scleria oblata,Scleria,Cyperaceae
25739,Scleria parvula,Scleria,Cyperaceae
25741,Scleria poiformis,Scleria,Cyperaceae
25742,Scleria polycarpa,Scleria,Cyperaceae
25744,Scleria purpurascens,Scleria,Cyperaceae
25747,Scleria scrobiculata,Scleria,Cyperaceae
25749,Scleria sumatrensis,Scleria,Cyperaceae
25750,Scleria terrestris,Scleria,Cyperaceae
25753,Scleria triglomerata,Scleria,Cyperaceae
25754,Scleroglossum crassifolium,Scleroglossum,Polypodiaceae
25755,Scleroglossum debile,Scleroglossum,Polypodiaceae
25757,Scleroglossum pusillum,Scleroglossum,Polypodiaceae
25758,Scleroglossum pyxidatum,Scleroglossum,Polypodiaceae
25762,Scleromitrion diffusum,Scleromitrion,Rubiaceae
25765,Scleromitrion subulatum,Scleromitrion,Rubiaceae
25766,Scleromitrion tenelliflorum,Scleromitrion,Rubiaceae
25768,Scleromitrion verticillatum,Scleromitrion,Rubiaceae
25772,Scleropyrum pentandrum,Scleropyrum,Santalaceae
25775,Scolopia macrophylla,Scolopia,Salicaceae
25778,Scolopia spinosa,Scolopia,Salicaceae
25780,Scopellaria marginata,Scopellaria,Cucurbitaceae
25782,Scorodocarpus borneensis,Scorodocarpus,Strombosiaceae
25785,Scrotochloa urceolata,Scrotochloa,Poaceae
25787,Scurrula atropurpurea,Scurrula,Loranthaceae
25789,Scurrula ferruginea,Scurrula,Loranthaceae
25790,Scurrula fusca,Scurrula,Loranthaceae
25791,Scurrula lepidota,Scurrula,Loranthaceae
25794,Scurrula parasitica,Scurrula,Loranthaceae
25795,Scutellaria discolor,Scutellaria,Lamiaceae
25797,Scutellaria indica,Scutellaria,Lamiaceae
25806,Scutinanthe brunnea,Scutinanthe,Burseraceae
25807,Scyphiphora hydrophylacea,Scyphiphora,Rubiaceae
25809,Scyphostegia borneensis,Scyphostegia,Salicaceae
25814,Secamone coronata,Secamone,Apocynaceae
25821,Secamone longituba,Secamone,Apocynaceae
25828,Securidaca inappendiculata,Securidaca,Polygalaceae
25831,Selaginella alligans,Selaginella,Selaginellaceae
25832,Selaginella alopecuroides,Selaginella,Selaginellaceae
25833,Selaginella alopecuroides f. latior,Selaginella,Selaginellaceae
25834,Selaginella alutacea,Selaginella,Selaginellaceae
25836,Selaginella apoensis,Selaginella,Selaginellaceae
25838,Selaginella aristata,Selaginella,Selaginellaceae
25840,Selaginella axillifolia,Selaginella,Selaginellaceae
25841,Selaginella axillifolia var. retroflexa,Selaginella,Selaginellaceae
25845,Selaginella biformis,Selaginella,Selaginellaceae
25847,Selaginella bluuensis,Selaginella,Selaginellaceae
25848,Selaginella boschai,Selaginella,Selaginellaceae
25849,Selaginella brachyblepharis,Selaginella,Selaginellaceae
25851,Selaginella brevipes,Selaginella,Selaginellaceae
25852,Selaginella brooksii,Selaginella,Selaginellaceae
25855,Selaginella canaliculata,Selaginella,Selaginellaceae
25856,Selaginella caudata,Selaginella,Selaginellaceae
25858,Selaginella ciliaris,Selaginella,Selaginellaceae
25859,Selaginella cumingiana,Selaginella,Selaginellaceae
25860,Selaginella cupressina,Selaginella,Selaginellaceae
25861,Selaginella cyclophylla,Selaginella,Selaginellaceae
25862,Selaginella darmandvillei,Selaginella,Selaginellaceae
25864,Selaginella delicatula,Selaginella,Selaginellaceae
25866,Selaginella dielsii,Selaginella,Selaginellaceae
25868,Selaginella doederleinii,Selaginella,Selaginellaceae
25869,Selaginella elegantissima,Selaginella,Selaginellaceae
25871,Selaginella exasperata,Selaginella,Selaginellaceae
25873,Selaginella frondosa,Selaginella,Selaginellaceae
25875,Selaginella furcillifolia,Selaginella,Selaginellaceae
25880,Selaginella grandis,Selaginella,Selaginellaceae
25881,Selaginella griffithii,Selaginella,Selaginellaceae
25884,Selaginella hewittii,Selaginella,Selaginellaceae
25886,Selaginella inaequalifolia,Selaginella,Selaginellaceae
25887,Selaginella intermedia,Selaginella,Selaginellaceae
25889,Selaginella involvens,Selaginella,Selaginellaceae
25890,Selaginella karimatae,Selaginella,Selaginellaceae
25895,Selaginella lanceolata,Selaginella,Selaginellaceae
25897,Selaginella latupana,Selaginella,Selaginellaceae
25899,Selaginella lepida,Selaginella,Selaginellaceae
25901,Selaginella llanosii,Selaginella,Selaginellaceae
25902,Selaginella lobbii,Selaginella,Selaginellaceae
25903,Selaginella longiaristata,Selaginella,Selaginellaceae
25904,Selaginella longirostris,Selaginella,Selaginellaceae
25905,Selaginella lonko-batu,Selaginella,Selaginellaceae
25907,Selaginella magnifica,Selaginella,Selaginellaceae
25909,Selaginella marosensis,Selaginella,Selaginellaceae
25911,Selaginella megalura,Selaginella,Selaginellaceae
25915,Selaginella nummularia,Selaginella,Selaginellaceae
25917,Selaginella ornata,Selaginella,Selaginellaceae
25921,Selaginella parvifolia,Selaginella,Selaginellaceae
25922,Selaginella paxii,Selaginella,Selaginellaceae
25923,Selaginella paxii var. subpedalis,Selaginella,Selaginellaceae
25929,Selaginella philippina,Selaginella,Selaginellaceae
25932,Selaginella plana,Selaginella,Selaginellaceae
25935,Selaginella posewitzii,Selaginella,Selaginellaceae
25937,Selaginella propinqua,Selaginella,Selaginellaceae
25945,Selaginella rolandi-principis,Selaginella,Selaginellaceae
25947,Selaginella roxburghii,Selaginella,Selaginellaceae
25949,Selaginella rugulosa,Selaginella,Selaginellaceae
25950,Selaginella sambasensis,Selaginella,Selaginellaceae
25956,Selaginella stipulata,Selaginella,Selaginellaceae
25959,Selaginella subcalcarata,Selaginella,Selaginellaceae
25960,Selaginella subserpentina,Selaginella,Selaginellaceae
25964,Selaginella sungemagneana,Selaginella,Selaginellaceae
25969,Selaginella tylophora,Selaginella,Selaginellaceae
25970,Selaginella usterii,Selaginella,Selaginellaceae
25972,Selaginella vestita,Selaginella,Selaginellaceae
25976,Selaginella wallichii,Selaginella,Selaginellaceae
25978,Selaginella willdenowii,Selaginella,Selaginellaceae
25981,Selliguea albidosquamata,Selliguea,Polypodiaceae
25985,Selliguea bisulcata,Selliguea,Polypodiaceae
25988,Selliguea ceratophylla,Selliguea,Polypodiaceae
25989,Selliguea cesatiana,Selliguea,Polypodiaceae
25995,Selliguea enervis,Selliguea,Polypodiaceae
25996,Selliguea feei,Selliguea,Polypodiaceae
26000,Selliguea heterocarpa,Selliguea,Polypodiaceae
26002,Selliguea lateritia,Selliguea,Polypodiaceae
26004,Selliguea leucophora,Selliguea,Polypodiaceae
26005,Selliguea metacoela,Selliguea,Polypodiaceae
26010,Selliguea platyphylla,Selliguea,Polypodiaceae
26012,Selliguea proavita,Selliguea,Polypodiaceae
26016,Selliguea rigida,Selliguea,Polypodiaceae
26017,Selliguea setacea,Selliguea,Polypodiaceae
26018,Selliguea soridens,Selliguea,Polypodiaceae
26019,Selliguea sri-ratu,Selliguea,Polypodiaceae
26020,Selliguea stenophylla,Selliguea,Polypodiaceae
26021,Selliguea stenosquamis,Selliguea,Polypodiaceae
26022,Selliguea subsparsa,Selliguea,Polypodiaceae
26024,Selliguea taeniata,Selliguea,Polypodiaceae
26026,Selliguea triloba,Selliguea,Polypodiaceae
26035,Semecarpus bunburyanus,Semecarpus,Anacardiaceae
26038,Semecarpus cuneiformis,Semecarpus,Anacardiaceae
26040,Semecarpus forstenii,Semecarpus,Anacardiaceae
26041,Semecarpus heterophyllus,Semecarpus,Anacardiaceae
26044,Semecarpus longipes,Semecarpus,Anacardiaceae
26050,Semecarpus rufovelutinus,Semecarpus,Anacardiaceae
26070,Senegalia borneensis,Senegalia,Fabaceae
26073,Senegalia donnaiensis,Senegalia,Fabaceae
26087,Senegalia pseudointsia,Senegalia,Fabaceae
26101,Senna timoriensis,Senna,Fabaceae
26103,Seorsus aequatorius,Seorsus,Myrtaceae
26104,Serawaia strobilifera,Serawaia,Fabaceae
26105,Serianthes grandiflora,Serianthes,Fabaceae
26106,Serianthes hooglandii,Serianthes,Fabaceae
26142,Sesbania grandiflora,Sesbania,Fabaceae
26143,Sesbania javanica,Sesbania,Fabaceae
26146,Sesbania sesban,Sesbania,Fabaceae
26152,Setaria barbata,Setaria,Poaceae
26159,Setaria italica,Setaria,Poaceae
26162,Setaria palmifolia,Setaria,Poaceae
26173,Shirakiopsis indica,Shirakiopsis,Euphorbiaceae
26176,Shorea asahi,Shorea,Dipterocarpaceae
26178,Shorea atrinervosa,Shorea,Dipterocarpaceae
26180,Shorea brunnescens,Shorea,Dipterocarpaceae
26183,Shorea crassa,Shorea,Dipterocarpaceae
26184,Shorea domatiosa,Shorea,Dipterocarpaceae
26185,Shorea exelliptica,Shorea,Dipterocarpaceae
26186,Shorea falcifera,Shorea,Dipterocarpaceae
26188,Shorea falciferoides subsp. glaucescens,Shorea,Dipterocarpaceae
26189,Shorea foxworthyi,Shorea,Dipterocarpaceae
26193,Shorea guiso,Shorea,Dipterocarpaceae
26194,Shorea havilandii,Shorea,Dipterocarpaceae
26195,Shorea hypoleuca,Shorea,Dipterocarpaceae
26197,Shorea ladiana,Shorea,Dipterocarpaceae
26199,Shorea leptoderma,Shorea,Dipterocarpaceae
26201,Shorea macroptera subsp. baillonii,Shorea,Dipterocarpaceae
26202,Shorea macroptera subsp. sandakanensis,Shorea,Dipterocarpaceae
26205,Shorea obscura,Shorea,Dipterocarpaceae
26206,Shorea ochrophloia,Shorea,Dipterocarpaceae
26207,Shorea platyclados,Shorea,Dipterocarpaceae
26208,Shorea richetia,Shorea,Dipterocarpaceae
26210,Shorea scrobiculata,Shorea,Dipterocarpaceae
26211,Shorea seminis,Shorea,Dipterocarpaceae
26212,Shorea sumatrana,Shorea,Dipterocarpaceae
26213,Shorea superba,Shorea,Dipterocarpaceae
26214,Shorea teysmanniana,Shorea,Dipterocarpaceae
26221,Sida cordifolia,Sida,Malvaceae
26236,Simaba borneensis,Simaba,Simaroubaceae
26238,Sindora affinis,Sindora,Fabaceae
26239,Sindora beccariana,Sindora,Fabaceae
26240,Sindora bruggemanii,Sindora,Fabaceae
26241,Sindora coriacea,Sindora,Fabaceae
26243,Sindora galedupa,Sindora,Fabaceae
26245,Sindora irpicina,Sindora,Fabaceae
26247,Sindora leiocarpa,Sindora,Fabaceae
26250,Sindora supa,Sindora,Fabaceae
26251,Sindora velutina,Sindora,Fabaceae
26252,Sindora wallichii,Sindora,Fabaceae
26254,Siphonodon celastrineus,Siphonodon,Celastraceae
26266,Sloanea javanica,Sloanea,Elaeocarpaceae
26273,Sloanea sigun,Sloanea,Elaeocarpaceae
26285,Smilax bockii,Smilax,Smilacaceae
26286,Smilax borneensis,Smilax,Smilacaceae
26288,Smilax calophylla,Smilax,Smilacaceae
26295,Smilax gigantea,Smilax,Smilacaceae
26302,Smilax korthalsii,Smilax,Smilacaceae
26304,Smilax lanceifolia,Smilax,Smilacaceae
26306,Smilax leucophylla,Smilax,Smilacaceae
26307,Smilax luzonensis,Smilax,Smilacaceae
26308,Smilax macrocarpa,Smilax,Smilacaceae
26314,Smilax myosotiflora,Smilax,Smilacaceae
26316,Smilax odoratissima,Smilax,Smilacaceae
26323,Smilax setosa,Smilax,Smilacaceae
26324,Smilax sumatrensis,Smilax,Smilacaceae
26326,Smilax zeylanica,Smilax,Smilacaceae
26329,Smithia sensitiva,Smithia,Fabaceae
26331,Smitinandia micrantha,Smitinandia,Orchidaceae
26334,Smythea lanceata,Smythea,Rhamnaceae
26336,Smythea oblongifolia,Smythea,Rhamnaceae
26338,Sohmaea laxiflora,Sohmaea,Fabaceae
26340,Sohmaea zonata,Sohmaea,Fabaceae
26353,Solanum cyanocarphium,Solanum,Solanaceae
26364,Solanum graciliflorum,Solanum,Solanaceae
26371,Solanum lanceifolium,Solanum,Solanaceae
26372,Solanum lasiocarpum,Solanum,Solanaceae
26377,Solanum nigrum,Solanum,Solanaceae
26406,Sonerila beccariana,Sonerila,Melastomataceae
26408,Sonerila borneensis,Sonerila,Melastomataceae
26418,Sonerila hirtella,Sonerila,Melastomataceae
26419,Sonerila impatiens,Sonerila,Melastomataceae
26424,Sonerila maculata,Sonerila,Melastomataceae
26426,Sonerila minima,Sonerila,Melastomataceae
26427,Sonerila moluccana,Sonerila,Melastomataceae
26428,Sonerila nagyana,Sonerila,Melastomataceae
26429,Sonerila obliqua,Sonerila,Melastomataceae
26430,Sonerila obovata,Sonerila,Melastomataceae
26433,Sonerila parviflora,Sonerila,Melastomataceae
26434,Sonerila pedunculata,Sonerila,Melastomataceae
26436,Sonerila purpurascens,Sonerila,Melastomataceae
26439,Sonerila rubro-villosa,Sonerila,Melastomataceae
26440,Sonerila ruttenii,Sonerila,Melastomataceae
26444,Sonerila tenuifolia,Sonerila,Melastomataceae
26445,Sonerila tetraptera,Sonerila,Melastomataceae
26448,Sonerila velutina,Sonerila,Melastomataceae
26449,Sonerila verticillata,Sonerila,Melastomataceae
26450,Sonerila virgata,Sonerila,Melastomataceae
26453,Sonneratia alba,Sonneratia,Lythraceae
26454,Sonneratia caseolaris,Sonneratia,Lythraceae
26457,Sonneratia ovata,Sonneratia,Lythraceae
26471,Sorghum propinquum,Sorghum,Poaceae
26473,Soulamea amara,Soulamea,Simaroubaceae
26479,Spathiostemon javensis,Spathiostemon,Euphorbiaceae
26480,Spathiphyllum commutatum,Spathiphyllum,Araceae
26482,Spathoglottis affinis,Spathoglottis,Orchidaceae
26483,Spathoglottis aurea,Spathoglottis,Orchidaceae
26486,Spathoglottis confusa,Spathoglottis,Orchidaceae
26489,Spathoglottis gracilis,Spathoglottis,Orchidaceae
26491,Spathoglottis microchilina,Spathoglottis,Orchidaceae
26493,Spathoglottis parviflora,Spathoglottis,Orchidaceae
26495,Spathoglottis plicata,Spathoglottis,Orchidaceae
26503,Spatholobus albus,Spatholobus,Fabaceae
26505,Spatholobus auritus,Spatholobus,Fabaceae
26506,Spatholobus ferrugineus,Spatholobus,Fabaceae
26507,Spatholobus ferrugineus var. acutis,Spatholobus,Fabaceae
26508,Spatholobus ferrugineus var. sericophyllus,Spatholobus,Fabaceae
26509,Spatholobus gyrocarpus,Spatholobus,Fabaceae
26510,Spatholobus hirsutus,Spatholobus,Fabaceae
26511,Spatholobus latistipulus,Spatholobus,Fabaceae
26512,Spatholobus littoralis,Spatholobus,Fabaceae
26513,Spatholobus macropterus,Spatholobus,Fabaceae
26514,Spatholobus maingayi,Spatholobus,Fabaceae
26515,Spatholobus multiflorus,Spatholobus,Fabaceae
26516,Spatholobus oblongifolius,Spatholobus,Fabaceae
26518,Spatholobus persicinus,Spatholobus,Fabaceae
26520,Spatholobus sanguineus,Spatholobus,Fabaceae
26522,Spatholobus viridis,Spatholobus,Fabaceae
26550,Sphaerobambos hirsuta,Sphaerobambos,Poaceae
26552,Sphaerocaryum malaccense,Sphaerocaryum,Poaceae
26553,Sphaerocoryne affinis,Sphaerocoryne,Annonaceae
26556,Sphaeropteris agatheti,Sphaeropteris,Cyatheaceae
26567,Sphaeropteris discophora,Sphaeropteris,Cyatheaceae
26568,Sphaeropteris elmeri,Sphaeropteris,Cyatheaceae
26569,Sphaeropteris felina,Sphaeropteris,Cyatheaceae
26572,Sphaeropteris glauca,Sphaeropteris,Cyatheaceae
26576,Sphaeropteris leucotricha,Sphaeropteris,Cyatheaceae
26581,Sphaeropteris moluccana,Sphaeropteris,Cyatheaceae
26583,Sphaeropteris obscura,Sphaeropteris,Cyatheaceae
26596,Sphaeropteris squamulata,Sphaeropteris,Cyatheaceae
26597,Sphaeropteris stipitipinnula,Sphaeropteris,Cyatheaceae
26604,Sphaeropteris trichodesma,Sphaeropteris,Cyatheaceae
26605,Sphaeropteris trichophora,Sphaeropteris,Cyatheaceae
26606,Sphaeropteris tripinnata,Sphaeropteris,Cyatheaceae
26610,Sphaeropteris wallacei,Sphaeropteris,Cyatheaceae
26612,Sphaerostephanos longbawanensis,Sphaerostephanos,Thelypteridaceae
26613,Sphaerostephanos maximus,Sphaerostephanos,Thelypteridaceae
26616,Sphaerostephanos petiolatus,Sphaerostephanos,Thelypteridaceae
26617,Sphagneticola calendulacea,Sphagneticola,Asteraceae
26621,Sphenodesme pentandra,Sphenodesme,Lamiaceae
26622,Sphenodesme pentandra var. wallichiana,Sphenodesme,Lamiaceae
26623,Sphenodesme racemosa,Sphenodesme,Lamiaceae
26624,Sphenodesme racemosa var. sabahensis,Sphenodesme,Lamiaceae
26625,Sphenodesme stellata,Sphenodesme,Lamiaceae
26626,Sphenodesme triflora,Sphenodesme,Lamiaceae
26631,Spinifex littoreus,Spinifex,Poaceae
26646,Spiranthes sinensis,Spiranthes,Orchidaceae
26651,Spondias dulcis,Spondias,Anacardiaceae
26652,Spondias malayana,Spondias,Anacardiaceae
26654,Spondias pinnata,Spondias,Anacardiaceae
26658,Sporobolus diandrus,Sporobolus,Poaceae
26659,Sporobolus fertilis,Sporobolus,Poaceae
26662,Sporobolus indicus,Sporobolus,Poaceae
26672,Stachyphrynium borneense,Stachyphrynium,Marantaceae
26673,Stachyphrynium calcicola,Stachyphrynium,Marantaceae
26674,Stachyphrynium lancifolium,Stachyphrynium,Marantaceae
26675,Stachyphrynium latifolium,Stachyphrynium,Marantaceae
26676,Stachyphrynium placentarium,Stachyphrynium,Marantaceae
26677,Stachyphrynium repens,Stachyphrynium,Marantaceae
26678,Stachyphrynium sumatranum,Stachyphrynium,Marantaceae
26689,Stauranthera argyrescens,Stauranthera,Gesneriaceae
26698,Staurogyne axillaris,Staurogyne,Acanthaceae
26703,Staurogyne elongata,Staurogyne,Acanthaceae
26705,Staurogyne havilandii,Staurogyne,Acanthaceae
26706,Staurogyne humifusa,Staurogyne,Acanthaceae
26708,Staurogyne jaheri,Staurogyne,Acanthaceae
26709,Staurogyne kinabaluensis,Staurogyne,Acanthaceae
26714,Staurogyne minarum,Staurogyne,Acanthaceae
26720,Staurogyne setigera,Staurogyne,Acanthaceae
26726,Steenisia borneensis,Steenisia,Rubiaceae
26727,Steenisia elata,Steenisia,Rubiaceae
26728,Steenisia pleurocarpa,Steenisia,Rubiaceae
26738,Steinchisma laxum,Steinchisma,Poaceae
26739,Stelechocarpus burahol,Stelechocarpus,Annonaceae
26740,Stelechocarpus cauliflorus,Stelechocarpus,Annonaceae
26757,Stemonurus celebicus,Stemonurus,Stemonuraceae
26758,Stemonurus grandifolius,Stemonurus,Stemonuraceae
26759,Stemonurus malaccensis,Stemonurus,Stemonuraceae
26761,Stemonurus scorpioides,Stemonurus,Stemonuraceae
26762,Stemonurus secundiflorus,Stemonurus,Stemonuraceae
26763,Stemonurus secundiflorus var. lanceolatus,Stemonurus,Stemonuraceae
26764,Stemonurus umbellatus,Stemonurus,Stemonuraceae
26770,Stenochlaena palustris,Stenochlaena,Blechnaceae
26772,Stenomeris borneensis,Stenomeris,Dioscoreaceae
26774,Stephania capitata,Stephania,Menispermaceae
26776,Stephania corymbosa,Stephania,Menispermaceae
26778,Stephania japonica,Stephania,Menispermaceae
26779,Stephania japonica var. discolor,Stephania,Menispermaceae
26788,Sterculia acuminatissima,Sterculia,Malvaceae
26791,Sterculia balanghas,Sterculia,Malvaceae
26793,Sterculia blumei,Sterculia,Malvaceae
26794,Sterculia campaniflora,Sterculia,Malvaceae
26799,Sterculia cordata,Sterculia,Malvaceae
26800,Sterculia cordata var. montana,Sterculia,Malvaceae
26803,Sterculia cuspidata,Sterculia,Malvaceae
26807,Sterculia elmeri,Sterculia,Malvaceae
26810,Sterculia gilva,Sterculia,Malvaceae
26812,Sterculia hewittii,Sterculia,Malvaceae
26816,Sterculia lancaviensis,Sterculia,Malvaceae
26817,Sterculia lanceolata,Sterculia,Malvaceae
26818,Sterculia lanceolata var. coccinea,Sterculia,Malvaceae
26820,Sterculia longifolia,Sterculia,Malvaceae
26822,Sterculia longipetiolata,Sterculia,Malvaceae
26823,Sterculia macrophylla,Sterculia,Malvaceae
26825,Sterculia membranacea,Sterculia,Malvaceae
26828,Sterculia oblongata,Sterculia,Malvaceae
26829,Sterculia parviflora,Sterculia,Malvaceae
26837,Sterculia rubiginosa,Sterculia,Malvaceae
26838,Sterculia rubiginosa var. divaricata,Sterculia,Malvaceae
26839,Sterculia rubiginosa var. setistipula,Sterculia,Malvaceae
26847,Sterculia stipulata,Sterculia,Malvaceae
26848,Sterculia stipulata var. trichopetiolata,Sterculia,Malvaceae
26852,Sterculia urceolata,Sterculia,Malvaceae
26855,Sterculia yatesii,Sterculia,Malvaceae
26857,Stereosandra javanica,Stereosandra,Orchidaceae
26866,Sticherus hirtus,Sticherus,Gleicheniaceae
26871,Sticherus hirtus var. paleaceus,Sticherus,Gleicheniaceae
26873,Sticherus hispidus,Sticherus,Gleicheniaceae
26874,Sticherus loheri,Sticherus,Gleicheniaceae
26875,Sticherus loheri var. major,Sticherus,Gleicheniaceae
26876,Sticherus milnei,Sticherus,Gleicheniaceae
26880,Sticherus truncatus,Sticherus,Gleicheniaceae
26882,Sticherus vestitus,Sticherus,Gleicheniaceae
26883,Stichianthus minutiflorus,Stichianthus,Rubiaceae
26885,Stichorkis compressa,Stichorkis,Orchidaceae
26886,Stichorkis distichis,Stichorkis,Orchidaceae
26887,Stichorkis endertii,Stichorkis,Orchidaceae
26888,Stichorkis gibbosa,Stichorkis,Orchidaceae
26889,Stichorkis lingulata,Stichorkis,Orchidaceae
26890,Stichorkis lobongensis,Stichorkis,Orchidaceae
26892,Stichorkis pandurata,Stichorkis,Orchidaceae
26896,Stictocardia tiliifolia,Stictocardia,Convolvulaceae
26914,Stixis ovata,Stixis,Resedaceae
26916,Stixis scortechinii,Stixis,Resedaceae
26921,Streblosa assimilis,Streblosa,Rubiaceae
26922,Streblosa bracteolata,Streblosa,Rubiaceae
26923,Streblosa bullata,Streblosa,Rubiaceae
26924,Streblosa chlamydantha,Streblosa,Rubiaceae
26927,Streblosa johannis-winkleri,Streblosa,Rubiaceae
26929,Streblosa lanceolata,Streblosa,Rubiaceae
26931,Streblosa longiscapa,Streblosa,Rubiaceae
26932,Streblosa maxima,Streblosa,Rubiaceae
26933,Streblosa microcarpa,Streblosa,Rubiaceae
26934,Streblosa myriocarpa,Streblosa,Rubiaceae
26935,Streblosa polyantha,Streblosa,Rubiaceae
26938,Streblosa undulata,Streblosa,Rubiaceae
26939,Streblosa urticina,Streblosa,Rubiaceae
26940,Streblosiopsis cupulata,Streblosiopsis,Rubiaceae
26959,Strobilanthes antonii,Strobilanthes,Acanthaceae
26960,Strobilanthes apoensis,Strobilanthes,Acanthaceae
26971,Strobilanthes blumeana,Strobilanthes,Acanthaceae
26974,Strobilanthes brunelloides,Strobilanthes,Acanthaceae
26982,Strobilanthes crispa,Strobilanthes,Acanthaceae
26990,Strobilanthes echinata,Strobilanthes,Acanthaceae
26992,Strobilanthes galeopsis,Strobilanthes,Acanthaceae
27039,Strobilanthes reptans,Strobilanthes,Acanthaceae
27055,Strobocalyx arborea,Strobocalyx,Asteraceae
27056,Strobocalyx solanifolia,Strobocalyx,Asteraceae
27058,Strombosia javanica,Strombosia,Strombosiaceae
27060,Strongyleria hirsutipetala,Strongyleria,Orchidaceae
27061,Strongyleria leiophylla,Strongyleria,Orchidaceae
27062,Strongyleria pannea,Strongyleria,Orchidaceae
27063,Strongyleria pellipes,Strongyleria,Orchidaceae
27071,Strophanthus puberulus,Strophanthus,Apocynaceae
27072,Strophanthus singaporianus,Strophanthus,Apocynaceae
27075,Strychnos axillaris,Strychnos,Loganiaceae
27076,Strychnos borneensis,Strychnos,Loganiaceae
27077,Strychnos flavescens,Strychnos,Loganiaceae
27078,Strychnos ignatii,Strychnos,Loganiaceae
27082,Strychnos minor,Strychnos,Loganiaceae
27083,Strychnos ovata,Strychnos,Loganiaceae
27085,Strychnos polyantha,Strychnos,Loganiaceae
27086,Strychnos polytrichantha,Strychnos,Loganiaceae
27089,Strychnos vanprukii,Strychnos,Loganiaceae
27090,Strychnos villosa,Strychnos,Loganiaceae
27107,Styphelia malayana,Styphelia,Ericaceae
27111,Styrax agrestis,Styrax,Styracaceae
27112,Styrax benzoin,Styrax,Styracaceae
27119,Styrax serrulatus,Styrax,Styracaceae
27124,Sulettaria anomala,Sulettaria,Zingiberaceae
27126,Sulettaria ligulata,Sulettaria,Zingiberaceae
27127,Sulettaria longipilosa,Sulettaria,Zingiberaceae
27128,Sulettaria longituba,Sulettaria,Zingiberaceae
27129,Sulettaria multiflora,Sulettaria,Zingiberaceae
27130,Sulettaria polycarpa,Sulettaria,Zingiberaceae
27131,Sulettaria stoloniflora,Sulettaria,Zingiberaceae
27132,Sulettaria surculosa,Sulettaria,Zingiberaceae
27135,Sumbaviopsis albicans,Sumbaviopsis,Euphorbiaceae
27137,Sundamomum borealiborneense,Sundamomum,Zingiberaceae
27138,Sundamomum flavoalbum,Sundamomum,Zingiberaceae
27140,Sundamomum laxesquamosum,Sundamomum,Zingiberaceae
27142,Sundamomum pseudofoetens,Sundamomum,Zingiberaceae
27145,Suregada glomerulata,Suregada,Euphorbiaceae
27161,Swintonia acuta,Swintonia,Anacardiaceae
27163,Swintonia foxworthyi,Swintonia,Anacardiaceae
27164,Swintonia glauca,Swintonia,Anacardiaceae
27165,Swintonia minutalata,Swintonia,Anacardiaceae
27166,Swintonia schwenkii,Swintonia,Anacardiaceae
27168,Swintonia whitmorei,Swintonia,Anacardiaceae
27169,Sympetalandra borneensis,Sympetalandra,Fabaceae
27170,Sympetalandra hildebrandii,Sympetalandra,Fabaceae
27172,Sympetalandra unijuga,Sympetalandra,Fabaceae
27175,Symplocos acuminata,Symplocos,Symplocaceae
27176,Symplocos adenophylla,Symplocos,Symplocaceae
27177,Symplocos adenophylla var. touranensis,Symplocos,Symplocaceae
27179,Symplocos anomala,Symplocos,Symplocaceae
27182,Symplocos barringtoniifolia,Symplocos,Symplocaceae
27184,Symplocos borneensis,Symplocos,Symplocaceae
27188,Symplocos celastrifolia,Symplocos,Symplocaceae
27191,Symplocos cerasifolia,Symplocos,Symplocaceae
27193,Symplocos cochinchinensis,Symplocos,Symplocaceae
27211,Symplocos costatifructa,Symplocos,Symplocaceae
27212,Symplocos crassipes,Symplocos,Symplocaceae
27214,Symplocos crassipes var. ernae,Symplocos,Symplocaceae
27215,Symplocos crassipes var. rufomarginata,Symplocos,Symplocaceae
27218,Symplocos fasciculata,Symplocos,Symplocaceae
27220,Symplocos glomerata,Symplocos,Symplocaceae
27221,Symplocos goodeniacea,Symplocos,Symplocaceae
27222,Symplocos henschelii,Symplocos,Symplocaceae
27223,Symplocos henschelii var. maingayi,Symplocos,Symplocaceae
27226,Symplocos iliaspaiensis,Symplocos,Symplocaceae
27227,Symplocos iliaspaiensis var. pedunculata,Symplocos,Symplocaceae
27228,Symplocos johniana,Symplocos,Symplocaceae
27231,Symplocos laeteviridis,Symplocos,Symplocaceae
27232,Symplocos laeteviridis var. basirotunda,Symplocos,Symplocaceae
27233,Symplocos laeteviridis var. mjoebergii,Symplocos,Symplocaceae
27234,Symplocos laeteviridis var. pauciflora,Symplocos,Symplocaceae
27235,Symplocos laeteviridis var. velutinosa,Symplocos,Symplocaceae
27236,Symplocos lucida,Symplocos,Symplocaceae
27239,Symplocos odoratissima,Symplocos,Symplocaceae
27240,Symplocos odoratissima var. wenzelii,Symplocos,Symplocaceae
27241,Symplocos ophirensis,Symplocos,Symplocaceae
27242,Symplocos ophirensis subsp. cumingiana,Symplocos,Symplocaceae
27248,Symplocos pendula,Symplocos,Symplocaceae
27249,Symplocos polyandra,Symplocos,Symplocaceae
27250,Symplocos racemosa,Symplocos,Symplocaceae
27251,Symplocos rayae,Symplocos,Symplocaceae
27252,Symplocos riangensis,Symplocos,Symplocaceae
27257,Symplocos rubiginosa,Symplocos,Symplocaceae
27260,Symplocos tricoccata,Symplocos,Symplocaceae
27261,Symplocos uniflora,Symplocos,Symplocaceae
27264,Syndyophyllum excelsum,Syndyophyllum,Euphorbiaceae
27265,Syndyophyllum occidentale,Syndyophyllum,Euphorbiaceae
27267,Syngramma alismifolia,Syngramma,Pteridaceae
27269,Syngramma borneensis,Syngramma,Pteridaceae
27271,Syngramma coriacea,Syngramma,Pteridaceae
27272,Syngramma grandis,Syngramma,Pteridaceae
27273,Syngramma lobbiana,Syngramma,Pteridaceae
27275,Syngramma quinata,Syngramma,Pteridaceae
27277,Syngramma valleculata,Syngramma,Pteridaceae
27279,Syngramma wallichii,Syngramma,Pteridaceae
27283,Systellantha brookeae var. papillata,Systellantha,Primulaceae
27284,Systellantha fruticosa,Systellantha,Primulaceae
27286,Syzygium acuminatissimum,Syzygium,Myrtaceae
27288,Syzygium acutangulum,Syzygium,Myrtaceae
27292,Syzygium aegiceroides,Syzygium,Myrtaceae
27300,Syzygium ampullarium,Syzygium,Myrtaceae
27306,Syzygium antisepticum,Syzygium,Myrtaceae
27308,Syzygium aqueum,Syzygium,Myrtaceae
27309,Syzygium argyrocalyx,Syzygium,Myrtaceae
27310,Syzygium aromaticum,Syzygium,Myrtaceae
27311,Syzygium attenuatum,Syzygium,Myrtaceae
27316,Syzygium bankense,Syzygium,Myrtaceae
27317,Syzygium bankense subsp. perparvifolium,Syzygium,Myrtaceae
27318,Syzygium baramense,Syzygium,Myrtaceae
27319,Syzygium barringtonioides,Syzygium,Myrtaceae
27322,Syzygium beccarii,Syzygium,Myrtaceae
27329,Syzygium boerlagei,Syzygium,Myrtaceae
27330,Syzygium borneense,Syzygium,Myrtaceae
27334,Syzygium brachyrachis,Syzygium,Myrtaceae
27345,Syzygium calyptrocalyx,Syzygium,Myrtaceae
27351,Syzygium caryophylliflorum,Syzygium,Myrtaceae
27352,Syzygium castaneum,Syzygium,Myrtaceae
27353,Syzygium caudatilimbum,Syzygium,Myrtaceae
27354,Syzygium caudatum,Syzygium,Myrtaceae
27358,Syzygium cerasiforme,Syzygium,Myrtaceae
27360,Syzygium chloranthum,Syzygium,Myrtaceae
27364,Syzygium claviflorum,Syzygium,Myrtaceae
27365,Syzygium cleistocalyx,Syzygium,Myrtaceae
27370,Syzygium confertiflorum,Syzygium,Myrtaceae
27371,Syzygium confertum,Syzygium,Myrtaceae
27373,Syzygium congestum,Syzygium,Myrtaceae
27376,Syzygium conicum,Syzygium,Myrtaceae
27379,Syzygium corymbosum,Syzygium,Myrtaceae
27380,Syzygium creaghii,Syzygium,Myrtaceae
27383,Syzygium cuneatum,Syzygium,Myrtaceae
27385,Syzygium curtisii,Syzygium,Myrtaceae
27388,Syzygium dasyphyllum,Syzygium,Myrtaceae
27389,Syzygium decipiens,Syzygium,Myrtaceae
27402,Syzygium durifolium,Syzygium,Myrtaceae
27403,Syzygium dyerianum,Syzygium,Myrtaceae
27405,Syzygium elliptilimbum,Syzygium,Myrtaceae
27407,Syzygium erythranthum,Syzygium,Myrtaceae
27412,Syzygium faciflorum,Syzygium,Myrtaceae
27413,Syzygium fastigiatum,Syzygium,Myrtaceae
27418,Syzygium flosculiferum,Syzygium,Myrtaceae
27420,Syzygium formosum,Syzygium,Myrtaceae
27422,Syzygium foxworthianum,Syzygium,Myrtaceae
27424,Syzygium fulvotomentosum,Syzygium,Myrtaceae
27426,Syzygium fusticuliferum,Syzygium,Myrtaceae
27429,Syzygium garciniifolium,Syzygium,Myrtaceae
27434,Syzygium glabratum,Syzygium,Myrtaceae
27437,Syzygium glaucum,Syzygium,Myrtaceae
27444,Syzygium gracilipaniculum,Syzygium,Myrtaceae
27446,Syzygium grande,Syzygium,Myrtaceae
27448,Syzygium griffithii,Syzygium,Myrtaceae
27451,Syzygium havilandii,Syzygium,Myrtaceae
27455,Syzygium hemsleyanum,Syzygium,Myrtaceae
27457,Syzygium hirtum,Syzygium,Myrtaceae
27461,Syzygium houttuynii,Syzygium,Myrtaceae
27465,Syzygium hypsipetes,Syzygium,Myrtaceae
27466,Syzygium idrisii,Syzygium,Myrtaceae
27467,Syzygium imperiale,Syzygium,Myrtaceae
27468,Syzygium incarnatum,Syzygium,Myrtaceae
27469,Syzygium inophyllum,Syzygium,Myrtaceae
27474,Syzygium jambos,Syzygium,Myrtaceae
27477,Syzygium kalahiense,Syzygium,Myrtaceae
27478,Syzygium karimatense,Syzygium,Myrtaceae
27484,Syzygium kinabaluense subsp. exiguifolium,Syzygium,Myrtaceae
27485,Syzygium kinabaluense subsp. polycladum,Syzygium,Myrtaceae
27487,Syzygium klossii,Syzygium,Myrtaceae
27489,Syzygium korthalsianum,Syzygium,Myrtaceae
27491,Syzygium kunstleri,Syzygium,Myrtaceae
27494,Syzygium lambirense,Syzygium,Myrtaceae
27495,Syzygium lamii,Syzygium,Myrtaceae
27499,Syzygium laxiflorum,Syzygium,Myrtaceae
27506,Syzygium leptostemon,Syzygium,Myrtaceae
27508,Syzygium leucoxylon,Syzygium,Myrtaceae
27509,Syzygium littorale,Syzygium,Myrtaceae
27514,Syzygium lunduense,Syzygium,Myrtaceae
27516,Syzygium macromyrtus,Syzygium,Myrtaceae
27518,Syzygium magnoliifolium,Syzygium,Myrtaceae
27521,Syzygium malaccense,Syzygium,Myrtaceae
27524,Syzygium medium,Syzygium,Myrtaceae
27535,Syzygium monticola,Syzygium,Myrtaceae
27536,Syzygium moultonii,Syzygium,Myrtaceae
27537,Syzygium muelleri,Syzygium,Myrtaceae
27540,Syzygium myrtifolium,Syzygium,Myrtaceae
27541,Syzygium myrtilloides,Syzygium,Myrtaceae
27545,Syzygium napiforme,Syzygium,Myrtaceae
27546,Syzygium neriifolium,Syzygium,Myrtaceae
27547,Syzygium nervosum,Syzygium,Myrtaceae
27549,Syzygium nigricans,Syzygium,Myrtaceae
27550,Syzygium nigricans subsp. phaeophyllum,Syzygium,Myrtaceae
27551,Syzygium nigropunctatum,Syzygium,Myrtaceae
27558,Syzygium oblanceolatum subsp. kihamense,Syzygium,Myrtaceae
27559,Syzygium oblatum,Syzygium,Myrtaceae
27562,Syzygium oligomyrum,Syzygium,Myrtaceae
27564,Syzygium ovale,Syzygium,Myrtaceae
27569,Syzygium pachyphyllum,Syzygium,Myrtaceae
27573,Syzygium palawanense,Syzygium,Myrtaceae
27575,Syzygium pallidilimbum,Syzygium,Myrtaceae
27579,Syzygium panzeri,Syzygium,Myrtaceae
27580,Syzygium papillosum,Syzygium,Myrtaceae
27582,Syzygium paraiense,Syzygium,Myrtaceae
27586,Syzygium penibukanense,Syzygium,Myrtaceae
27587,Syzygium peregrinum,Syzygium,Myrtaceae
27593,Syzygium petakense,Syzygium,Myrtaceae
27596,Syzygium phryganodes,Syzygium,Myrtaceae
27598,Syzygium piluliferum,Syzygium,Myrtaceae
27604,Syzygium polyanthum,Syzygium,Myrtaceae
27606,Syzygium polycephalum,Syzygium,Myrtaceae
27608,Syzygium pontianakense,Syzygium,Myrtaceae
27611,Syzygium prasiniflorum,Syzygium,Myrtaceae
27612,Syzygium pseudocalcicola,Syzygium,Myrtaceae
27614,Syzygium pterophorum,Syzygium,Myrtaceae
27618,Syzygium pustulatum,Syzygium,Myrtaceae
27619,Syzygium pycnanthum,Syzygium,Myrtaceae
27620,Syzygium pyrifolium,Syzygium,Myrtaceae
27625,Syzygium quadricostatum,Syzygium,Myrtaceae
27626,Syzygium racemosum,Syzygium,Myrtaceae
27630,Syzygium rejangense,Syzygium,Myrtaceae
27631,Syzygium remotifolium,Syzygium,Myrtaceae
27632,Syzygium rheophyticum,Syzygium,Myrtaceae
27640,Syzygium roseomarginatum,Syzygium,Myrtaceae
27642,Syzygium rostratum,Syzygium,Myrtaceae
27643,Syzygium rosulentum,Syzygium,Myrtaceae
27646,Syzygium rugosum,Syzygium,Myrtaceae
27654,Syzygium samarangense,Syzygium,Myrtaceae
27659,Syzygium scortechinii,Syzygium,Myrtaceae
27661,Syzygium sexangulatum,Syzygium,Myrtaceae
27672,Syzygium stapfianum,Syzygium,Myrtaceae
27673,Syzygium steenisii,Syzygium,Myrtaceae
27678,Syzygium subcrenatum,Syzygium,Myrtaceae
27679,Syzygium subdecussatum,Syzygium,Myrtaceae
27690,Syzygium suringarianum,Syzygium,Myrtaceae
27692,Syzygium syzygioides,Syzygium,Myrtaceae
27694,Syzygium tawahense,Syzygium,Myrtaceae
27696,Syzygium tenellum,Syzygium,Myrtaceae
27699,Syzygium tesselatum,Syzygium,Myrtaceae
27703,Syzygium thumra,Syzygium,Myrtaceae
27708,Syzygium treubii,Syzygium,Myrtaceae
27716,Syzygium umbellatum,Syzygium,Myrtaceae
27718,Syzygium urceolatum,Syzygium,Myrtaceae
27720,Syzygium urceolatum subsp. palembanicum,Syzygium,Myrtaceae
27721,Syzygium valdecoriaceum,Syzygium,Myrtaceae
27722,Syzygium valdevenosum,Syzygium,Myrtaceae
27730,Syzygium villiferum,Syzygium,Myrtaceae
27738,Syzygium zeylanicum,Syzygium,Myrtaceae
27742,Tabernaemontana antheonycta,Tabernaemontana,Apocynaceae
27744,Tabernaemontana corymbosa,Tabernaemontana,Apocynaceae
27746,Tabernaemontana macrocarpa,Tabernaemontana,Apocynaceae
27747,Tabernaemontana pandacaqui,Tabernaemontana,Apocynaceae
27748,Tabernaemontana pauciflora,Tabernaemontana,Apocynaceae
27751,Tabernaemontana sphaerocarpa,Tabernaemontana,Apocynaceae
27752,Tacca bibracteata,Tacca,Dioscoreaceae
27753,Tacca borneensis,Tacca,Dioscoreaceae
27755,Tacca chantrieri,Tacca,Dioscoreaceae
27756,Tacca integrifolia,Tacca,Dioscoreaceae
27757,Tacca leontopetaloides,Tacca,Dioscoreaceae
27758,Tacca palmata,Tacca,Dioscoreaceae
27762,Tadehagi triquetrum,Tadehagi,Fabaceae
27776,Taeniophyllum borneense,Taeniophyllum,Orchidaceae
27793,Taeniophyllum esetiferum,Taeniophyllum,Orchidaceae
27796,Taeniophyllum filiforme,Taeniophyllum,Orchidaceae
27803,Taeniophyllum hirtum,Taeniophyllum,Orchidaceae
27842,Taeniophyllum rugulosum,Taeniophyllum,Orchidaceae
27845,Taeniophyllum stella,Taeniophyllum,Orchidaceae
27861,Taenitis blechnoides,Taenitis,Pteridaceae
27862,Taenitis cordata,Taenitis,Pteridaceae
27863,Taenitis hookeri,Taenitis,Pteridaceae
27865,Taenitis interrupta,Taenitis,Pteridaceae
27868,Taenitis obtusa,Taenitis,Pteridaceae
27870,Taenitis requiniana,Taenitis,Pteridaceae
27876,Tainia maingayi,Tainia,Orchidaceae
27880,Tainia paucifolia,Tainia,Orchidaceae
27881,Tainia purpureifolia,Tainia,Orchidaceae
27882,Tainia scapigera,Tainia,Orchidaceae
27891,Tapeinidium biserratum,Tapeinidium,Lindsaeaceae
27892,Tapeinidium calomelanos,Tapeinidium,Lindsaeaceae
27893,Tapeinidium gracile,Tapeinidium,Lindsaeaceae
27894,Tapeinidium longipinnulum,Tapeinidium,Lindsaeaceae
27895,Tapeinidium luzonicum,Tapeinidium,Lindsaeaceae
27896,Tapeinidium luzonicum var. thelypteridoides,Tapeinidium,Lindsaeaceae
27900,Tapeinidium oligophlebium,Tapeinidium,Lindsaeaceae
27901,Tapeinidium pinnatum,Tapeinidium,Lindsaeaceae
27902,Tapeinidium prionoides,Tapeinidium,Lindsaeaceae
27922,Tarenna borneensis,Tarenna,Rubiaceae
27924,Tarenna ciliolata,Tarenna,Rubiaceae
27925,Tarenna confusa,Tarenna,Rubiaceae
27926,Tarenna coriacea,Tarenna,Rubiaceae
27927,Tarenna costata,Tarenna,Rubiaceae
27928,Tarenna cumingiana,Tarenna,Rubiaceae
27930,Tarenna debilis,Tarenna,Rubiaceae
27932,Tarenna fragrans,Tarenna,Rubiaceae
27935,Tarenna macroptera,Tarenna,Rubiaceae
27937,Tarenna oblonga,Tarenna,Rubiaceae
27942,Tarenna pubituba,Tarenna,Rubiaceae
27950,Tarenna sumatrensis,Tarenna,Rubiaceae
27952,Tarenna wallichii,Tarenna,Rubiaceae
27955,Tarenna winkleri,Tarenna,Rubiaceae
27956,Tarennoidea axillaris,Tarennoidea,Rubiaceae
27957,Tarennoidea wallichii,Tarennoidea,Rubiaceae
27968,Taxillus chinensis,Taxillus,Loranthaceae
27970,Taxotrophis macrophylla,Taxotrophis,Moraceae
27979,Tectaria angulata,Tectaria,Tectariaceae
27980,Tectaria aspidioides,Tectaria,Tectariaceae
27981,Tectaria aurita,Tectaria,Tectariaceae
27983,Tectaria barberi,Tectaria,Tectariaceae
27984,Tectaria beccariana,Tectaria,Tectariaceae
27985,Tectaria borneensis,Tectaria,Tectariaceae
27987,Tectaria brevilobata,Tectaria,Tectariaceae
27988,Tectaria brooksii,Tectaria,Tectariaceae
27993,Tectaria crenata,Tectaria,Tectariaceae
27995,Tectaria decurrens,Tectaria,Tectariaceae
27996,Tectaria dissecta,Tectaria,Tectariaceae
28000,Tectaria fissa,Tectaria,Tectariaceae
28002,Tectaria gigantea,Tectaria,Tectariaceae
28003,Tectaria griffithii,Tectaria,Tectariaceae
28004,Tectaria hilocarpa,Tectaria,Tectariaceae
28005,Tectaria holttumii,Tectaria,Tectariaceae
28008,Tectaria inopinata,Tectaria,Tectariaceae
28010,Tectaria johannis-winkleri,Tectaria,Tectariaceae
28011,Tectaria kalimantanensis,Tectaria,Tectariaceae
28012,Tectaria katoi,Tectaria,Tectariaceae
28016,Tectaria labrusca,Tectaria,Tectariaceae
28018,Tectaria lobbii,Tectaria,Tectariaceae
28020,Tectaria lobulata,Tectaria,Tectariaceae
28025,Tectaria melanocaulos,Tectaria,Tectariaceae
28026,Tectaria melanorachis,Tectaria,Tectariaceae
28027,Tectaria membranacea,Tectaria,Tectariaceae
28034,Tectaria nayarii,Tectaria,Tectariaceae
28037,Tectaria palmata,Tectaria,Tectariaceae
28038,Tectaria palmata var. dimorpha,Tectaria,Tectariaceae
28039,Tectaria palmata var. platanifolia,Tectaria,Tectariaceae
28041,Tectaria pandurifolia,Tectaria,Tectariaceae
28042,Tectaria paradoxa,Tectaria,Tectariaceae
28045,Tectaria pleiosora,Tectaria,Tectariaceae
28047,Tectaria polymorpha,Tectaria,Tectariaceae
28056,Tectaria sagenioides,Tectaria,Tectariaceae
28059,Tectaria semibipinnata,Tectaria,Tectariaceae
28060,Tectaria semipinnata,Tectaria,Tectariaceae
28064,Tectaria siifolia,Tectaria,Tectariaceae
28065,Tectaria simonsii,Tectaria,Tectariaceae
28066,Tectaria singaporiana,Tectaria,Tectariaceae
28069,Tectaria subcaudata,Tectaria,Tectariaceae
28071,Tectaria subtriloba,Tectaria,Tectariaceae
28077,Tectaria ternata,Tectaria,Tectariaceae
28078,Tectaria tricuspis,Tectaria,Tectariaceae
28080,Tectaria vasta,Tectaria,Tectariaceae
28088,Teijsmanniodendron bogoriense,Teijsmanniodendron,Lamiaceae
28089,Teijsmanniodendron coriaceum,Teijsmanniodendron,Lamiaceae
28090,Teijsmanniodendron glabrum,Teijsmanniodendron,Lamiaceae
28091,Teijsmanniodendron hollrungii,Teijsmanniodendron,Lamiaceae
28092,Teijsmanniodendron holophyllum,Teijsmanniodendron,Lamiaceae
28093,Teijsmanniodendron latiffii,Teijsmanniodendron,Lamiaceae
28094,Teijsmanniodendron pteropodum,Teijsmanniodendron,Lamiaceae
28095,Teijsmanniodendron sarawakanum,Teijsmanniodendron,Lamiaceae
28096,Teijsmanniodendron scaberrimum,Teijsmanniodendron,Lamiaceae
28097,Teijsmanniodendron simplicifolium,Teijsmanniodendron,Lamiaceae
28098,Teijsmanniodendron simplicioides,Teijsmanniodendron,Lamiaceae
28099,Teijsmanniodendron sinclairii,Teijsmanniodendron,Lamiaceae
28100,Teijsmanniodendron smilacifolium,Teijsmanniodendron,Lamiaceae
28101,Teijsmanniodendron subspicatum,Teijsmanniodendron,Lamiaceae
28102,Teijsmanniodendron unifoliolatum,Teijsmanniodendron,Lamiaceae
28104,Telmatoblechnum indicum,Telmatoblechnum,Blechnaceae
28105,Telmatoblechnum serrulatum,Telmatoblechnum,Blechnaceae
28111,Temburongia simplex,Temburongia,Poaceae
28127,Tephrosia purpurea,Tephrosia,Fabaceae
28140,Teratophyllum aculeatum,Teratophyllum,Dryopteridaceae
28143,Teratophyllum clemensiae,Teratophyllum,Dryopteridaceae
28147,Teratophyllum ludens,Teratophyllum,Dryopteridaceae
28148,Teratophyllum rotundifoliatum,Teratophyllum,Dryopteridaceae
28149,Terminalia adenopoda,Terminalia,Combretaceae
28153,Terminalia bellirica,Terminalia,Combretaceae
28161,Terminalia citrina,Terminalia,Combretaceae
28163,Terminalia creaghii,Terminalia,Combretaceae
28165,Terminalia foetidissima,Terminalia,Combretaceae
28174,Terminalia microcarpa,Terminalia,Combretaceae
28190,Terminalia procera,Terminalia,Combretaceae
28198,Terminalia subspathulata,Terminalia,Combretaceae
28202,Ternstroemia beccarii,Ternstroemia,Pentaphylacaceae
28206,Ternstroemia coriacea,Ternstroemia,Pentaphylacaceae
28207,Ternstroemia elongata,Ternstroemia,Pentaphylacaceae
28210,Ternstroemia gymnanthera,Ternstroemia,Pentaphylacaceae
28211,Ternstroemia hosei,Ternstroemia,Pentaphylacaceae
28215,Ternstroemia lowii,Ternstroemia,Pentaphylacaceae
28217,Ternstroemia magnifica,Ternstroemia,Pentaphylacaceae
28227,Ternstroemia penangiana,Ternstroemia,Pentaphylacaceae
28236,Tetracera akara,Tetracera,Dilleniaceae
28237,Tetracera arborescens,Tetracera,Dilleniaceae
28239,Tetracera fagifolia,Tetracera,Dilleniaceae
28240,Tetracera fagifolia var. borneensis,Tetracera,Dilleniaceae
28241,Tetracera glaberrima,Tetracera,Dilleniaceae
28244,Tetracera korthalsii,Tetracera,Dilleniaceae
28245,Tetracera korthalsii var. subrotundata,Tetracera,Dilleniaceae
28247,Tetracera macrophylla,Tetracera,Dilleniaceae
28248,Tetracera maingayi,Tetracera,Dilleniaceae
28253,Tetracera sarmentosa,Tetracera,Dilleniaceae
28254,Tetracera scandens,Tetracera,Dilleniaceae
28258,Tetractomia tetrandra,Tetractomia,Rutaceae
28265,Tetramerista glabra,Tetramerista,Tetrameristaceae
28283,Tetrapilus borneensis,Tetrapilus,Oleaceae
28288,Tetrapilus rubrovenius,Tetrapilus,Oleaceae
28292,Tetraria borneensis,Tetraria,Cyperaceae
28296,Tetrastigma articulatum,Tetrastigma,Vitaceae
28297,Tetrastigma bracteolatum,Tetrastigma,Vitaceae
28298,Tetrastigma brunneum,Tetrastigma,Vitaceae
28299,Tetrastigma coriaceum,Tetrastigma,Vitaceae
28301,Tetrastigma dichotomum,Tetrastigma,Vitaceae
28302,Tetrastigma diepenhorstii,Tetrastigma,Vitaceae
28303,Tetrastigma dubium,Tetrastigma,Vitaceae
28304,Tetrastigma enervium,Tetrastigma,Vitaceae
28307,Tetrastigma havilandii,Tetrastigma,Vitaceae
28308,Tetrastigma hookeri,Tetrastigma,Vitaceae
28309,Tetrastigma laevigatum,Tetrastigma,Vitaceae
28312,Tetrastigma leucostaphylum,Tetrastigma,Vitaceae
28313,Tetrastigma magnum,Tetrastigma,Vitaceae
28314,Tetrastigma megacarpum,Tetrastigma,Vitaceae
28317,Tetrastigma papillosum,Tetrastigma,Vitaceae
28319,Tetrastigma pedunculare,Tetrastigma,Vitaceae
28322,Tetrastigma pubiflorum,Tetrastigma,Vitaceae
28324,Tetrastigma rafflesiae,Tetrastigma,Vitaceae
28329,Tetrastigma serrulatum,Tetrastigma,Vitaceae
28331,Tetrastigma steenisii,Tetrastigma,Vitaceae
28332,Tetrastigma tetragynum,Tetrastigma,Vitaceae
28346,Thalictrum javanicum,Thalictrum,Ranunculaceae
28351,Thecopus maingayi,Thecopus,Orchidaceae
28352,Thecopus secunda,Thecopus,Orchidaceae
28353,Thecostele alata,Thecostele,Orchidaceae
28355,Thelasis borneensis,Thelasis,Orchidaceae
28356,Thelasis capitata,Thelasis,Orchidaceae
28357,Thelasis carinata,Thelasis,Orchidaceae
28358,Thelasis carnosa,Thelasis,Orchidaceae
28359,Thelasis cebolleta,Thelasis,Orchidaceae
28365,Thelasis macrobulbon,Thelasis,Orchidaceae
28367,Thelasis micrantha,Thelasis,Orchidaceae
28369,Thelasis pygmaea,Thelasis,Orchidaceae
28372,Thelasis variabilis,Thelasis,Orchidaceae
28378,Thelymitra papuana,Thelymitra,Orchidaceae
28379,Thelypteris × silmarillion,Thelypteris,Thelypteridaceae
28380,Thelypteris acanthocarpa,Thelypteris,Thelypteridaceae
28382,Thelypteris acutidens,Thelypteris,Thelypteridaceae
28386,Thelypteris amboinensis,Thelypteris,Thelypteridaceae
28389,Thelypteris arida,Thelypteris,Thelypteridaceae
28390,Thelypteris aspera,Thelypteris,Thelypteridaceae
28392,Thelypteris atrospinosa,Thelypteris,Thelypteridaceae
28393,Thelypteris attenuata,Thelypteris,Thelypteridaceae
28403,Thelypteris bunnemeyeri,Thelypteris,Thelypteridaceae
28408,Thelypteris celebica,Thelypteris,Thelypteridaceae
28409,Thelypteris ceramica,Thelypteris,Thelypteridaceae
28411,Thelypteris clavipilosa,Thelypteris,Thelypteridaceae
28412,Thelypteris concinna,Thelypteris,Thelypteridaceae
28415,Thelypteris costata,Thelypteris,Thelypteridaceae
28417,Thelypteris crassifolia,Thelypteris,Thelypteridaceae
28420,Thelypteris cuspidata,Thelypteris,Thelypteridaceae
28425,Thelypteris dentata,Thelypteris,Thelypteridaceae
28430,Thelypteris exsculpta,Thelypteris,Thelypteridaceae
28431,Thelypteris ferox,Thelypteris,Thelypteridaceae
28432,Thelypteris flaccida,Thelypteris,Thelypteridaceae
28436,Thelypteris gracilescens,Thelypteris,Thelypteridaceae
28441,Thelypteris heterocarpos,Thelypteris,Thelypteridaceae
28442,Thelypteris hirsuta,Thelypteris,Thelypteridaceae
28443,Thelypteris hirsutipes,Thelypteris,Thelypteridaceae
28444,Thelypteris hispidula,Thelypteris,Thelypteridaceae
28446,Thelypteris hosei,Thelypteris,Thelypteridaceae
28447,Thelypteris immersa,Thelypteris,Thelypteridaceae
28455,Thelypteris kiauensis,Thelypteris,Thelypteridaceae
28456,Thelypteris kjellbergii,Thelypteris,Thelypteridaceae
28458,Thelypteris krayanensis,Thelypteris,Thelypteridaceae
28460,Thelypteris latebrosa,Thelypteris,Thelypteridaceae
28463,Thelypteris legolas,Thelypteris,Thelypteridaceae
28465,Thelypteris lineata,Thelypteris,Thelypteridaceae
28466,Thelypteris longipes,Thelypteris,Thelypteridaceae
28468,Thelypteris malayensis,Thelypteris,Thelypteridaceae
28471,Thelypteris menisciicarpos,Thelypteris,Thelypteridaceae
28475,Thelypteris minahassae,Thelypteris,Thelypteridaceae
28481,Thelypteris nitida,Thelypteris,Thelypteridaceae
28484,Thelypteris nudata,Thelypteris,Thelypteridaceae
28485,Thelypteris obliqua,Thelypteris,Thelypteridaceae
28491,Thelypteris paraphysophora,Thelypteris,Thelypteridaceae
28494,Thelypteris peltata,Thelypteris,Thelypteridaceae
28511,Thelypteris ramosii,Thelypteris,Thelypteridaceae
28512,Thelypteris repanda,Thelypteris,Thelypteridaceae
28514,Thelypteris rubicunda,Thelypteris,Thelypteridaceae
28518,Thelypteris salicifolia,Thelypteris,Thelypteridaceae
28519,Thelypteris sambasensis,Thelypteris,Thelypteridaceae
28523,Thelypteris singalanensis,Thelypteris,Thelypteridaceae
28535,Thelypteris subpubescens,Thelypteris,Thelypteridaceae
28541,Thelypteris triphylla,Thelypteris,Thelypteridaceae
28542,Thelypteris truncata,Thelypteris,Thelypteridaceae
28544,Thelypteris unita,Thelypteris,Thelypteridaceae
28548,Thelypteris womersleyi,Thelypteris,Thelypteridaceae
28550,Themeda arguens,Themeda,Poaceae
28551,Themeda arundinacea,Themeda,Poaceae
28553,Themeda gigantea,Themeda,Poaceae
28555,Themeda intermedia,Themeda,Poaceae
28559,Themeda villosa,Themeda,Poaceae
28565,Thespesia populnea,Thespesia,Malvaceae
28572,Thismia mullerensis,Thismia,Burmanniaceae
28573,Thismia ophiuris,Thismia,Burmanniaceae
28579,Thottea borneensis,Thottea,Aristolochiaceae
28581,Thottea curvisemen,Thottea,Aristolochiaceae
28585,Thottea macrophylla,Thottea,Aristolochiaceae
28586,Thottea muluensis,Thottea,Aristolochiaceae
28587,Thottea penitilobata,Thottea,Aristolochiaceae
28588,Thottea piperiformis,Thottea,Aristolochiaceae
28596,Thrixspermum acuminatissimum,Thrixspermum,Orchidaceae
28597,Thrixspermum acuminatissimum subsp. affine,Thrixspermum,Orchidaceae
28600,Thrixspermum amplexicaule,Thrixspermum,Orchidaceae
28603,Thrixspermum anjunganense,Thrixspermum,Orchidaceae
28605,Thrixspermum borneense,Thrixspermum,Orchidaceae
28610,Thrixspermum calceolus,Thrixspermum,Orchidaceae
28611,Thrixspermum canaliculatum,Thrixspermum,Orchidaceae
28614,Thrixspermum centipeda,Thrixspermum,Orchidaceae
28616,Thrixspermum clavatum,Thrixspermum,Orchidaceae
28621,Thrixspermum crescentiforme,Thrixspermum,Orchidaceae
28634,Thrixspermum inquinatum,Thrixspermum,Orchidaceae
28642,Thrixspermum longicauda,Thrixspermum,Orchidaceae
28648,Thrixspermum maculatum,Thrixspermum,Orchidaceae
28655,Thrixspermum pensile,Thrixspermum,Orchidaceae
28666,Thrixspermum samarindae,Thrixspermum,Orchidaceae
28667,Thrixspermum scopa,Thrixspermum,Orchidaceae
28671,Thrixspermum subulatum,Thrixspermum,Orchidaceae
28675,Thrixspermum tortum,Thrixspermum,Orchidaceae
28676,Thrixspermum triangulare,Thrixspermum,Orchidaceae
28677,Thrixspermum trichoglottis,Thrixspermum,Orchidaceae
28680,Thrixspermum westenenkii,Thrixspermum,Orchidaceae
28688,Thunbergia cycloneura,Thunbergia,Acanthaceae
28703,Thunbergia stenochlamys,Thunbergia,Acanthaceae
28708,Thylacopteris papillosa,Thylacopteris,Polypodiaceae
28710,Thysanolaena latifolia,Thysanolaena,Poaceae
28718,Timonius anodon,Timonius,Rubiaceae
28719,Timonius avenis,Timonius,Rubiaceae
28724,Timonius billitonensis,Timonius,Rubiaceae
28726,Timonius borneensis,Timonius,Rubiaceae
28739,Timonius esherianus,Timonius,Rubiaceae
28741,Timonius finlaysonianus,Timonius,Rubiaceae
28742,Timonius flavescens,Timonius,Rubiaceae
28749,Timonius involucratus,Timonius,Rubiaceae
28758,Timonius lasianthoides,Timonius,Rubiaceae
28760,Timonius minahassae,Timonius,Rubiaceae
28767,Timonius ovalis,Timonius,Rubiaceae
28768,Timonius polyneurus,Timonius,Rubiaceae
28776,Timonius salicifolius,Timonius,Rubiaceae
28786,Timonius timon,Timonius,Rubiaceae
28797,Timonius wallichianus,Timonius,Rubiaceae
28800,Tinomiscium petiolare,Tinomiscium,Menispermaceae
28805,Tinospora crispa,Tinospora,Menispermaceae
28807,Tinospora glabra,Tinospora,Menispermaceae
28810,Tinospora merrilliana,Tinospora,Menispermaceae
28814,Tinospora teijsmannii,Tinospora,Menispermaceae
28815,Tinospora trilobata,Tinospora,Menispermaceae
28816,Tmesipteris lanceolata,Tmesipteris,Psilotaceae
28821,Toga alatensis,Toga,Araceae
28822,Toga hippocrepis,Toga,Araceae
28823,Toga perplexa,Toga,Araceae
28824,Toga rostrata,Toga,Araceae
28825,Toga surukensis,Toga,Araceae
28826,Toga unca,Toga,Araceae
28828,Toona ciliata,Toona,Meliaceae
28830,Toona sinensis,Toona,Meliaceae
28831,Toona sureni,Toona,Meliaceae
28832,Torenia anagallis,Torenia,Linderniaceae
28838,Torenia crustacea,Torenia,Linderniaceae
28839,Torenia cyrtandriflora,Torenia,Linderniaceae
28841,Torenia flava,Torenia,Linderniaceae
28846,Torenia thouarsii,Torenia,Linderniaceae
28850,Toxicodendron borneense,Toxicodendron,Anacardiaceae
28851,Toxicodendron nodosum,Toxicodendron,Anacardiaceae
28853,Toxocarpus borneensis,Toxocarpus,Apocynaceae
28855,Trachelospermum asiaticum,Trachelospermum,Apocynaceae
28863,Trachoma rhopalorrhachis,Trachoma,Orchidaceae
28892,Trema angustifolia,Trema,Cannabaceae
28893,Trema angustifolium,Trema,Cannabaceae
28894,Trema cannabina,Trema,Cannabaceae
28898,Trema orientale,Trema,Cannabaceae
28900,Trema simulans,Trema,Cannabaceae
28901,Trema tomentosum,Trema,Cannabaceae
28904,Trevesia burckii,Trevesia,Araliaceae
28908,Triadica cochinchinensis,Triadica,Euphorbiaceae
28910,Triadodaphne myristicoides,Triadodaphne,Lauraceae
28917,Tricarpelema philippense,Tricarpelema,Commelinaceae
28918,Tricarpelema pumilum,Tricarpelema,Commelinaceae
28919,Trichadenia philippinensis,Trichadenia,Achariaceae
28928,Trichoglottis bipenicillata,Trichoglottis,Orchidaceae
28929,Trichoglottis celebica,Trichoglottis,Orchidaceae
28930,Trichoglottis collenetteae,Trichoglottis,Orchidaceae
28932,Trichoglottis geminata,Trichoglottis,Orchidaceae
28935,Trichoglottis kinabaluensis,Trichoglottis,Orchidaceae
28937,Trichoglottis lanceolaria,Trichoglottis,Orchidaceae
28940,Trichoglottis lobifera,Trichoglottis,Orchidaceae
28943,Trichoglottis magnicallosa,Trichoglottis,Orchidaceae
28947,Trichoglottis pantherina,Trichoglottis,Orchidaceae
28952,Trichoglottis retusa,Trichoglottis,Orchidaceae
28956,Trichoglottis scaphigera,Trichoglottis,Orchidaceae
28958,Trichoglottis smithii,Trichoglottis,Orchidaceae
28959,Trichoglottis tenuis,Trichoglottis,Orchidaceae
28961,Trichoglottis uexkuelliana,Trichoglottis,Orchidaceae
28962,Trichoglottis valida,Trichoglottis,Orchidaceae
28963,Trichoglottis vandiflora,Trichoglottis,Orchidaceae
28964,Trichoglottis winkleri,Trichoglottis,Orchidaceae
28965,Trichoglottis winkleri var. minor,Trichoglottis,Orchidaceae
28966,Trichoglottis zollingeriana,Trichoglottis,Orchidaceae
28968,Trichomanes aphlebioides,Trichomanes,Hymenophyllaceae
28972,Trichomanes auriculatum,Trichomanes,Hymenophyllaceae
28974,Trichomanes bipunctatum,Trichomanes,Hymenophyllaceae
28979,Trichomanes crispum,Trichomanes,Hymenophyllaceae
28980,Trichomanes cumingii,Trichomanes,Hymenophyllaceae
28981,Trichomanes cupressoides,Trichomanes,Hymenophyllaceae
28982,Trichomanes dactylites,Trichomanes,Hymenophyllaceae
28983,Trichomanes dregei,Trichomanes,Hymenophyllaceae
28985,Trichomanes humile,Trichomanes,Hymenophyllaceae
28987,Trichomanes javanicum,Trichomanes,Hymenophyllaceae
28989,Trichomanes laciniatum,Trichomanes,Hymenophyllaceae
28992,Trichomanes maximum,Trichomanes,Hymenophyllaceae
28993,Trichomanes minutum,Trichomanes,Hymenophyllaceae
28994,Trichomanes motleyi,Trichomanes,Hymenophyllaceae
28996,Trichomanes obscurum,Trichomanes,Hymenophyllaceae
28997,Trichomanes parviflorum,Trichomanes,Hymenophyllaceae
28999,Trichomanes radicans,Trichomanes,Hymenophyllaceae
29002,Trichomanes setaceum,Trichomanes,Hymenophyllaceae
29004,Trichomanes sublimbatum,Trichomanes,Hymenophyllaceae
29005,Trichomanes superbum,Trichomanes,Hymenophyllaceae
29007,Trichomanes thysanostomum,Trichomanes,Hymenophyllaceae
29011,Trichosanthes auriculata,Trichosanthes,Cucurbitaceae
29012,Trichosanthes beccariana,Trichosanthes,Cucurbitaceae
29013,Trichosanthes beccariana subsp. pusilla,Trichosanthes,Cucurbitaceae
29014,Trichosanthes borneensis,Trichosanthes,Cucurbitaceae
29015,Trichosanthes bracteata,Trichosanthes,Cucurbitaceae
29019,Trichosanthes costata,Trichosanthes,Cucurbitaceae
29020,Trichosanthes cucumerina,Trichosanthes,Cucurbitaceae
29028,Trichosanthes ellipsoidea,Trichosanthes,Cucurbitaceae
29029,Trichosanthes elmeri,Trichosanthes,Cucurbitaceae
29032,Trichosanthes fusca,Trichosanthes,Cucurbitaceae
29036,Trichosanthes intermedia,Trichosanthes,Cucurbitaceae
29038,Trichosanthes laceribractea,Trichosanthes,Cucurbitaceae
29044,Trichosanthes longispicata,Trichosanthes,Cucurbitaceae
29045,Trichosanthes montana,Trichosanthes,Cucurbitaceae
29046,Trichosanthes montana subsp. crassipes,Trichosanthes,Cucurbitaceae
29048,Trichosanthes obscura,Trichosanthes,Cucurbitaceae
29049,Trichosanthes ovigera,Trichosanthes,Cucurbitaceae
29054,Trichosanthes pilosa,Trichosanthes,Cucurbitaceae
29056,Trichosanthes pubera,Trichosanthes,Cucurbitaceae
29058,Trichosanthes quinquangulata,Trichosanthes,Cucurbitaceae
29065,Trichosanthes tricuspidata,Trichosanthes,Cucurbitaceae
29069,Trichosanthes tricuspidata subsp. javanica,Trichosanthes,Cucurbitaceae
29072,Trichosanthes wawrae,Trichosanthes,Cucurbitaceae
29079,Trichospermum javanicum,Trichospermum,Malvaceae
29088,Trichotosia annulata,Trichotosia,Orchidaceae
29089,Trichotosia aporina,Trichotosia,Orchidaceae
29090,Trichotosia aurea,Trichotosia,Orchidaceae
29093,Trichotosia brevipedunculata,Trichotosia,Orchidaceae
29094,Trichotosia brevirachis,Trichotosia,Orchidaceae
29097,Trichotosia canaliculata,Trichotosia,Orchidaceae
29098,Trichotosia conifera,Trichotosia,Orchidaceae
29100,Trichotosia ferox,Trichotosia,Orchidaceae
29108,Trichotosia gracilis,Trichotosia,Orchidaceae
29113,Trichotosia jejuna,Trichotosia,Orchidaceae
29115,Trichotosia lacinulata,Trichotosia,Orchidaceae
29119,Trichotosia microphylla,Trichotosia,Orchidaceae
29120,Trichotosia mollicaulis,Trichotosia,Orchidaceae
29125,Trichotosia pilosissima,Trichotosia,Orchidaceae
29127,Trichotosia rubiginosa,Trichotosia,Orchidaceae
29128,Trichotosia spathulata,Trichotosia,Orchidaceae
29129,Trichotosia teysmannii,Trichotosia,Orchidaceae
29131,Trichotosia unguiculata,Trichotosia,Orchidaceae
29132,Trichotosia velutina,Trichotosia,Orchidaceae
29133,Trichotosia vestita,Trichotosia,Orchidaceae
29134,Trichotosia vulpina,Trichotosia,Orchidaceae
29141,Trigastrotheca pentaphylla,Trigastrotheca,Molluginaceae
29145,Trigoniastrum hypoleucum,Trigoniastrum,Trigoniaceae
29147,Trigonopleura malayana,Trigonopleura,Peraceae
29149,Trigonostemon aurantiacus,Trigonostemon,Euphorbiaceae
29154,Trigonostemon laevigatus,Trigonostemon,Euphorbiaceae
29155,Trigonostemon longifolius,Trigonostemon,Euphorbiaceae
29158,Trigonostemon philippinensis,Trigonostemon,Euphorbiaceae
29161,Trigonostemon villosus,Trigonostemon,Euphorbiaceae
29162,Trigonostemon villosus var. merrillianus,Trigonostemon,Euphorbiaceae
29163,Trigonostemon viridissimus,Trigonostemon,Euphorbiaceae
29164,Trigonostemon viridissimus var. elegantissimus,Trigonostemon,Euphorbiaceae
29181,Triomma malaccensis,Triomma,Burseraceae
29183,Triphasia trifolia,Triphasia,Rutaceae
29184,Tripidium arundinaceum,Tripidium,Poaceae
29201,Tristaniopsis anomala,Tristaniopsis,Myrtaceae
29202,Tristaniopsis beccarii,Tristaniopsis,Myrtaceae
29209,Tristaniopsis merguensis,Tristaniopsis,Myrtaceae
29210,Tristaniopsis microcarpa,Tristaniopsis,Myrtaceae
29211,Tristaniopsis obovata,Tristaniopsis,Myrtaceae
29216,Tristaniopsis whiteana,Tristaniopsis,Myrtaceae
29217,Tristaniopsis whiteana subsp. monostemon,Tristaniopsis,Myrtaceae
29218,Tristellateia australasiae,Tristellateia,Malpighiaceae
29220,Tristiropsis acutangula,Tristiropsis,Sapindaceae
29221,Tristiropsis ferruginea,Tristiropsis,Sapindaceae
29223,Tritaxis denticulata,Tritaxis,Euphorbiaceae
29226,Tritaxis muricata,Tritaxis,Euphorbiaceae
29227,Trithecanthera flava,Trithecanthera,Loranthaceae
29228,Trithecanthera sparsa,Trithecanthera,Loranthaceae
29229,Trithecanthera xiphostachya,Trithecanthera,Loranthaceae
29234,Triumfetta graveolens,Triumfetta,Malvaceae
29249,Trivalvaria macrophylla,Trivalvaria,Annonaceae
29263,Tropidia curculigoides,Tropidia,Orchidaceae
29268,Tropidia nagamasui,Tropidia,Orchidaceae
29272,Tropidia saprophytica,Tropidia,Orchidaceae
29277,Tubocapsicum anomalum,Tubocapsicum,Solanaceae
29301,Typhonium roxburghii,Typhonium,Araceae
29302,Uittienia modesta,Uittienia,Fabaceae
29306,Uncaria acida,Uncaria,Rubiaceae
29308,Uncaria attenuata,Uncaria,Rubiaceae
29309,Uncaria barbata,Uncaria,Rubiaceae
29311,Uncaria borneensis,Uncaria,Rubiaceae
29312,Uncaria callophylla,Uncaria,Rubiaceae
29313,Uncaria canescens,Uncaria,Rubiaceae
29314,Uncaria cordata,Uncaria,Rubiaceae
29315,Uncaria elliptica,Uncaria,Rubiaceae
29316,Uncaria gambir,Uncaria,Rubiaceae
29318,Uncaria kunstleri,Uncaria,Rubiaceae
29319,Uncaria lanosa,Uncaria,Rubiaceae
29324,Uncaria lanosa var. ferrea,Uncaria,Rubiaceae
29325,Uncaria lanosa var. glabrata,Uncaria,Rubiaceae
29326,Uncaria longiflora,Uncaria,Rubiaceae
29328,Uncaria nervosa,Uncaria,Rubiaceae
29332,Uncaria roxburghiana,Uncaria,Rubiaceae
29335,Upuna borneensis,Upuna,Dipterocarpaceae
29338,Uraria crinita,Uraria,Fabaceae
29340,Uraria lagopodioides,Uraria,Fabaceae
29345,Urceola brachysepala,Urceola,Apocynaceae
29347,Urceola elastica,Urceola,Apocynaceae
29348,Urceola javanica,Urceola,Apocynaceae
29349,Urceola laevigata,Urceola,Apocynaceae
29353,Urceola polyneura,Urceola,Apocynaceae
29358,Urena lobata var. glauca,Urena,Malvaceae
29360,Urena rigida,Urena,Malvaceae
29362,Urobotrya parviflora,Urobotrya,Opiliaceae
29363,Urochloa distachyos,Urochloa,Poaceae
29366,Urochloa glumaris,Urochloa,Poaceae
29385,Urophyllum arboreum,Urophyllum,Rubiaceae
29387,Urophyllum borneense,Urophyllum,Rubiaceae
29390,Urophyllum capituligerum,Urophyllum,Rubiaceae
29391,Urophyllum chlamydanthum,Urophyllum,Rubiaceae
29392,Urophyllum coffeoides,Urophyllum,Rubiaceae
29393,Urophyllum corniculatum,Urophyllum,Rubiaceae
29394,Urophyllum corymbosum,Urophyllum,Rubiaceae
29396,Urophyllum elongatum,Urophyllum,Rubiaceae
29402,Urophyllum grandifolium,Urophyllum,Rubiaceae
29403,Urophyllum griffithianum,Urophyllum,Rubiaceae
29404,Urophyllum hirsutum,Urophyllum,Rubiaceae
29405,Urophyllum johannis-winkleri,Urophyllum,Rubiaceae
29406,Urophyllum korthalsii,Urophyllum,Rubiaceae
29407,Urophyllum leucocarpum,Urophyllum,Rubiaceae
29409,Urophyllum lineatum,Urophyllum,Rubiaceae
29411,Urophyllum macrophyllum,Urophyllum,Rubiaceae
29412,Urophyllum macrurum,Urophyllum,Rubiaceae
29413,Urophyllum magnifolium,Urophyllum,Rubiaceae
29414,Urophyllum melanocarpum,Urophyllum,Rubiaceae
29415,Urophyllum micranthum,Urophyllum,Rubiaceae
29416,Urophyllum minutiflorum,Urophyllum,Rubiaceae
29418,Urophyllum nigricans,Urophyllum,Rubiaceae
29419,Urophyllum oligophlebium,Urophyllum,Rubiaceae
29420,Urophyllum pallidum,Urophyllum,Rubiaceae
29421,Urophyllum paniculatum,Urophyllum,Rubiaceae
29422,Urophyllum parvistipulum,Urophyllum,Rubiaceae
29424,Urophyllum pilosum,Urophyllum,Rubiaceae
29425,Urophyllum polyneurum,Urophyllum,Rubiaceae
29427,Urophyllum pubescens,Urophyllum,Rubiaceae
29431,Urophyllum rufescens,Urophyllum,Rubiaceae
29432,Urophyllum sintangense,Urophyllum,Rubiaceae
29433,Urophyllum streptopodium,Urophyllum,Rubiaceae
29434,Urophyllum strigosum,Urophyllum,Rubiaceae
29435,Urophyllum trifurcum,Urophyllum,Rubiaceae
29452,Utania cuspidata,Utania,Gentianaceae
29454,Utania montana,Utania,Gentianaceae
29455,Utania philippinensis,Utania,Gentianaceae
29456,Utania racemosa,Utania,Gentianaceae
29458,Utania stenophylla,Utania,Gentianaceae
29460,Utania volubilis,Utania,Gentianaceae
29461,Utania volubilis var. microcalyx,Utania,Gentianaceae
29462,Utricularia aurea,Utricularia,Lentibulariaceae
29464,Utricularia bifida,Utricularia,Lentibulariaceae
29465,Utricularia caerulea,Utricularia,Lentibulariaceae
29468,Utricularia gibba,Utricularia,Lentibulariaceae
29469,Utricularia hirta,Utricularia,Lentibulariaceae
29472,Utricularia minutissima,Utricularia,Lentibulariaceae
29475,Utricularia punctata,Utricularia,Lentibulariaceae
29476,Utricularia salwinensis,Utricularia,Lentibulariaceae
29479,Utricularia striatula,Utricularia,Lentibulariaceae
29480,Utricularia subulata,Utricularia,Lentibulariaceae
29481,Utricularia uliginosa,Utricularia,Lentibulariaceae
29482,Uvaria argentea,Uvaria,Annonaceae
29484,Uvaria borneensis,Uvaria,Annonaceae
29486,Uvaria clementis,Uvaria,Annonaceae
29487,Uvaria concava,Uvaria,Annonaceae
29488,Uvaria cuneifolia,Uvaria,Annonaceae
29489,Uvaria curtisii,Uvaria,Annonaceae
29490,Uvaria curvistipitata,Uvaria,Annonaceae
29492,Uvaria dulcis,Uvaria,Annonaceae
29493,Uvaria excelsa,Uvaria,Annonaceae
29495,Uvaria grandiflora,Uvaria,Annonaceae
29496,Uvaria griffithii,Uvaria,Annonaceae
29502,Uvaria littoralis,Uvaria,Annonaceae
29503,Uvaria lobbiana,Uvaria,Annonaceae
29505,Uvaria micrantha,Uvaria,Annonaceae
29506,Uvaria monticola,Uvaria,Annonaceae
29508,Uvaria ovata,Uvaria,Annonaceae
29510,Uvaria schefferi,Uvaria,Annonaceae
29515,Uvaria verrucosa,Uvaria,Annonaceae
29528,Vaccinium bancanum,Vaccinium,Ericaceae
29530,Vaccinium bancanum var. tenuinervium,Vaccinium,Ericaceae
29546,Vaccinium ceraceum,Vaccinium,Ericaceae
29548,Vaccinium cercidifolium,Vaccinium,Ericaceae
29549,Vaccinium claoxylon,Vaccinium,Ericaceae
29550,Vaccinium clementis,Vaccinium,Ericaceae
29556,Vaccinium coriaceum,Vaccinium,Ericaceae
29557,Vaccinium coriaceum var. hirsuticalyx,Vaccinium,Ericaceae
29558,Vaccinium coriaceum var. stapfianum,Vaccinium,Ericaceae
29559,Vaccinium costerifolium,Vaccinium,Ericaceae
29575,Vaccinium endertii,Vaccinium,Ericaceae
29603,Vaccinium laurifolium,Vaccinium,Ericaceae
29609,Vaccinium leptocladum,Vaccinium,Ericaceae
29625,Vaccinium mjoebergii,Vaccinium,Ericaceae
29640,Vaccinium phillippsiae,Vaccinium,Ericaceae
29641,Vaccinium phillyreoides,Vaccinium,Ericaceae
29647,Vaccinium retivenium,Vaccinium,Ericaceae
29658,Vaccinium simulans,Vaccinium,Ericaceae
29693,Vachellia farnesiana,Vachellia,Fabaceae
29700,Vaginularia emarginata,Vaginularia,Pteridaceae
29702,Valeriana hardwickei,Valeriana,Caprifoliaceae
29714,Vanda dearei,Vanda,Orchidaceae
29721,Vanda hastifera,Vanda,Orchidaceae
29725,Vanda insularum,Vanda,Orchidaceae
29731,Vanda miniata,Vanda,Orchidaceae
29734,Vanda saxatilis,Vanda,Orchidaceae
29738,Vanda tricolor,Vanda,Orchidaceae
29741,Vandellia elata,Vandellia,Linderniaceae
29750,Vanilla abundiflora,Vanilla,Orchidaceae
29751,Vanilla albida,Vanilla,Orchidaceae
29752,Vanilla aphylla,Vanilla,Orchidaceae
29753,Vanilla borneensis,Vanilla,Orchidaceae
29755,Vanilla griffithii,Vanilla,Orchidaceae
29756,Vanilla kinabaluensis,Vanilla,Orchidaceae
29767,Vatica albiramis,Vatica,Dipterocarpaceae
29768,Vatica badiifolia,Vatica,Dipterocarpaceae
29770,Vatica borneensis,Vatica,Dipterocarpaceae
29772,Vatica brunigii,Vatica,Dipterocarpaceae
29773,Vatica cauliflora,Vatica,Dipterocarpaceae
29774,Vatica chartacea,Vatica,Dipterocarpaceae
29775,Vatica chinensis,Vatica,Dipterocarpaceae
29777,Vatica congesta,Vatica,Dipterocarpaceae
29779,Vatica dulitensis,Vatica,Dipterocarpaceae
29780,Vatica endertii,Vatica,Dipterocarpaceae
29782,Vatica globosa,Vatica,Dipterocarpaceae
29783,Vatica granulata,Vatica,Dipterocarpaceae
29785,Vatica havilandii,Vatica,Dipterocarpaceae
29786,Vatica javanica,Vatica,Dipterocarpaceae
29787,Vatica javanica subsp. scaphifolia,Vatica,Dipterocarpaceae
29791,Vatica mangachapoi subsp. obtusifolia,Vatica,Dipterocarpaceae
29792,Vatica maritima,Vatica,Dipterocarpaceae
29793,Vatica micrantha,Vatica,Dipterocarpaceae
29794,Vatica nitens,Vatica,Dipterocarpaceae
29795,Vatica oblongifolia,Vatica,Dipterocarpaceae
29796,Vatica oblongifolia subsp. multinervosa,Vatica,Dipterocarpaceae
29798,Vatica odorata,Vatica,Dipterocarpaceae
29799,Vatica odorata subsp. mindanensis,Vatica,Dipterocarpaceae
29800,Vatica palungensis,Vatica,Dipterocarpaceae
29803,Vatica pentandra,Vatica,Dipterocarpaceae
29805,Vatica rassak,Vatica,Dipterocarpaceae
29807,Vatica rotata,Vatica,Dipterocarpaceae
29808,Vatica rynchocarpa,Vatica,Dipterocarpaceae
29814,Vatica venulosa,Vatica,Dipterocarpaceae
29816,Vatica vinosa,Vatica,Dipterocarpaceae
29817,Vavaea amicorum,Vavaea,Meliaceae
29818,Ventilago borneensis,Ventilago,Rhamnaceae
29819,Ventilago dichotoma,Ventilago,Rhamnaceae
29820,Ventilago ferruginea,Ventilago,Rhamnaceae
29821,Ventilago flavovirens,Ventilago,Rhamnaceae
29825,Ventilago malaccensis,Ventilago,Rhamnaceae
29833,Vernonia borneensis,Vernonia,Asteraceae
29860,Vernonia walshae,Vernonia,Asteraceae
29873,Viburnum amplificatum,Viburnum,Adoxaceae
29878,Viburnum cylindricum,Viburnum,Adoxaceae
29879,Viburnum hispidulum,Viburnum,Adoxaceae
29881,Viburnum lutescens,Viburnum,Adoxaceae
29888,Viburnum sambucinum,Viburnum,Adoxaceae
29890,Viburnum vernicosum,Viburnum,Adoxaceae
29899,Vigna hirtella,Vigna,Fabaceae
29900,Vigna hosei,Vigna,Fabaceae
29902,Vigna marina,Vigna,Fabaceae
29903,Vigna minima,Vigna,Fabaceae
29909,Vigna trilobata,Vigna,Fabaceae
29910,Vigna umbellata,Vigna,Fabaceae
29917,Vincetoxicum cissoides,Vincetoxicum,Apocynaceae
29920,Vincetoxicum exile,Vincetoxicum,Apocynaceae
29921,Vincetoxicum flexuosum,Vincetoxicum,Apocynaceae
29923,Vincetoxicum flexuosum var. tenuis,Vincetoxicum,Apocynaceae
29925,Vincetoxicum globiferum,Vincetoxicum,Apocynaceae
29951,Viola pilosa,Viola,Violaceae
29952,Viola rheophila,Viola,Violaceae
29960,Viscum articulatum,Viscum,Santalaceae
29965,Viscum orientale,Viscum,Santalaceae
29966,Viscum ovalifolium,Viscum,Santalaceae
29969,Viscum wrayi,Viscum,Santalaceae
29971,Vitex bicolor,Vitex,Lamiaceae
29974,Vitex gamosepala,Vitex,Lamiaceae
29975,Vitex glabrata,Vitex,Lamiaceae
29978,Vitex negundo,Vitex,Lamiaceae
29982,Vitex pinnata,Vitex,Lamiaceae
29983,Vitex quinata,Vitex,Lamiaceae
29987,Vitex trifolia,Vitex,Lamiaceae
29991,Vitex vestita,Vitex,Lamiaceae
30005,Voacanga foetida,Voacanga,Apocynaceae
30006,Voacanga grandifolia,Voacanga,Apocynaceae
30007,Voacanga havilandii,Voacanga,Apocynaceae
30008,Volkameria inermis,Volkameria,Lamiaceae
30011,Vrydagzynea angustisepala,Vrydagzynea,Orchidaceae
30019,Vrydagzynea endertii,Vrydagzynea,Orchidaceae
30028,Vrydagzynea pauciflora,Vrydagzynea,Orchidaceae
30029,Vrydagzynea pauciflora var. unistriata,Vrydagzynea,Orchidaceae
30032,Vrydagzynea semicordata,Vrydagzynea,Orchidaceae
30034,Vrydagzynea tilungensis,Vrydagzynea,Orchidaceae
30035,Vrydagzynea tristriata,Vrydagzynea,Orchidaceae
30048,Walsura dehiscens,Walsura,Meliaceae
30049,Walsura pachycaulon,Walsura,Meliaceae
30050,Walsura pinnata,Walsura,Meliaceae
30071,Wetria insignis,Wetria,Euphorbiaceae
30073,Whiteodendron moultonianum,Whiteodendron,Myrtaceae
30074,Whitfordiodendron erianthum,Whitfordiodendron,Fabaceae
30075,Whitfordiodendron nieuwenhuisii,Whitfordiodendron,Fabaceae
30078,Wightia borneensis,Wightia,Wightiaceae
30081,Wikstroemia androsaemifolia,Wikstroemia,Thymelaeaceae
30082,Wikstroemia indica,Wikstroemia,Thymelaeaceae
30085,Wikstroemia ovata,Wikstroemia,Thymelaeaceae
30087,Wikstroemia tenuiramis,Wikstroemia,Thymelaeaceae
30090,Willughbeia angustifolia,Willughbeia,Apocynaceae
30091,Willughbeia anomala,Willughbeia,Apocynaceae
30092,Willughbeia beccariana,Willughbeia,Apocynaceae
30094,Willughbeia coriacea,Willughbeia,Apocynaceae
30096,Willughbeia flavescens,Willughbeia,Apocynaceae
30097,Willughbeia gigantea,Willughbeia,Apocynaceae
30100,Willughbeia lanceolata,Willughbeia,Apocynaceae
30101,Willughbeia sarawacensis,Willughbeia,Apocynaceae
30109,Wollastonia biflora,Wollastonia,Asteraceae
30114,Woodfordia fruticosa,Woodfordia,Lythraceae
30121,Wrightia laevis,Wrightia,Apocynaceae
30122,Wrightia pubescens,Wrightia,Apocynaceae
30125,Wurfbainia bicorniculata,Wurfbainia,Zingiberaceae
30130,Wurfbainia staminidiva,Wurfbainia,Zingiberaceae
30131,Wurfbainia testacea,Wurfbainia,Zingiberaceae
30141,Xanthomyrtus flavida,Xanthomyrtus,Myrtaceae
30142,Xanthomyrtus flavida subsp. moultonii,Xanthomyrtus,Myrtaceae
30143,Xanthomyrtus flavida subsp. taxifolia,Xanthomyrtus,Myrtaceae
30157,Xanthophyllum adenotus,Xanthophyllum,Polygalaceae
30158,Xanthophyllum adenotus var. arsatii,Xanthophyllum,Polygalaceae
30159,Xanthophyllum albicaule,Xanthophyllum,Polygalaceae
30160,Xanthophyllum amoenum,Xanthophyllum,Polygalaceae
30162,Xanthophyllum beccarianum,Xanthophyllum,Polygalaceae
30163,Xanthophyllum borneense,Xanthophyllum,Polygalaceae
30164,Xanthophyllum brachystachyum,Xanthophyllum,Polygalaceae
30165,Xanthophyllum bracteatum,Xanthophyllum,Polygalaceae
30170,Xanthophyllum clovis,Xanthophyllum,Polygalaceae
30171,Xanthophyllum discolor,Xanthophyllum,Polygalaceae
30172,Xanthophyllum ecarinatum,Xanthophyllum,Polygalaceae
30173,Xanthophyllum ellipticum,Xanthophyllum,Polygalaceae
30175,Xanthophyllum eurhynchum,Xanthophyllum,Polygalaceae
30176,Xanthophyllum ferrugineum,Xanthophyllum,Polygalaceae
30177,Xanthophyllum flavescens,Xanthophyllum,Polygalaceae
30178,Xanthophyllum griffithii,Xanthophyllum,Polygalaceae
30179,Xanthophyllum griffithii var. angustifolium,Xanthophyllum,Polygalaceae
30180,Xanthophyllum griffithii var. papillosum,Xanthophyllum,Polygalaceae
30181,Xanthophyllum heterophyllum,Xanthophyllum,Polygalaceae
30182,Xanthophyllum impressum,Xanthophyllum,Polygalaceae
30184,Xanthophyllum inflatum,Xanthophyllum,Polygalaceae
30185,Xanthophyllum ionanthum,Xanthophyllum,Polygalaceae
30186,Xanthophyllum korthalsianum,Xanthophyllum,Polygalaceae
30190,Xanthophyllum macrophyllum,Xanthophyllum,Polygalaceae
30192,Xanthophyllum neglectum,Xanthophyllum,Polygalaceae
30195,Xanthophyllum nitidum,Xanthophyllum,Polygalaceae
30197,Xanthophyllum obscurum,Xanthophyllum,Polygalaceae
30199,Xanthophyllum pachycarpon,Xanthophyllum,Polygalaceae
30200,Xanthophyllum papuanum,Xanthophyllum,Polygalaceae
30201,Xanthophyllum pauciflorum,Xanthophyllum,Polygalaceae
30202,Xanthophyllum penibukanense,Xanthophyllum,Polygalaceae
30203,Xanthophyllum pseudoadenotus,Xanthophyllum,Polygalaceae
30204,Xanthophyllum pulchrum,Xanthophyllum,Polygalaceae
30205,Xanthophyllum pulchrum subsp. stapfii,Xanthophyllum,Polygalaceae
30206,Xanthophyllum purpureum,Xanthophyllum,Polygalaceae
30207,Xanthophyllum ramiflorum,Xanthophyllum,Polygalaceae
30208,Xanthophyllum resupinatum,Xanthophyllum,Polygalaceae
30209,Xanthophyllum reticulatum,Xanthophyllum,Polygalaceae
30210,Xanthophyllum rheophilum,Xanthophyllum,Polygalaceae
30211,Xanthophyllum rufum,Xanthophyllum,Polygalaceae
30212,Xanthophyllum schizocarpon,Xanthophyllum,Polygalaceae
30213,Xanthophyllum stipitatum,Xanthophyllum,Polygalaceae
30214,Xanthophyllum stipitatum var. glabrum,Xanthophyllum,Polygalaceae
30215,Xanthophyllum subcoriaceum,Xanthophyllum,Polygalaceae
30217,Xanthophyllum sylvestre,Xanthophyllum,Polygalaceae
30218,Xanthophyllum tenue,Xanthophyllum,Polygalaceae
30220,Xanthophyllum trichocladum,Xanthophyllum,Polygalaceae
30221,Xanthophyllum velutinum,Xanthophyllum,Polygalaceae
30222,Xanthophyllum vitellinum,Xanthophyllum,Polygalaceae
30224,Xanthophytum borneense,Xanthophytum,Rubiaceae
30225,Xanthophytum capitatum,Xanthophytum,Rubiaceae
30226,Xanthophytum cylindricum,Xanthophytum,Rubiaceae
30227,Xanthophytum ferrugineum,Xanthophytum,Rubiaceae
30228,Xanthophytum foliaceum,Xanthophytum,Rubiaceae
30229,Xanthophytum fruticulosum,Xanthophytum,Rubiaceae
30230,Xanthophytum glabrum,Xanthophytum,Rubiaceae
30231,Xanthophytum glomeratum,Xanthophytum,Rubiaceae
30233,Xanthophytum grandifolium,Xanthophytum,Rubiaceae
30234,Xanthophytum involucratum,Xanthophytum,Rubiaceae
30235,Xanthophytum johannis-winkleri,Xanthophytum,Rubiaceae
30236,Xanthophytum kinabaluense,Xanthophytum,Rubiaceae
30238,Xanthophytum olivaceum,Xanthophytum,Rubiaceae
30239,Xanthophytum pubistylosum,Xanthophytum,Rubiaceae
30240,Xanthophytum semiorbiculare,Xanthophytum,Rubiaceae
30243,Xanthosoma robustum,Xanthosoma,Araceae
30253,Xenostegia tridentata,Xenostegia,Convolvulaceae
30255,Xenostegia tridentata subsp. hastata,Xenostegia,Convolvulaceae
30257,Xerospermum laevigatum,Xerospermum,Sapindaceae
30258,Xerospermum laevigatum subsp. acuminatum,Xerospermum,Sapindaceae
30259,Xerospermum noronhianum,Xerospermum,Sapindaceae
30260,Ximenia americana,Ximenia,Ximeniaceae
30262,Xylocarpus granatum,Xylocarpus,Meliaceae
30263,Xylocarpus moluccensis,Xylocarpus,Meliaceae
30264,Xylocarpus rumphii,Xylocarpus,Meliaceae
30267,Xylopia caudata,Xylopia,Annonaceae
30268,Xylopia coriifolia,Xylopia,Annonaceae
30269,Xylopia dehiscens,Xylopia,Annonaceae
30271,Xylopia densifolia,Xylopia,Annonaceae
30272,Xylopia elliptica,Xylopia,Annonaceae
30273,Xylopia ferruginea,Xylopia,Annonaceae
30274,Xylopia fusca,Xylopia,Annonaceae
30275,Xylopia heterotricha,Xylopia,Annonaceae
30278,Xylopia malayana,Xylopia,Annonaceae
30280,Xylopia mucronata,Xylopia,Annonaceae
30281,Xylopia ngii,Xylopia,Annonaceae
30286,Xylopia pulchella,Xylopia,Annonaceae
30287,Xylopia sumatrana,Xylopia,Annonaceae
30291,Xylosma sumatrana,Xylosma,Salicaceae
30292,Xyris anceps,Xyris,Xyridaceae
30293,Xyris bancana,Xyris,Xyridaceae
30294,Xyris borneensis,Xyris,Xyridaceae
30296,Xyris complanata,Xyris,Xyridaceae
30299,Xyris lobbii,Xyris,Xyridaceae
30301,Xyris pauciflora,Xyris,Xyridaceae
30302,Yamazakia pusilla,Yamazakia,Linderniaceae
30303,Yamazakia viscosa,Yamazakia,Linderniaceae
30305,Youngia japonica,Youngia,Asteraceae
30310,Zanonia indica,Zanonia,Cucurbitaceae
30311,Zanonia indica subsp. orientalis,Zanonia,Cucurbitaceae
30312,Zanonia indica var. paludosa,Zanonia,Cucurbitaceae
30325,Zanthoxylum nitidum,Zanthoxylum,Rutaceae
30329,Zanthoxylum retroflexum,Zanthoxylum,Rutaceae
30331,Zanthoxylum rhetsa,Zanthoxylum,Rutaceae
30345,Zehneria leucocarpa,Zehneria,Cucurbitaceae
30347,Zehneria maysorensis,Zehneria,Cucurbitaceae
30348,Zehneria mucronata,Zehneria,Cucurbitaceae
30350,Zehneria odorata,Zehneria,Cucurbitaceae
30362,Zeuxine kutaiensis,Zeuxine,Orchidaceae
30364,Zeuxine parviflora,Zeuxine,Orchidaceae
30365,Zeuxine petakensis,Zeuxine,Orchidaceae
30367,Zeuxine purpurascens,Zeuxine,Orchidaceae
30372,Zeuxine violascens,Zeuxine,Orchidaceae
30373,Zeuxine viridiflora,Zeuxine,Orchidaceae
30375,Zingiber acuminatum,Zingiber,Zingiberaceae
30376,Zingiber acuminatum var. borneense,Zingiber,Zingiberaceae
30378,Zingiber chlorobracteatum,Zingiber,Zingiberaceae
30379,Zingiber chrysostachys,Zingiber,Zingiberaceae
30385,Zingiber griffithii,Zingiber,Zingiberaceae
30387,Zingiber kelabitianum,Zingiber,Zingiberaceae
30389,Zingiber leptostachyum,Zingiber,Zingiberaceae
30391,Zingiber longipedunculatum,Zingiber,Zingiberaceae
30397,Zingiber montanum,Zingiber,Zingiberaceae
30399,Zingiber neglectum,Zingiber,Zingiberaceae
30401,Zingiber odoriferum var. borneense,Zingiber,Zingiberaceae
30403,Zingiber pachysiphon,Zingiber,Zingiberaceae
30405,Zingiber puberulum var. borneense,Zingiber,Zingiberaceae
30409,Zingiber stenostachys,Zingiber,Zingiberaceae
30413,Zingiber zerumbet,Zingiber,Zingiberaceae
30414,Zippelia begoniifolia,Zippelia,Piperaceae
30416,Ziziphus affinis,Ziziphus,Rhamnaceae
30418,Ziziphus angustifolia,Ziziphus,Rhamnaceae
30419,Ziziphus borneensis,Ziziphus,Rhamnaceae
30420,Ziziphus calophylla,Ziziphus,Rhamnaceae
30421,Ziziphus crebrivenosa,Ziziphus,Rhamnaceae
30424,Ziziphus havilandii,Ziziphus,Rhamnaceae
30425,Ziziphus horsfieldii,Ziziphus,Rhamnaceae
30428,Ziziphus kunstleri,Ziziphus,Rhamnaceae
30430,Ziziphus mauritiana,Ziziphus,Rhamnaceae
30437,Ziziphus suluensis,Ziziphus,Rhamnaceae
30451,Zoysia matrella,Zoysia,Poaceae
30452,Zuccarinia macrophylla,Zuccarinia,Rubiaceae